clip_id,source,model,profile,prompt_id,pattern,register,technique,technique_keyswitch,dynamic_label,cc1_initial,cc1_final,branch_offset_s,seed,base_seed,noise_group,replicate,w_tech,w_cc,reference_midi,single_pitch,note_onset_s,midi_path,audio_path,status
long_low-rep01__t-sustain__d-p__p-constant,model,VIOLET,constant,long_low,long,low,sustain,36,p,32,32,,7205373261057901599,20260826,long_low-rep01,1,1.0,1.0,57.0,True,0.75,data/midi/full/model/long_low-rep01__t-sustain__d-p__p-constant.mid,data/model_audio/long_low-rep01__t-sustain__d-p__p-constant.wav,planned
long_low-rep02__t-sustain__d-p__p-constant,model,VIOLET,constant,long_low,long,low,sustain,36,p,32,32,,1815553047142385832,20260826,long_low-rep02,2,1.0,1.0,57.0,True,0.75,data/midi/full/model/long_low-rep02__t-sustain__d-p__p-constant.mid,data/model_audio/long_low-rep02__t-sustain__d-p__p-constant.wav,planned
long_low-rep03__t-sustain__d-p__p-constant,model,VIOLET,constant,long_low,long,low,sustain,36,p,32,32,,2945143834683193329,20260826,long_low-rep03,3,1.0,1.0,57.0,True,0.75,data/midi/full/model/long_low-rep03__t-sustain__d-p__p-constant.mid,data/model_audio/long_low-rep03__t-sustain__d-p__p-constant.wav,planned
long_low-rep04__t-sustain__d-p__p-constant,model,VIOLET,constant,long_low,long,low,sustain,36,p,32,32,,8133573275731123130,20260826,long_low-rep04,4,1.0,1.0,57.0,True,0.75,data/midi/full/model/long_low-rep04__t-sustain__d-p__p-constant.mid,data/model_audio/long_low-rep04__t-sustain__d-p__p-constant.wav,planned
long_low-rep05__t-sustain__d-p__p-constant,model,VIOLET,constant,long_low,long,low,sustain,36,p,32,32,,6474818733622293965,20260826,long_low-rep05,5,1.0,1.0,57.0,True,0.75,data/midi/full/model/long_low-rep05__t-sustain__d-p__p-constant.mid,data/model_audio/long_low-rep05__t-sustain__d-p__p-constant.wav,planned
long_low-rep01__t-sustain__d-mf__p-constant,model,VIOLET,constant,long_low,long,low,sustain,36,mf,64,64,,7205373261057901599,20260826,long_low-rep01,1,1.0,1.0,57.0,True,0.75,data/midi/full/model/long_low-rep01__t-sustain__d-mf__p-constant.mid,data/model_audio/long_low-rep01__t-sustain__d-mf__p-constant.wav,planned
long_low-rep02__t-sustain__d-mf__p-constant,model,VIOLET,constant,long_low,long,low,sustain,36,mf,64,64,,1815553047142385832,20260826,long_low-rep02,2,1.0,1.0,57.0,True,0.75,data/midi/full/model/long_low-rep02__t-sustain__d-mf__p-constant.mid,data/model_audio/long_low-rep02__t-sustain__d-mf__p-constant.wav,planned
long_low-rep03__t-sustain__d-mf__p-constant,model,VIOLET,constant,long_low,long,low,sustain,36,mf,64,64,,2945143834683193329,20260826,long_low-rep03,3,1.0,1.0,57.0,True,0.75,data/midi/full/model/long_low-rep03__t-sustain__d-mf__p-constant.mid,data/model_audio/long_low-rep03__t-sustain__d-mf__p-constant.wav,planned
long_low-rep04__t-sustain__d-mf__p-constant,model,VIOLET,constant,long_low,long,low,sustain,36,mf,64,64,,8133573275731123130,20260826,long_low-rep04,4,1.0,1.0,57.0,True,0.75,data/midi/full/model/long_low-rep04__t-sustain__d-mf__p-constant.mid,data/model_audio/long_low-rep04__t-sustain__d-mf__p-constant.wav,planned
long_low-rep05__t-sustain__d-mf__p-constant,model,VIOLET,constant,long_low,long,low,sustain,36,mf,64,64,,6474818733622293965,20260826,long_low-rep05,5,1.0,1.0,57.0,True,0.75,data/midi/full/model/long_low-rep05__t-sustain__d-mf__p-constant.mid,data/model_audio/long_low-rep05__t-sustain__d-mf__p-constant.wav,planned
long_low-rep01__t-sustain__d-f__p-constant,model,VIOLET,constant,long_low,long,low,sustain,36,f,96,96,,7205373261057901599,20260826,long_low-rep01,1,1.0,1.0,57.0,True,0.75,data/midi/full/model/long_low-rep01__t-sustain__d-f__p-constant.mid,data/model_audio/long_low-rep01__t-sustain__d-f__p-constant.wav,planned
long_low-rep02__t-sustain__d-f__p-constant,model,VIOLET,constant,long_low,long,low,sustain,36,f,96,96,,1815553047142385832,20260826,long_low-rep02,2,1.0,1.0,57.0,True,0.75,data/midi/full/model/long_low-rep02__t-sustain__d-f__p-constant.mid,data/model_audio/long_low-rep02__t-sustain__d-f__p-constant.wav,planned
long_low-rep03__t-sustain__d-f__p-constant,model,VIOLET,constant,long_low,long,low,sustain,36,f,96,96,,2945143834683193329,20260826,long_low-rep03,3,1.0,1.0,57.0,True,0.75,data/midi/full/model/long_low-rep03__t-sustain__d-f__p-constant.mid,data/model_audio/long_low-rep03__t-sustain__d-f__p-constant.wav,planned
long_low-rep04__t-sustain__d-f__p-constant,model,VIOLET,constant,long_low,long,low,sustain,36,f,96,96,,8133573275731123130,20260826,long_low-rep04,4,1.0,1.0,57.0,True,0.75,data/midi/full/model/long_low-rep04__t-sustain__d-f__p-constant.mid,data/model_audio/long_low-rep04__t-sustain__d-f__p-constant.wav,planned
long_low-rep05__t-sustain__d-f__p-constant,model,VIOLET,constant,long_low,long,low,sustain,36,f,96,96,,6474818733622293965,20260826,long_low-rep05,5,1.0,1.0,57.0,True,0.75,data/midi/full/model/long_low-rep05__t-sustain__d-f__p-constant.mid,data/model_audio/long_low-rep05__t-sustain__d-f__p-constant.wav,planned
long_low-rep01__t-staccato__d-p__p-constant,model,VIOLET,constant,long_low,long,low,staccato,40,p,32,32,,7205373261057901599,20260826,long_low-rep01,1,1.0,1.0,57.0,True,0.75,data/midi/full/model/long_low-rep01__t-staccato__d-p__p-constant.mid,data/model_audio/long_low-rep01__t-staccato__d-p__p-constant.wav,planned
long_low-rep02__t-staccato__d-p__p-constant,model,VIOLET,constant,long_low,long,low,staccato,40,p,32,32,,1815553047142385832,20260826,long_low-rep02,2,1.0,1.0,57.0,True,0.75,data/midi/full/model/long_low-rep02__t-staccato__d-p__p-constant.mid,data/model_audio/long_low-rep02__t-staccato__d-p__p-constant.wav,planned
long_low-rep03__t-staccato__d-p__p-constant,model,VIOLET,constant,long_low,long,low,staccato,40,p,32,32,,2945143834683193329,20260826,long_low-rep03,3,1.0,1.0,57.0,True,0.75,data/midi/full/model/long_low-rep03__t-staccato__d-p__p-constant.mid,data/model_audio/long_low-rep03__t-staccato__d-p__p-constant.wav,planned
long_low-rep04__t-staccato__d-p__p-constant,model,VIOLET,constant,long_low,long,low,staccato,40,p,32,32,,8133573275731123130,20260826,long_low-rep04,4,1.0,1.0,57.0,True,0.75,data/midi/full/model/long_low-rep04__t-staccato__d-p__p-constant.mid,data/model_audio/long_low-rep04__t-staccato__d-p__p-constant.wav,planned
long_low-rep05__t-staccato__d-p__p-constant,model,VIOLET,constant,long_low,long,low,staccato,40,p,32,32,,6474818733622293965,20260826,long_low-rep05,5,1.0,1.0,57.0,True,0.75,data/midi/full/model/long_low-rep05__t-staccato__d-p__p-constant.mid,data/model_audio/long_low-rep05__t-staccato__d-p__p-constant.wav,planned
long_low-rep01__t-staccato__d-mf__p-constant,model,VIOLET,constant,long_low,long,low,staccato,40,mf,64,64,,7205373261057901599,20260826,long_low-rep01,1,1.0,1.0,57.0,True,0.75,data/midi/full/model/long_low-rep01__t-staccato__d-mf__p-constant.mid,data/model_audio/long_low-rep01__t-staccato__d-mf__p-constant.wav,planned
long_low-rep02__t-staccato__d-mf__p-constant,model,VIOLET,constant,long_low,long,low,staccato,40,mf,64,64,,1815553047142385832,20260826,long_low-rep02,2,1.0,1.0,57.0,True,0.75,data/midi/full/model/long_low-rep02__t-staccato__d-mf__p-constant.mid,data/model_audio/long_low-rep02__t-staccato__d-mf__p-constant.wav,planned
long_low-rep03__t-staccato__d-mf__p-constant,model,VIOLET,constant,long_low,long,low,staccato,40,mf,64,64,,2945143834683193329,20260826,long_low-rep03,3,1.0,1.0,57.0,True,0.75,data/midi/full/model/long_low-rep03__t-staccato__d-mf__p-constant.mid,data/model_audio/long_low-rep03__t-staccato__d-mf__p-constant.wav,planned
long_low-rep04__t-staccato__d-mf__p-constant,model,VIOLET,constant,long_low,long,low,staccato,40,mf,64,64,,8133573275731123130,20260826,long_low-rep04,4,1.0,1.0,57.0,True,0.75,data/midi/full/model/long_low-rep04__t-staccato__d-mf__p-constant.mid,data/model_audio/long_low-rep04__t-staccato__d-mf__p-constant.wav,planned
long_low-rep05__t-staccato__d-mf__p-constant,model,VIOLET,constant,long_low,long,low,staccato,40,mf,64,64,,6474818733622293965,20260826,long_low-rep05,5,1.0,1.0,57.0,True,0.75,data/midi/full/model/long_low-rep05__t-staccato__d-mf__p-constant.mid,data/model_audio/long_low-rep05__t-staccato__d-mf__p-constant.wav,planned
long_low-rep01__t-staccato__d-f__p-constant,model,VIOLET,constant,long_low,long,low,staccato,40,f,96,96,,7205373261057901599,20260826,long_low-rep01,1,1.0,1.0,57.0,True,0.75,data/midi/full/model/long_low-rep01__t-staccato__d-f__p-constant.mid,data/model_audio/long_low-rep01__t-staccato__d-f__p-constant.wav,planned
long_low-rep02__t-staccato__d-f__p-constant,model,VIOLET,constant,long_low,long,low,staccato,40,f,96,96,,1815553047142385832,20260826,long_low-rep02,2,1.0,1.0,57.0,True,0.75,data/midi/full/model/long_low-rep02__t-staccato__d-f__p-constant.mid,data/model_audio/long_low-rep02__t-staccato__d-f__p-constant.wav,planned
long_low-rep03__t-staccato__d-f__p-constant,model,VIOLET,constant,long_low,long,low,staccato,40,f,96,96,,2945143834683193329,20260826,long_low-rep03,3,1.0,1.0,57.0,True,0.75,data/midi/full/model/long_low-rep03__t-staccato__d-f__p-constant.mid,data/model_audio/long_low-rep03__t-staccato__d-f__p-constant.wav,planned
long_low-rep04__t-staccato__d-f__p-constant,model,VIOLET,constant,long_low,long,low,staccato,40,f,96,96,,8133573275731123130,20260826,long_low-rep04,4,1.0,1.0,57.0,True,0.75,data/midi/full/model/long_low-rep04__t-staccato__d-f__p-constant.mid,data/model_audio/long_low-rep04__t-staccato__d-f__p-constant.wav,planned
long_low-rep05__t-staccato__d-f__p-constant,model,VIOLET,constant,long_low,long,low,staccato,40,f,96,96,,6474818733622293965,20260826,long_low-rep05,5,1.0,1.0,57.0,True,0.75,data/midi/full/model/long_low-rep05__t-staccato__d-f__p-constant.mid,data/model_audio/long_low-rep05__t-staccato__d-f__p-constant.wav,planned
long_low-rep01__t-pizzicato__d-p__p-constant,model,VIOLET,constant,long_low,long,low,pizzicato,43,p,32,32,,7205373261057901599,20260826,long_low-rep01,1,1.0,1.0,57.0,True,0.75,data/midi/full/model/long_low-rep01__t-pizzicato__d-p__p-constant.mid,data/model_audio/long_low-rep01__t-pizzicato__d-p__p-constant.wav,planned
long_low-rep02__t-pizzicato__d-p__p-constant,model,VIOLET,constant,long_low,long,low,pizzicato,43,p,32,32,,1815553047142385832,20260826,long_low-rep02,2,1.0,1.0,57.0,True,0.75,data/midi/full/model/long_low-rep02__t-pizzicato__d-p__p-constant.mid,data/model_audio/long_low-rep02__t-pizzicato__d-p__p-constant.wav,planned
long_low-rep03__t-pizzicato__d-p__p-constant,model,VIOLET,constant,long_low,long,low,pizzicato,43,p,32,32,,2945143834683193329,20260826,long_low-rep03,3,1.0,1.0,57.0,True,0.75,data/midi/full/model/long_low-rep03__t-pizzicato__d-p__p-constant.mid,data/model_audio/long_low-rep03__t-pizzicato__d-p__p-constant.wav,planned
long_low-rep04__t-pizzicato__d-p__p-constant,model,VIOLET,constant,long_low,long,low,pizzicato,43,p,32,32,,8133573275731123130,20260826,long_low-rep04,4,1.0,1.0,57.0,True,0.75,data/midi/full/model/long_low-rep04__t-pizzicato__d-p__p-constant.mid,data/model_audio/long_low-rep04__t-pizzicato__d-p__p-constant.wav,planned
long_low-rep05__t-pizzicato__d-p__p-constant,model,VIOLET,constant,long_low,long,low,pizzicato,43,p,32,32,,6474818733622293965,20260826,long_low-rep05,5,1.0,1.0,57.0,True,0.75,data/midi/full/model/long_low-rep05__t-pizzicato__d-p__p-constant.mid,data/model_audio/long_low-rep05__t-pizzicato__d-p__p-constant.wav,planned
long_low-rep01__t-pizzicato__d-mf__p-constant,model,VIOLET,constant,long_low,long,low,pizzicato,43,mf,64,64,,7205373261057901599,20260826,long_low-rep01,1,1.0,1.0,57.0,True,0.75,data/midi/full/model/long_low-rep01__t-pizzicato__d-mf__p-constant.mid,data/model_audio/long_low-rep01__t-pizzicato__d-mf__p-constant.wav,planned
long_low-rep02__t-pizzicato__d-mf__p-constant,model,VIOLET,constant,long_low,long,low,pizzicato,43,mf,64,64,,1815553047142385832,20260826,long_low-rep02,2,1.0,1.0,57.0,True,0.75,data/midi/full/model/long_low-rep02__t-pizzicato__d-mf__p-constant.mid,data/model_audio/long_low-rep02__t-pizzicato__d-mf__p-constant.wav,planned
long_low-rep03__t-pizzicato__d-mf__p-constant,model,VIOLET,constant,long_low,long,low,pizzicato,43,mf,64,64,,2945143834683193329,20260826,long_low-rep03,3,1.0,1.0,57.0,True,0.75,data/midi/full/model/long_low-rep03__t-pizzicato__d-mf__p-constant.mid,data/model_audio/long_low-rep03__t-pizzicato__d-mf__p-constant.wav,planned
long_low-rep04__t-pizzicato__d-mf__p-constant,model,VIOLET,constant,long_low,long,low,pizzicato,43,mf,64,64,,8133573275731123130,20260826,long_low-rep04,4,1.0,1.0,57.0,True,0.75,data/midi/full/model/long_low-rep04__t-pizzicato__d-mf__p-constant.mid,data/model_audio/long_low-rep04__t-pizzicato__d-mf__p-constant.wav,planned
long_low-rep05__t-pizzicato__d-mf__p-constant,model,VIOLET,constant,long_low,long,low,pizzicato,43,mf,64,64,,6474818733622293965,20260826,long_low-rep05,5,1.0,1.0,57.0,True,0.75,data/midi/full/model/long_low-rep05__t-pizzicato__d-mf__p-constant.mid,data/model_audio/long_low-rep05__t-pizzicato__d-mf__p-constant.wav,planned
long_low-rep01__t-pizzicato__d-f__p-constant,model,VIOLET,constant,long_low,long,low,pizzicato,43,f,96,96,,7205373261057901599,20260826,long_low-rep01,1,1.0,1.0,57.0,True,0.75,data/midi/full/model/long_low-rep01__t-pizzicato__d-f__p-constant.mid,data/model_audio/long_low-rep01__t-pizzicato__d-f__p-constant.wav,planned
long_low-rep02__t-pizzicato__d-f__p-constant,model,VIOLET,constant,long_low,long,low,pizzicato,43,f,96,96,,1815553047142385832,20260826,long_low-rep02,2,1.0,1.0,57.0,True,0.75,data/midi/full/model/long_low-rep02__t-pizzicato__d-f__p-constant.mid,data/model_audio/long_low-rep02__t-pizzicato__d-f__p-constant.wav,planned
long_low-rep03__t-pizzicato__d-f__p-constant,model,VIOLET,constant,long_low,long,low,pizzicato,43,f,96,96,,2945143834683193329,20260826,long_low-rep03,3,1.0,1.0,57.0,True,0.75,data/midi/full/model/long_low-rep03__t-pizzicato__d-f__p-constant.mid,data/model_audio/long_low-rep03__t-pizzicato__d-f__p-constant.wav,planned
long_low-rep04__t-pizzicato__d-f__p-constant,model,VIOLET,constant,long_low,long,low,pizzicato,43,f,96,96,,8133573275731123130,20260826,long_low-rep04,4,1.0,1.0,57.0,True,0.75,data/midi/full/model/long_low-rep04__t-pizzicato__d-f__p-constant.mid,data/model_audio/long_low-rep04__t-pizzicato__d-f__p-constant.wav,planned
long_low-rep05__t-pizzicato__d-f__p-constant,model,VIOLET,constant,long_low,long,low,pizzicato,43,f,96,96,,6474818733622293965,20260826,long_low-rep05,5,1.0,1.0,57.0,True,0.75,data/midi/full/model/long_low-rep05__t-pizzicato__d-f__p-constant.mid,data/model_audio/long_low-rep05__t-pizzicato__d-f__p-constant.wav,planned
long_low-rep01__t-legato_slur__d-p__p-constant,model,VIOLET,constant,long_low,long,low,legato_slur,49,p,32,32,,7205373261057901599,20260826,long_low-rep01,1,1.0,1.0,57.0,True,0.75,data/midi/full/model/long_low-rep01__t-legato_slur__d-p__p-constant.mid,data/model_audio/long_low-rep01__t-legato_slur__d-p__p-constant.wav,planned
long_low-rep02__t-legato_slur__d-p__p-constant,model,VIOLET,constant,long_low,long,low,legato_slur,49,p,32,32,,1815553047142385832,20260826,long_low-rep02,2,1.0,1.0,57.0,True,0.75,data/midi/full/model/long_low-rep02__t-legato_slur__d-p__p-constant.mid,data/model_audio/long_low-rep02__t-legato_slur__d-p__p-constant.wav,planned
long_low-rep03__t-legato_slur__d-p__p-constant,model,VIOLET,constant,long_low,long,low,legato_slur,49,p,32,32,,2945143834683193329,20260826,long_low-rep03,3,1.0,1.0,57.0,True,0.75,data/midi/full/model/long_low-rep03__t-legato_slur__d-p__p-constant.mid,data/model_audio/long_low-rep03__t-legato_slur__d-p__p-constant.wav,planned
long_low-rep04__t-legato_slur__d-p__p-constant,model,VIOLET,constant,long_low,long,low,legato_slur,49,p,32,32,,8133573275731123130,20260826,long_low-rep04,4,1.0,1.0,57.0,True,0.75,data/midi/full/model/long_low-rep04__t-legato_slur__d-p__p-constant.mid,data/model_audio/long_low-rep04__t-legato_slur__d-p__p-constant.wav,planned
long_low-rep05__t-legato_slur__d-p__p-constant,model,VIOLET,constant,long_low,long,low,legato_slur,49,p,32,32,,6474818733622293965,20260826,long_low-rep05,5,1.0,1.0,57.0,True,0.75,data/midi/full/model/long_low-rep05__t-legato_slur__d-p__p-constant.mid,data/model_audio/long_low-rep05__t-legato_slur__d-p__p-constant.wav,planned
long_low-rep01__t-legato_slur__d-mf__p-constant,model,VIOLET,constant,long_low,long,low,legato_slur,49,mf,64,64,,7205373261057901599,20260826,long_low-rep01,1,1.0,1.0,57.0,True,0.75,data/midi/full/model/long_low-rep01__t-legato_slur__d-mf__p-constant.mid,data/model_audio/long_low-rep01__t-legato_slur__d-mf__p-constant.wav,planned
long_low-rep02__t-legato_slur__d-mf__p-constant,model,VIOLET,constant,long_low,long,low,legato_slur,49,mf,64,64,,1815553047142385832,20260826,long_low-rep02,2,1.0,1.0,57.0,True,0.75,data/midi/full/model/long_low-rep02__t-legato_slur__d-mf__p-constant.mid,data/model_audio/long_low-rep02__t-legato_slur__d-mf__p-constant.wav,planned
long_low-rep03__t-legato_slur__d-mf__p-constant,model,VIOLET,constant,long_low,long,low,legato_slur,49,mf,64,64,,2945143834683193329,20260826,long_low-rep03,3,1.0,1.0,57.0,True,0.75,data/midi/full/model/long_low-rep03__t-legato_slur__d-mf__p-constant.mid,data/model_audio/long_low-rep03__t-legato_slur__d-mf__p-constant.wav,planned
long_low-rep04__t-legato_slur__d-mf__p-constant,model,VIOLET,constant,long_low,long,low,legato_slur,49,mf,64,64,,8133573275731123130,20260826,long_low-rep04,4,1.0,1.0,57.0,True,0.75,data/midi/full/model/long_low-rep04__t-legato_slur__d-mf__p-constant.mid,data/model_audio/long_low-rep04__t-legato_slur__d-mf__p-constant.wav,planned
long_low-rep05__t-legato_slur__d-mf__p-constant,model,VIOLET,constant,long_low,long,low,legato_slur,49,mf,64,64,,6474818733622293965,20260826,long_low-rep05,5,1.0,1.0,57.0,True,0.75,data/midi/full/model/long_low-rep05__t-legato_slur__d-mf__p-constant.mid,data/model_audio/long_low-rep05__t-legato_slur__d-mf__p-constant.wav,planned
long_low-rep01__t-legato_slur__d-f__p-constant,model,VIOLET,constant,long_low,long,low,legato_slur,49,f,96,96,,7205373261057901599,20260826,long_low-rep01,1,1.0,1.0,57.0,True,0.75,data/midi/full/model/long_low-rep01__t-legato_slur__d-f__p-constant.mid,data/model_audio/long_low-rep01__t-legato_slur__d-f__p-constant.wav,planned
long_low-rep02__t-legato_slur__d-f__p-constant,model,VIOLET,constant,long_low,long,low,legato_slur,49,f,96,96,,1815553047142385832,20260826,long_low-rep02,2,1.0,1.0,57.0,True,0.75,data/midi/full/model/long_low-rep02__t-legato_slur__d-f__p-constant.mid,data/model_audio/long_low-rep02__t-legato_slur__d-f__p-constant.wav,planned
long_low-rep03__t-legato_slur__d-f__p-constant,model,VIOLET,constant,long_low,long,low,legato_slur,49,f,96,96,,2945143834683193329,20260826,long_low-rep03,3,1.0,1.0,57.0,True,0.75,data/midi/full/model/long_low-rep03__t-legato_slur__d-f__p-constant.mid,data/model_audio/long_low-rep03__t-legato_slur__d-f__p-constant.wav,planned
long_low-rep04__t-legato_slur__d-f__p-constant,model,VIOLET,constant,long_low,long,low,legato_slur,49,f,96,96,,8133573275731123130,20260826,long_low-rep04,4,1.0,1.0,57.0,True,0.75,data/midi/full/model/long_low-rep04__t-legato_slur__d-f__p-constant.mid,data/model_audio/long_low-rep04__t-legato_slur__d-f__p-constant.wav,planned
long_low-rep05__t-legato_slur__d-f__p-constant,model,VIOLET,constant,long_low,long,low,legato_slur,49,f,96,96,,6474818733622293965,20260826,long_low-rep05,5,1.0,1.0,57.0,True,0.75,data/midi/full/model/long_low-rep05__t-legato_slur__d-f__p-constant.mid,data/model_audio/long_low-rep05__t-legato_slur__d-f__p-constant.wav,planned
long_mid-rep01__t-sustain__d-p__p-constant,model,VIOLET,constant,long_mid,long,mid,sustain,36,p,32,32,,2414620467749426856,20260826,long_mid-rep01,1,1.0,1.0,69.0,True,0.75,data/midi/full/model/long_mid-rep01__t-sustain__d-p__p-constant.mid,data/model_audio/long_mid-rep01__t-sustain__d-p__p-constant.wav,planned
long_mid-rep02__t-sustain__d-p__p-constant,model,VIOLET,constant,long_mid,long,mid,sustain,36,p,32,32,,3846867439791281892,20260826,long_mid-rep02,2,1.0,1.0,69.0,True,0.75,data/midi/full/model/long_mid-rep02__t-sustain__d-p__p-constant.mid,data/model_audio/long_mid-rep02__t-sustain__d-p__p-constant.wav,planned
long_mid-rep03__t-sustain__d-p__p-constant,model,VIOLET,constant,long_mid,long,mid,sustain,36,p,32,32,,548595801488613714,20260826,long_mid-rep03,3,1.0,1.0,69.0,True,0.75,data/midi/full/model/long_mid-rep03__t-sustain__d-p__p-constant.mid,data/model_audio/long_mid-rep03__t-sustain__d-p__p-constant.wav,planned
long_mid-rep04__t-sustain__d-p__p-constant,model,VIOLET,constant,long_mid,long,mid,sustain,36,p,32,32,,9129420224803651025,20260826,long_mid-rep04,4,1.0,1.0,69.0,True,0.75,data/midi/full/model/long_mid-rep04__t-sustain__d-p__p-constant.mid,data/model_audio/long_mid-rep04__t-sustain__d-p__p-constant.wav,planned
long_mid-rep05__t-sustain__d-p__p-constant,model,VIOLET,constant,long_mid,long,mid,sustain,36,p,32,32,,6883317994501214753,20260826,long_mid-rep05,5,1.0,1.0,69.0,True,0.75,data/midi/full/model/long_mid-rep05__t-sustain__d-p__p-constant.mid,data/model_audio/long_mid-rep05__t-sustain__d-p__p-constant.wav,planned
long_mid-rep01__t-sustain__d-mf__p-constant,model,VIOLET,constant,long_mid,long,mid,sustain,36,mf,64,64,,2414620467749426856,20260826,long_mid-rep01,1,1.0,1.0,69.0,True,0.75,data/midi/full/model/long_mid-rep01__t-sustain__d-mf__p-constant.mid,data/model_audio/long_mid-rep01__t-sustain__d-mf__p-constant.wav,planned
long_mid-rep02__t-sustain__d-mf__p-constant,model,VIOLET,constant,long_mid,long,mid,sustain,36,mf,64,64,,3846867439791281892,20260826,long_mid-rep02,2,1.0,1.0,69.0,True,0.75,data/midi/full/model/long_mid-rep02__t-sustain__d-mf__p-constant.mid,data/model_audio/long_mid-rep02__t-sustain__d-mf__p-constant.wav,planned
long_mid-rep03__t-sustain__d-mf__p-constant,model,VIOLET,constant,long_mid,long,mid,sustain,36,mf,64,64,,548595801488613714,20260826,long_mid-rep03,3,1.0,1.0,69.0,True,0.75,data/midi/full/model/long_mid-rep03__t-sustain__d-mf__p-constant.mid,data/model_audio/long_mid-rep03__t-sustain__d-mf__p-constant.wav,planned
long_mid-rep04__t-sustain__d-mf__p-constant,model,VIOLET,constant,long_mid,long,mid,sustain,36,mf,64,64,,9129420224803651025,20260826,long_mid-rep04,4,1.0,1.0,69.0,True,0.75,data/midi/full/model/long_mid-rep04__t-sustain__d-mf__p-constant.mid,data/model_audio/long_mid-rep04__t-sustain__d-mf__p-constant.wav,planned
long_mid-rep05__t-sustain__d-mf__p-constant,model,VIOLET,constant,long_mid,long,mid,sustain,36,mf,64,64,,6883317994501214753,20260826,long_mid-rep05,5,1.0,1.0,69.0,True,0.75,data/midi/full/model/long_mid-rep05__t-sustain__d-mf__p-constant.mid,data/model_audio/long_mid-rep05__t-sustain__d-mf__p-constant.wav,planned
long_mid-rep01__t-sustain__d-f__p-constant,model,VIOLET,constant,long_mid,long,mid,sustain,36,f,96,96,,2414620467749426856,20260826,long_mid-rep01,1,1.0,1.0,69.0,True,0.75,data/midi/full/model/long_mid-rep01__t-sustain__d-f__p-constant.mid,data/model_audio/long_mid-rep01__t-sustain__d-f__p-constant.wav,planned
long_mid-rep02__t-sustain__d-f__p-constant,model,VIOLET,constant,long_mid,long,mid,sustain,36,f,96,96,,3846867439791281892,20260826,long_mid-rep02,2,1.0,1.0,69.0,True,0.75,data/midi/full/model/long_mid-rep02__t-sustain__d-f__p-constant.mid,data/model_audio/long_mid-rep02__t-sustain__d-f__p-constant.wav,planned
long_mid-rep03__t-sustain__d-f__p-constant,model,VIOLET,constant,long_mid,long,mid,sustain,36,f,96,96,,548595801488613714,20260826,long_mid-rep03,3,1.0,1.0,69.0,True,0.75,data/midi/full/model/long_mid-rep03__t-sustain__d-f__p-constant.mid,data/model_audio/long_mid-rep03__t-sustain__d-f__p-constant.wav,planned
long_mid-rep04__t-sustain__d-f__p-constant,model,VIOLET,constant,long_mid,long,mid,sustain,36,f,96,96,,9129420224803651025,20260826,long_mid-rep04,4,1.0,1.0,69.0,True,0.75,data/midi/full/model/long_mid-rep04__t-sustain__d-f__p-constant.mid,data/model_audio/long_mid-rep04__t-sustain__d-f__p-constant.wav,planned
long_mid-rep05__t-sustain__d-f__p-constant,model,VIOLET,constant,long_mid,long,mid,sustain,36,f,96,96,,6883317994501214753,20260826,long_mid-rep05,5,1.0,1.0,69.0,True,0.75,data/midi/full/model/long_mid-rep05__t-sustain__d-f__p-constant.mid,data/model_audio/long_mid-rep05__t-sustain__d-f__p-constant.wav,planned
long_mid-rep01__t-staccato__d-p__p-constant,model,VIOLET,constant,long_mid,long,mid,staccato,40,p,32,32,,2414620467749426856,20260826,long_mid-rep01,1,1.0,1.0,69.0,True,0.75,data/midi/full/model/long_mid-rep01__t-staccato__d-p__p-constant.mid,data/model_audio/long_mid-rep01__t-staccato__d-p__p-constant.wav,planned
long_mid-rep02__t-staccato__d-p__p-constant,model,VIOLET,constant,long_mid,long,mid,staccato,40,p,32,32,,3846867439791281892,20260826,long_mid-rep02,2,1.0,1.0,69.0,True,0.75,data/midi/full/model/long_mid-rep02__t-staccato__d-p__p-constant.mid,data/model_audio/long_mid-rep02__t-staccato__d-p__p-constant.wav,planned
long_mid-rep03__t-staccato__d-p__p-constant,model,VIOLET,constant,long_mid,long,mid,staccato,40,p,32,32,,548595801488613714,20260826,long_mid-rep03,3,1.0,1.0,69.0,True,0.75,data/midi/full/model/long_mid-rep03__t-staccato__d-p__p-constant.mid,data/model_audio/long_mid-rep03__t-staccato__d-p__p-constant.wav,planned
long_mid-rep04__t-staccato__d-p__p-constant,model,VIOLET,constant,long_mid,long,mid,staccato,40,p,32,32,,9129420224803651025,20260826,long_mid-rep04,4,1.0,1.0,69.0,True,0.75,data/midi/full/model/long_mid-rep04__t-staccato__d-p__p-constant.mid,data/model_audio/long_mid-rep04__t-staccato__d-p__p-constant.wav,planned
long_mid-rep05__t-staccato__d-p__p-constant,model,VIOLET,constant,long_mid,long,mid,staccato,40,p,32,32,,6883317994501214753,20260826,long_mid-rep05,5,1.0,1.0,69.0,True,0.75,data/midi/full/model/long_mid-rep05__t-staccato__d-p__p-constant.mid,data/model_audio/long_mid-rep05__t-staccato__d-p__p-constant.wav,planned
long_mid-rep01__t-staccato__d-mf__p-constant,model,VIOLET,constant,long_mid,long,mid,staccato,40,mf,64,64,,2414620467749426856,20260826,long_mid-rep01,1,1.0,1.0,69.0,True,0.75,data/midi/full/model/long_mid-rep01__t-staccato__d-mf__p-constant.mid,data/model_audio/long_mid-rep01__t-staccato__d-mf__p-constant.wav,planned
long_mid-rep02__t-staccato__d-mf__p-constant,model,VIOLET,constant,long_mid,long,mid,staccato,40,mf,64,64,,3846867439791281892,20260826,long_mid-rep02,2,1.0,1.0,69.0,True,0.75,data/midi/full/model/long_mid-rep02__t-staccato__d-mf__p-constant.mid,data/model_audio/long_mid-rep02__t-staccato__d-mf__p-constant.wav,planned
long_mid-rep03__t-staccato__d-mf__p-constant,model,VIOLET,constant,long_mid,long,mid,staccato,40,mf,64,64,,548595801488613714,20260826,long_mid-rep03,3,1.0,1.0,69.0,True,0.75,data/midi/full/model/long_mid-rep03__t-staccato__d-mf__p-constant.mid,data/model_audio/long_mid-rep03__t-staccato__d-mf__p-constant.wav,planned
long_mid-rep04__t-staccato__d-mf__p-constant,model,VIOLET,constant,long_mid,long,mid,staccato,40,mf,64,64,,9129420224803651025,20260826,long_mid-rep04,4,1.0,1.0,69.0,True,0.75,data/midi/full/model/long_mid-rep04__t-staccato__d-mf__p-constant.mid,data/model_audio/long_mid-rep04__t-staccato__d-mf__p-constant.wav,planned
long_mid-rep05__t-staccato__d-mf__p-constant,model,VIOLET,constant,long_mid,long,mid,staccato,40,mf,64,64,,6883317994501214753,20260826,long_mid-rep05,5,1.0,1.0,69.0,True,0.75,data/midi/full/model/long_mid-rep05__t-staccato__d-mf__p-constant.mid,data/model_audio/long_mid-rep05__t-staccato__d-mf__p-constant.wav,planned
long_mid-rep01__t-staccato__d-f__p-constant,model,VIOLET,constant,long_mid,long,mid,staccato,40,f,96,96,,2414620467749426856,20260826,long_mid-rep01,1,1.0,1.0,69.0,True,0.75,data/midi/full/model/long_mid-rep01__t-staccato__d-f__p-constant.mid,data/model_audio/long_mid-rep01__t-staccato__d-f__p-constant.wav,planned
long_mid-rep02__t-staccato__d-f__p-constant,model,VIOLET,constant,long_mid,long,mid,staccato,40,f,96,96,,3846867439791281892,20260826,long_mid-rep02,2,1.0,1.0,69.0,True,0.75,data/midi/full/model/long_mid-rep02__t-staccato__d-f__p-constant.mid,data/model_audio/long_mid-rep02__t-staccato__d-f__p-constant.wav,planned
long_mid-rep03__t-staccato__d-f__p-constant,model,VIOLET,constant,long_mid,long,mid,staccato,40,f,96,96,,548595801488613714,20260826,long_mid-rep03,3,1.0,1.0,69.0,True,0.75,data/midi/full/model/long_mid-rep03__t-staccato__d-f__p-constant.mid,data/model_audio/long_mid-rep03__t-staccato__d-f__p-constant.wav,planned
long_mid-rep04__t-staccato__d-f__p-constant,model,VIOLET,constant,long_mid,long,mid,staccato,40,f,96,96,,9129420224803651025,20260826,long_mid-rep04,4,1.0,1.0,69.0,True,0.75,data/midi/full/model/long_mid-rep04__t-staccato__d-f__p-constant.mid,data/model_audio/long_mid-rep04__t-staccato__d-f__p-constant.wav,planned
long_mid-rep05__t-staccato__d-f__p-constant,model,VIOLET,constant,long_mid,long,mid,staccato,40,f,96,96,,6883317994501214753,20260826,long_mid-rep05,5,1.0,1.0,69.0,True,0.75,data/midi/full/model/long_mid-rep05__t-staccato__d-f__p-constant.mid,data/model_audio/long_mid-rep05__t-staccato__d-f__p-constant.wav,planned
long_mid-rep01__t-pizzicato__d-p__p-constant,model,VIOLET,constant,long_mid,long,mid,pizzicato,43,p,32,32,,2414620467749426856,20260826,long_mid-rep01,1,1.0,1.0,69.0,True,0.75,data/midi/full/model/long_mid-rep01__t-pizzicato__d-p__p-constant.mid,data/model_audio/long_mid-rep01__t-pizzicato__d-p__p-constant.wav,planned
long_mid-rep02__t-pizzicato__d-p__p-constant,model,VIOLET,constant,long_mid,long,mid,pizzicato,43,p,32,32,,3846867439791281892,20260826,long_mid-rep02,2,1.0,1.0,69.0,True,0.75,data/midi/full/model/long_mid-rep02__t-pizzicato__d-p__p-constant.mid,data/model_audio/long_mid-rep02__t-pizzicato__d-p__p-constant.wav,planned
long_mid-rep03__t-pizzicato__d-p__p-constant,model,VIOLET,constant,long_mid,long,mid,pizzicato,43,p,32,32,,548595801488613714,20260826,long_mid-rep03,3,1.0,1.0,69.0,True,0.75,data/midi/full/model/long_mid-rep03__t-pizzicato__d-p__p-constant.mid,data/model_audio/long_mid-rep03__t-pizzicato__d-p__p-constant.wav,planned
long_mid-rep04__t-pizzicato__d-p__p-constant,model,VIOLET,constant,long_mid,long,mid,pizzicato,43,p,32,32,,9129420224803651025,20260826,long_mid-rep04,4,1.0,1.0,69.0,True,0.75,data/midi/full/model/long_mid-rep04__t-pizzicato__d-p__p-constant.mid,data/model_audio/long_mid-rep04__t-pizzicato__d-p__p-constant.wav,planned
long_mid-rep05__t-pizzicato__d-p__p-constant,model,VIOLET,constant,long_mid,long,mid,pizzicato,43,p,32,32,,6883317994501214753,20260826,long_mid-rep05,5,1.0,1.0,69.0,True,0.75,data/midi/full/model/long_mid-rep05__t-pizzicato__d-p__p-constant.mid,data/model_audio/long_mid-rep05__t-pizzicato__d-p__p-constant.wav,planned
long_mid-rep01__t-pizzicato__d-mf__p-constant,model,VIOLET,constant,long_mid,long,mid,pizzicato,43,mf,64,64,,2414620467749426856,20260826,long_mid-rep01,1,1.0,1.0,69.0,True,0.75,data/midi/full/model/long_mid-rep01__t-pizzicato__d-mf__p-constant.mid,data/model_audio/long_mid-rep01__t-pizzicato__d-mf__p-constant.wav,planned
long_mid-rep02__t-pizzicato__d-mf__p-constant,model,VIOLET,constant,long_mid,long,mid,pizzicato,43,mf,64,64,,3846867439791281892,20260826,long_mid-rep02,2,1.0,1.0,69.0,True,0.75,data/midi/full/model/long_mid-rep02__t-pizzicato__d-mf__p-constant.mid,data/model_audio/long_mid-rep02__t-pizzicato__d-mf__p-constant.wav,planned
long_mid-rep03__t-pizzicato__d-mf__p-constant,model,VIOLET,constant,long_mid,long,mid,pizzicato,43,mf,64,64,,548595801488613714,20260826,long_mid-rep03,3,1.0,1.0,69.0,True,0.75,data/midi/full/model/long_mid-rep03__t-pizzicato__d-mf__p-constant.mid,data/model_audio/long_mid-rep03__t-pizzicato__d-mf__p-constant.wav,planned
long_mid-rep04__t-pizzicato__d-mf__p-constant,model,VIOLET,constant,long_mid,long,mid,pizzicato,43,mf,64,64,,9129420224803651025,20260826,long_mid-rep04,4,1.0,1.0,69.0,True,0.75,data/midi/full/model/long_mid-rep04__t-pizzicato__d-mf__p-constant.mid,data/model_audio/long_mid-rep04__t-pizzicato__d-mf__p-constant.wav,planned
long_mid-rep05__t-pizzicato__d-mf__p-constant,model,VIOLET,constant,long_mid,long,mid,pizzicato,43,mf,64,64,,6883317994501214753,20260826,long_mid-rep05,5,1.0,1.0,69.0,True,0.75,data/midi/full/model/long_mid-rep05__t-pizzicato__d-mf__p-constant.mid,data/model_audio/long_mid-rep05__t-pizzicato__d-mf__p-constant.wav,planned
long_mid-rep01__t-pizzicato__d-f__p-constant,model,VIOLET,constant,long_mid,long,mid,pizzicato,43,f,96,96,,2414620467749426856,20260826,long_mid-rep01,1,1.0,1.0,69.0,True,0.75,data/midi/full/model/long_mid-rep01__t-pizzicato__d-f__p-constant.mid,data/model_audio/long_mid-rep01__t-pizzicato__d-f__p-constant.wav,planned
long_mid-rep02__t-pizzicato__d-f__p-constant,model,VIOLET,constant,long_mid,long,mid,pizzicato,43,f,96,96,,3846867439791281892,20260826,long_mid-rep02,2,1.0,1.0,69.0,True,0.75,data/midi/full/model/long_mid-rep02__t-pizzicato__d-f__p-constant.mid,data/model_audio/long_mid-rep02__t-pizzicato__d-f__p-constant.wav,planned
long_mid-rep03__t-pizzicato__d-f__p-constant,model,VIOLET,constant,long_mid,long,mid,pizzicato,43,f,96,96,,548595801488613714,20260826,long_mid-rep03,3,1.0,1.0,69.0,True,0.75,data/midi/full/model/long_mid-rep03__t-pizzicato__d-f__p-constant.mid,data/model_audio/long_mid-rep03__t-pizzicato__d-f__p-constant.wav,planned
long_mid-rep04__t-pizzicato__d-f__p-constant,model,VIOLET,constant,long_mid,long,mid,pizzicato,43,f,96,96,,9129420224803651025,20260826,long_mid-rep04,4,1.0,1.0,69.0,True,0.75,data/midi/full/model/long_mid-rep04__t-pizzicato__d-f__p-constant.mid,data/model_audio/long_mid-rep04__t-pizzicato__d-f__p-constant.wav,planned
long_mid-rep05__t-pizzicato__d-f__p-constant,model,VIOLET,constant,long_mid,long,mid,pizzicato,43,f,96,96,,6883317994501214753,20260826,long_mid-rep05,5,1.0,1.0,69.0,True,0.75,data/midi/full/model/long_mid-rep05__t-pizzicato__d-f__p-constant.mid,data/model_audio/long_mid-rep05__t-pizzicato__d-f__p-constant.wav,planned
long_mid-rep01__t-legato_slur__d-p__p-constant,model,VIOLET,constant,long_mid,long,mid,legato_slur,49,p,32,32,,2414620467749426856,20260826,long_mid-rep01,1,1.0,1.0,69.0,True,0.75,data/midi/full/model/long_mid-rep01__t-legato_slur__d-p__p-constant.mid,data/model_audio/long_mid-rep01__t-legato_slur__d-p__p-constant.wav,planned
long_mid-rep02__t-legato_slur__d-p__p-constant,model,VIOLET,constant,long_mid,long,mid,legato_slur,49,p,32,32,,3846867439791281892,20260826,long_mid-rep02,2,1.0,1.0,69.0,True,0.75,data/midi/full/model/long_mid-rep02__t-legato_slur__d-p__p-constant.mid,data/model_audio/long_mid-rep02__t-legato_slur__d-p__p-constant.wav,planned
long_mid-rep03__t-legato_slur__d-p__p-constant,model,VIOLET,constant,long_mid,long,mid,legato_slur,49,p,32,32,,548595801488613714,20260826,long_mid-rep03,3,1.0,1.0,69.0,True,0.75,data/midi/full/model/long_mid-rep03__t-legato_slur__d-p__p-constant.mid,data/model_audio/long_mid-rep03__t-legato_slur__d-p__p-constant.wav,planned
long_mid-rep04__t-legato_slur__d-p__p-constant,model,VIOLET,constant,long_mid,long,mid,legato_slur,49,p,32,32,,9129420224803651025,20260826,long_mid-rep04,4,1.0,1.0,69.0,True,0.75,data/midi/full/model/long_mid-rep04__t-legato_slur__d-p__p-constant.mid,data/model_audio/long_mid-rep04__t-legato_slur__d-p__p-constant.wav,planned
long_mid-rep05__t-legato_slur__d-p__p-constant,model,VIOLET,constant,long_mid,long,mid,legato_slur,49,p,32,32,,6883317994501214753,20260826,long_mid-rep05,5,1.0,1.0,69.0,True,0.75,data/midi/full/model/long_mid-rep05__t-legato_slur__d-p__p-constant.mid,data/model_audio/long_mid-rep05__t-legato_slur__d-p__p-constant.wav,planned
long_mid-rep01__t-legato_slur__d-mf__p-constant,model,VIOLET,constant,long_mid,long,mid,legato_slur,49,mf,64,64,,2414620467749426856,20260826,long_mid-rep01,1,1.0,1.0,69.0,True,0.75,data/midi/full/model/long_mid-rep01__t-legato_slur__d-mf__p-constant.mid,data/model_audio/long_mid-rep01__t-legato_slur__d-mf__p-constant.wav,planned
long_mid-rep02__t-legato_slur__d-mf__p-constant,model,VIOLET,constant,long_mid,long,mid,legato_slur,49,mf,64,64,,3846867439791281892,20260826,long_mid-rep02,2,1.0,1.0,69.0,True,0.75,data/midi/full/model/long_mid-rep02__t-legato_slur__d-mf__p-constant.mid,data/model_audio/long_mid-rep02__t-legato_slur__d-mf__p-constant.wav,planned
long_mid-rep03__t-legato_slur__d-mf__p-constant,model,VIOLET,constant,long_mid,long,mid,legato_slur,49,mf,64,64,,548595801488613714,20260826,long_mid-rep03,3,1.0,1.0,69.0,True,0.75,data/midi/full/model/long_mid-rep03__t-legato_slur__d-mf__p-constant.mid,data/model_audio/long_mid-rep03__t-legato_slur__d-mf__p-constant.wav,planned
long_mid-rep04__t-legato_slur__d-mf__p-constant,model,VIOLET,constant,long_mid,long,mid,legato_slur,49,mf,64,64,,9129420224803651025,20260826,long_mid-rep04,4,1.0,1.0,69.0,True,0.75,data/midi/full/model/long_mid-rep04__t-legato_slur__d-mf__p-constant.mid,data/model_audio/long_mid-rep04__t-legato_slur__d-mf__p-constant.wav,planned
long_mid-rep05__t-legato_slur__d-mf__p-constant,model,VIOLET,constant,long_mid,long,mid,legato_slur,49,mf,64,64,,6883317994501214753,20260826,long_mid-rep05,5,1.0,1.0,69.0,True,0.75,data/midi/full/model/long_mid-rep05__t-legato_slur__d-mf__p-constant.mid,data/model_audio/long_mid-rep05__t-legato_slur__d-mf__p-constant.wav,planned
long_mid-rep01__t-legato_slur__d-f__p-constant,model,VIOLET,constant,long_mid,long,mid,legato_slur,49,f,96,96,,2414620467749426856,20260826,long_mid-rep01,1,1.0,1.0,69.0,True,0.75,data/midi/full/model/long_mid-rep01__t-legato_slur__d-f__p-constant.mid,data/model_audio/long_mid-rep01__t-legato_slur__d-f__p-constant.wav,planned
long_mid-rep02__t-legato_slur__d-f__p-constant,model,VIOLET,constant,long_mid,long,mid,legato_slur,49,f,96,96,,3846867439791281892,20260826,long_mid-rep02,2,1.0,1.0,69.0,True,0.75,data/midi/full/model/long_mid-rep02__t-legato_slur__d-f__p-constant.mid,data/model_audio/long_mid-rep02__t-legato_slur__d-f__p-constant.wav,planned
long_mid-rep03__t-legato_slur__d-f__p-constant,model,VIOLET,constant,long_mid,long,mid,legato_slur,49,f,96,96,,548595801488613714,20260826,long_mid-rep03,3,1.0,1.0,69.0,True,0.75,data/midi/full/model/long_mid-rep03__t-legato_slur__d-f__p-constant.mid,data/model_audio/long_mid-rep03__t-legato_slur__d-f__p-constant.wav,planned
long_mid-rep04__t-legato_slur__d-f__p-constant,model,VIOLET,constant,long_mid,long,mid,legato_slur,49,f,96,96,,9129420224803651025,20260826,long_mid-rep04,4,1.0,1.0,69.0,True,0.75,data/midi/full/model/long_mid-rep04__t-legato_slur__d-f__p-constant.mid,data/model_audio/long_mid-rep04__t-legato_slur__d-f__p-constant.wav,planned
long_mid-rep05__t-legato_slur__d-f__p-constant,model,VIOLET,constant,long_mid,long,mid,legato_slur,49,f,96,96,,6883317994501214753,20260826,long_mid-rep05,5,1.0,1.0,69.0,True,0.75,data/midi/full/model/long_mid-rep05__t-legato_slur__d-f__p-constant.mid,data/model_audio/long_mid-rep05__t-legato_slur__d-f__p-constant.wav,planned
long_high-rep01__t-sustain__d-p__p-constant,model,VIOLET,constant,long_high,long,high,sustain,36,p,32,32,,6583093013651647001,20260826,long_high-rep01,1,1.0,1.0,81.0,True,0.75,data/midi/full/model/long_high-rep01__t-sustain__d-p__p-constant.mid,data/model_audio/long_high-rep01__t-sustain__d-p__p-constant.wav,planned
long_high-rep02__t-sustain__d-p__p-constant,model,VIOLET,constant,long_high,long,high,sustain,36,p,32,32,,1555646029865943243,20260826,long_high-rep02,2,1.0,1.0,81.0,True,0.75,data/midi/full/model/long_high-rep02__t-sustain__d-p__p-constant.mid,data/model_audio/long_high-rep02__t-sustain__d-p__p-constant.wav,planned
long_high-rep03__t-sustain__d-p__p-constant,model,VIOLET,constant,long_high,long,high,sustain,36,p,32,32,,3369002506657768196,20260826,long_high-rep03,3,1.0,1.0,81.0,True,0.75,data/midi/full/model/long_high-rep03__t-sustain__d-p__p-constant.mid,data/model_audio/long_high-rep03__t-sustain__d-p__p-constant.wav,planned
long_high-rep04__t-sustain__d-p__p-constant,model,VIOLET,constant,long_high,long,high,sustain,36,p,32,32,,43105928943658371,20260826,long_high-rep04,4,1.0,1.0,81.0,True,0.75,data/midi/full/model/long_high-rep04__t-sustain__d-p__p-constant.mid,data/model_audio/long_high-rep04__t-sustain__d-p__p-constant.wav,planned
long_high-rep05__t-sustain__d-p__p-constant,model,VIOLET,constant,long_high,long,high,sustain,36,p,32,32,,3005598518535963290,20260826,long_high-rep05,5,1.0,1.0,81.0,True,0.75,data/midi/full/model/long_high-rep05__t-sustain__d-p__p-constant.mid,data/model_audio/long_high-rep05__t-sustain__d-p__p-constant.wav,planned
long_high-rep01__t-sustain__d-mf__p-constant,model,VIOLET,constant,long_high,long,high,sustain,36,mf,64,64,,6583093013651647001,20260826,long_high-rep01,1,1.0,1.0,81.0,True,0.75,data/midi/full/model/long_high-rep01__t-sustain__d-mf__p-constant.mid,data/model_audio/long_high-rep01__t-sustain__d-mf__p-constant.wav,planned
long_high-rep02__t-sustain__d-mf__p-constant,model,VIOLET,constant,long_high,long,high,sustain,36,mf,64,64,,1555646029865943243,20260826,long_high-rep02,2,1.0,1.0,81.0,True,0.75,data/midi/full/model/long_high-rep02__t-sustain__d-mf__p-constant.mid,data/model_audio/long_high-rep02__t-sustain__d-mf__p-constant.wav,planned
long_high-rep03__t-sustain__d-mf__p-constant,model,VIOLET,constant,long_high,long,high,sustain,36,mf,64,64,,3369002506657768196,20260826,long_high-rep03,3,1.0,1.0,81.0,True,0.75,data/midi/full/model/long_high-rep03__t-sustain__d-mf__p-constant.mid,data/model_audio/long_high-rep03__t-sustain__d-mf__p-constant.wav,planned
long_high-rep04__t-sustain__d-mf__p-constant,model,VIOLET,constant,long_high,long,high,sustain,36,mf,64,64,,43105928943658371,20260826,long_high-rep04,4,1.0,1.0,81.0,True,0.75,data/midi/full/model/long_high-rep04__t-sustain__d-mf__p-constant.mid,data/model_audio/long_high-rep04__t-sustain__d-mf__p-constant.wav,planned
long_high-rep05__t-sustain__d-mf__p-constant,model,VIOLET,constant,long_high,long,high,sustain,36,mf,64,64,,3005598518535963290,20260826,long_high-rep05,5,1.0,1.0,81.0,True,0.75,data/midi/full/model/long_high-rep05__t-sustain__d-mf__p-constant.mid,data/model_audio/long_high-rep05__t-sustain__d-mf__p-constant.wav,planned
long_high-rep01__t-sustain__d-f__p-constant,model,VIOLET,constant,long_high,long,high,sustain,36,f,96,96,,6583093013651647001,20260826,long_high-rep01,1,1.0,1.0,81.0,True,0.75,data/midi/full/model/long_high-rep01__t-sustain__d-f__p-constant.mid,data/model_audio/long_high-rep01__t-sustain__d-f__p-constant.wav,planned
long_high-rep02__t-sustain__d-f__p-constant,model,VIOLET,constant,long_high,long,high,sustain,36,f,96,96,,1555646029865943243,20260826,long_high-rep02,2,1.0,1.0,81.0,True,0.75,data/midi/full/model/long_high-rep02__t-sustain__d-f__p-constant.mid,data/model_audio/long_high-rep02__t-sustain__d-f__p-constant.wav,planned
long_high-rep03__t-sustain__d-f__p-constant,model,VIOLET,constant,long_high,long,high,sustain,36,f,96,96,,3369002506657768196,20260826,long_high-rep03,3,1.0,1.0,81.0,True,0.75,data/midi/full/model/long_high-rep03__t-sustain__d-f__p-constant.mid,data/model_audio/long_high-rep03__t-sustain__d-f__p-constant.wav,planned
long_high-rep04__t-sustain__d-f__p-constant,model,VIOLET,constant,long_high,long,high,sustain,36,f,96,96,,43105928943658371,20260826,long_high-rep04,4,1.0,1.0,81.0,True,0.75,data/midi/full/model/long_high-rep04__t-sustain__d-f__p-constant.mid,data/model_audio/long_high-rep04__t-sustain__d-f__p-constant.wav,planned
long_high-rep05__t-sustain__d-f__p-constant,model,VIOLET,constant,long_high,long,high,sustain,36,f,96,96,,3005598518535963290,20260826,long_high-rep05,5,1.0,1.0,81.0,True,0.75,data/midi/full/model/long_high-rep05__t-sustain__d-f__p-constant.mid,data/model_audio/long_high-rep05__t-sustain__d-f__p-constant.wav,planned
long_high-rep01__t-staccato__d-p__p-constant,model,VIOLET,constant,long_high,long,high,staccato,40,p,32,32,,6583093013651647001,20260826,long_high-rep01,1,1.0,1.0,81.0,True,0.75,data/midi/full/model/long_high-rep01__t-staccato__d-p__p-constant.mid,data/model_audio/long_high-rep01__t-staccato__d-p__p-constant.wav,planned
long_high-rep02__t-staccato__d-p__p-constant,model,VIOLET,constant,long_high,long,high,staccato,40,p,32,32,,1555646029865943243,20260826,long_high-rep02,2,1.0,1.0,81.0,True,0.75,data/midi/full/model/long_high-rep02__t-staccato__d-p__p-constant.mid,data/model_audio/long_high-rep02__t-staccato__d-p__p-constant.wav,planned
long_high-rep03__t-staccato__d-p__p-constant,model,VIOLET,constant,long_high,long,high,staccato,40,p,32,32,,3369002506657768196,20260826,long_high-rep03,3,1.0,1.0,81.0,True,0.75,data/midi/full/model/long_high-rep03__t-staccato__d-p__p-constant.mid,data/model_audio/long_high-rep03__t-staccato__d-p__p-constant.wav,planned
long_high-rep04__t-staccato__d-p__p-constant,model,VIOLET,constant,long_high,long,high,staccato,40,p,32,32,,43105928943658371,20260826,long_high-rep04,4,1.0,1.0,81.0,True,0.75,data/midi/full/model/long_high-rep04__t-staccato__d-p__p-constant.mid,data/model_audio/long_high-rep04__t-staccato__d-p__p-constant.wav,planned
long_high-rep05__t-staccato__d-p__p-constant,model,VIOLET,constant,long_high,long,high,staccato,40,p,32,32,,3005598518535963290,20260826,long_high-rep05,5,1.0,1.0,81.0,True,0.75,data/midi/full/model/long_high-rep05__t-staccato__d-p__p-constant.mid,data/model_audio/long_high-rep05__t-staccato__d-p__p-constant.wav,planned
long_high-rep01__t-staccato__d-mf__p-constant,model,VIOLET,constant,long_high,long,high,staccato,40,mf,64,64,,6583093013651647001,20260826,long_high-rep01,1,1.0,1.0,81.0,True,0.75,data/midi/full/model/long_high-rep01__t-staccato__d-mf__p-constant.mid,data/model_audio/long_high-rep01__t-staccato__d-mf__p-constant.wav,planned
long_high-rep02__t-staccato__d-mf__p-constant,model,VIOLET,constant,long_high,long,high,staccato,40,mf,64,64,,1555646029865943243,20260826,long_high-rep02,2,1.0,1.0,81.0,True,0.75,data/midi/full/model/long_high-rep02__t-staccato__d-mf__p-constant.mid,data/model_audio/long_high-rep02__t-staccato__d-mf__p-constant.wav,planned
long_high-rep03__t-staccato__d-mf__p-constant,model,VIOLET,constant,long_high,long,high,staccato,40,mf,64,64,,3369002506657768196,20260826,long_high-rep03,3,1.0,1.0,81.0,True,0.75,data/midi/full/model/long_high-rep03__t-staccato__d-mf__p-constant.mid,data/model_audio/long_high-rep03__t-staccato__d-mf__p-constant.wav,planned
long_high-rep04__t-staccato__d-mf__p-constant,model,VIOLET,constant,long_high,long,high,staccato,40,mf,64,64,,43105928943658371,20260826,long_high-rep04,4,1.0,1.0,81.0,True,0.75,data/midi/full/model/long_high-rep04__t-staccato__d-mf__p-constant.mid,data/model_audio/long_high-rep04__t-staccato__d-mf__p-constant.wav,planned
long_high-rep05__t-staccato__d-mf__p-constant,model,VIOLET,constant,long_high,long,high,staccato,40,mf,64,64,,3005598518535963290,20260826,long_high-rep05,5,1.0,1.0,81.0,True,0.75,data/midi/full/model/long_high-rep05__t-staccato__d-mf__p-constant.mid,data/model_audio/long_high-rep05__t-staccato__d-mf__p-constant.wav,planned
long_high-rep01__t-staccato__d-f__p-constant,model,VIOLET,constant,long_high,long,high,staccato,40,f,96,96,,6583093013651647001,20260826,long_high-rep01,1,1.0,1.0,81.0,True,0.75,data/midi/full/model/long_high-rep01__t-staccato__d-f__p-constant.mid,data/model_audio/long_high-rep01__t-staccato__d-f__p-constant.wav,planned
long_high-rep02__t-staccato__d-f__p-constant,model,VIOLET,constant,long_high,long,high,staccato,40,f,96,96,,1555646029865943243,20260826,long_high-rep02,2,1.0,1.0,81.0,True,0.75,data/midi/full/model/long_high-rep02__t-staccato__d-f__p-constant.mid,data/model_audio/long_high-rep02__t-staccato__d-f__p-constant.wav,planned
long_high-rep03__t-staccato__d-f__p-constant,model,VIOLET,constant,long_high,long,high,staccato,40,f,96,96,,3369002506657768196,20260826,long_high-rep03,3,1.0,1.0,81.0,True,0.75,data/midi/full/model/long_high-rep03__t-staccato__d-f__p-constant.mid,data/model_audio/long_high-rep03__t-staccato__d-f__p-constant.wav,planned
long_high-rep04__t-staccato__d-f__p-constant,model,VIOLET,constant,long_high,long,high,staccato,40,f,96,96,,43105928943658371,20260826,long_high-rep04,4,1.0,1.0,81.0,True,0.75,data/midi/full/model/long_high-rep04__t-staccato__d-f__p-constant.mid,data/model_audio/long_high-rep04__t-staccato__d-f__p-constant.wav,planned
long_high-rep05__t-staccato__d-f__p-constant,model,VIOLET,constant,long_high,long,high,staccato,40,f,96,96,,3005598518535963290,20260826,long_high-rep05,5,1.0,1.0,81.0,True,0.75,data/midi/full/model/long_high-rep05__t-staccato__d-f__p-constant.mid,data/model_audio/long_high-rep05__t-staccato__d-f__p-constant.wav,planned
long_high-rep01__t-pizzicato__d-p__p-constant,model,VIOLET,constant,long_high,long,high,pizzicato,43,p,32,32,,6583093013651647001,20260826,long_high-rep01,1,1.0,1.0,81.0,True,0.75,data/midi/full/model/long_high-rep01__t-pizzicato__d-p__p-constant.mid,data/model_audio/long_high-rep01__t-pizzicato__d-p__p-constant.wav,planned
long_high-rep02__t-pizzicato__d-p__p-constant,model,VIOLET,constant,long_high,long,high,pizzicato,43,p,32,32,,1555646029865943243,20260826,long_high-rep02,2,1.0,1.0,81.0,True,0.75,data/midi/full/model/long_high-rep02__t-pizzicato__d-p__p-constant.mid,data/model_audio/long_high-rep02__t-pizzicato__d-p__p-constant.wav,planned
long_high-rep03__t-pizzicato__d-p__p-constant,model,VIOLET,constant,long_high,long,high,pizzicato,43,p,32,32,,3369002506657768196,20260826,long_high-rep03,3,1.0,1.0,81.0,True,0.75,data/midi/full/model/long_high-rep03__t-pizzicato__d-p__p-constant.mid,data/model_audio/long_high-rep03__t-pizzicato__d-p__p-constant.wav,planned
long_high-rep04__t-pizzicato__d-p__p-constant,model,VIOLET,constant,long_high,long,high,pizzicato,43,p,32,32,,43105928943658371,20260826,long_high-rep04,4,1.0,1.0,81.0,True,0.75,data/midi/full/model/long_high-rep04__t-pizzicato__d-p__p-constant.mid,data/model_audio/long_high-rep04__t-pizzicato__d-p__p-constant.wav,planned
long_high-rep05__t-pizzicato__d-p__p-constant,model,VIOLET,constant,long_high,long,high,pizzicato,43,p,32,32,,3005598518535963290,20260826,long_high-rep05,5,1.0,1.0,81.0,True,0.75,data/midi/full/model/long_high-rep05__t-pizzicato__d-p__p-constant.mid,data/model_audio/long_high-rep05__t-pizzicato__d-p__p-constant.wav,planned
long_high-rep01__t-pizzicato__d-mf__p-constant,model,VIOLET,constant,long_high,long,high,pizzicato,43,mf,64,64,,6583093013651647001,20260826,long_high-rep01,1,1.0,1.0,81.0,True,0.75,data/midi/full/model/long_high-rep01__t-pizzicato__d-mf__p-constant.mid,data/model_audio/long_high-rep01__t-pizzicato__d-mf__p-constant.wav,planned
long_high-rep02__t-pizzicato__d-mf__p-constant,model,VIOLET,constant,long_high,long,high,pizzicato,43,mf,64,64,,1555646029865943243,20260826,long_high-rep02,2,1.0,1.0,81.0,True,0.75,data/midi/full/model/long_high-rep02__t-pizzicato__d-mf__p-constant.mid,data/model_audio/long_high-rep02__t-pizzicato__d-mf__p-constant.wav,planned
long_high-rep03__t-pizzicato__d-mf__p-constant,model,VIOLET,constant,long_high,long,high,pizzicato,43,mf,64,64,,3369002506657768196,20260826,long_high-rep03,3,1.0,1.0,81.0,True,0.75,data/midi/full/model/long_high-rep03__t-pizzicato__d-mf__p-constant.mid,data/model_audio/long_high-rep03__t-pizzicato__d-mf__p-constant.wav,planned
long_high-rep04__t-pizzicato__d-mf__p-constant,model,VIOLET,constant,long_high,long,high,pizzicato,43,mf,64,64,,43105928943658371,20260826,long_high-rep04,4,1.0,1.0,81.0,True,0.75,data/midi/full/model/long_high-rep04__t-pizzicato__d-mf__p-constant.mid,data/model_audio/long_high-rep04__t-pizzicato__d-mf__p-constant.wav,planned
long_high-rep05__t-pizzicato__d-mf__p-constant,model,VIOLET,constant,long_high,long,high,pizzicato,43,mf,64,64,,3005598518535963290,20260826,long_high-rep05,5,1.0,1.0,81.0,True,0.75,data/midi/full/model/long_high-rep05__t-pizzicato__d-mf__p-constant.mid,data/model_audio/long_high-rep05__t-pizzicato__d-mf__p-constant.wav,planned
long_high-rep01__t-pizzicato__d-f__p-constant,model,VIOLET,constant,long_high,long,high,pizzicato,43,f,96,96,,6583093013651647001,20260826,long_high-rep01,1,1.0,1.0,81.0,True,0.75,data/midi/full/model/long_high-rep01__t-pizzicato__d-f__p-constant.mid,data/model_audio/long_high-rep01__t-pizzicato__d-f__p-constant.wav,planned
long_high-rep02__t-pizzicato__d-f__p-constant,model,VIOLET,constant,long_high,long,high,pizzicato,43,f,96,96,,1555646029865943243,20260826,long_high-rep02,2,1.0,1.0,81.0,True,0.75,data/midi/full/model/long_high-rep02__t-pizzicato__d-f__p-constant.mid,data/model_audio/long_high-rep02__t-pizzicato__d-f__p-constant.wav,planned
long_high-rep03__t-pizzicato__d-f__p-constant,model,VIOLET,constant,long_high,long,high,pizzicato,43,f,96,96,,3369002506657768196,20260826,long_high-rep03,3,1.0,1.0,81.0,True,0.75,data/midi/full/model/long_high-rep03__t-pizzicato__d-f__p-constant.mid,data/model_audio/long_high-rep03__t-pizzicato__d-f__p-constant.wav,planned
long_high-rep04__t-pizzicato__d-f__p-constant,model,VIOLET,constant,long_high,long,high,pizzicato,43,f,96,96,,43105928943658371,20260826,long_high-rep04,4,1.0,1.0,81.0,True,0.75,data/midi/full/model/long_high-rep04__t-pizzicato__d-f__p-constant.mid,data/model_audio/long_high-rep04__t-pizzicato__d-f__p-constant.wav,planned
long_high-rep05__t-pizzicato__d-f__p-constant,model,VIOLET,constant,long_high,long,high,pizzicato,43,f,96,96,,3005598518535963290,20260826,long_high-rep05,5,1.0,1.0,81.0,True,0.75,data/midi/full/model/long_high-rep05__t-pizzicato__d-f__p-constant.mid,data/model_audio/long_high-rep05__t-pizzicato__d-f__p-constant.wav,planned
long_high-rep01__t-legato_slur__d-p__p-constant,model,VIOLET,constant,long_high,long,high,legato_slur,49,p,32,32,,6583093013651647001,20260826,long_high-rep01,1,1.0,1.0,81.0,True,0.75,data/midi/full/model/long_high-rep01__t-legato_slur__d-p__p-constant.mid,data/model_audio/long_high-rep01__t-legato_slur__d-p__p-constant.wav,planned
long_high-rep02__t-legato_slur__d-p__p-constant,model,VIOLET,constant,long_high,long,high,legato_slur,49,p,32,32,,1555646029865943243,20260826,long_high-rep02,2,1.0,1.0,81.0,True,0.75,data/midi/full/model/long_high-rep02__t-legato_slur__d-p__p-constant.mid,data/model_audio/long_high-rep02__t-legato_slur__d-p__p-constant.wav,planned
long_high-rep03__t-legato_slur__d-p__p-constant,model,VIOLET,constant,long_high,long,high,legato_slur,49,p,32,32,,3369002506657768196,20260826,long_high-rep03,3,1.0,1.0,81.0,True,0.75,data/midi/full/model/long_high-rep03__t-legato_slur__d-p__p-constant.mid,data/model_audio/long_high-rep03__t-legato_slur__d-p__p-constant.wav,planned
long_high-rep04__t-legato_slur__d-p__p-constant,model,VIOLET,constant,long_high,long,high,legato_slur,49,p,32,32,,43105928943658371,20260826,long_high-rep04,4,1.0,1.0,81.0,True,0.75,data/midi/full/model/long_high-rep04__t-legato_slur__d-p__p-constant.mid,data/model_audio/long_high-rep04__t-legato_slur__d-p__p-constant.wav,planned
long_high-rep05__t-legato_slur__d-p__p-constant,model,VIOLET,constant,long_high,long,high,legato_slur,49,p,32,32,,3005598518535963290,20260826,long_high-rep05,5,1.0,1.0,81.0,True,0.75,data/midi/full/model/long_high-rep05__t-legato_slur__d-p__p-constant.mid,data/model_audio/long_high-rep05__t-legato_slur__d-p__p-constant.wav,planned
long_high-rep01__t-legato_slur__d-mf__p-constant,model,VIOLET,constant,long_high,long,high,legato_slur,49,mf,64,64,,6583093013651647001,20260826,long_high-rep01,1,1.0,1.0,81.0,True,0.75,data/midi/full/model/long_high-rep01__t-legato_slur__d-mf__p-constant.mid,data/model_audio/long_high-rep01__t-legato_slur__d-mf__p-constant.wav,planned
long_high-rep02__t-legato_slur__d-mf__p-constant,model,VIOLET,constant,long_high,long,high,legato_slur,49,mf,64,64,,1555646029865943243,20260826,long_high-rep02,2,1.0,1.0,81.0,True,0.75,data/midi/full/model/long_high-rep02__t-legato_slur__d-mf__p-constant.mid,data/model_audio/long_high-rep02__t-legato_slur__d-mf__p-constant.wav,planned
long_high-rep03__t-legato_slur__d-mf__p-constant,model,VIOLET,constant,long_high,long,high,legato_slur,49,mf,64,64,,3369002506657768196,20260826,long_high-rep03,3,1.0,1.0,81.0,True,0.75,data/midi/full/model/long_high-rep03__t-legato_slur__d-mf__p-constant.mid,data/model_audio/long_high-rep03__t-legato_slur__d-mf__p-constant.wav,planned
long_high-rep04__t-legato_slur__d-mf__p-constant,model,VIOLET,constant,long_high,long,high,legato_slur,49,mf,64,64,,43105928943658371,20260826,long_high-rep04,4,1.0,1.0,81.0,True,0.75,data/midi/full/model/long_high-rep04__t-legato_slur__d-mf__p-constant.mid,data/model_audio/long_high-rep04__t-legato_slur__d-mf__p-constant.wav,planned
long_high-rep05__t-legato_slur__d-mf__p-constant,model,VIOLET,constant,long_high,long,high,legato_slur,49,mf,64,64,,3005598518535963290,20260826,long_high-rep05,5,1.0,1.0,81.0,True,0.75,data/midi/full/model/long_high-rep05__t-legato_slur__d-mf__p-constant.mid,data/model_audio/long_high-rep05__t-legato_slur__d-mf__p-constant.wav,planned
long_high-rep01__t-legato_slur__d-f__p-constant,model,VIOLET,constant,long_high,long,high,legato_slur,49,f,96,96,,6583093013651647001,20260826,long_high-rep01,1,1.0,1.0,81.0,True,0.75,data/midi/full/model/long_high-rep01__t-legato_slur__d-f__p-constant.mid,data/model_audio/long_high-rep01__t-legato_slur__d-f__p-constant.wav,planned
long_high-rep02__t-legato_slur__d-f__p-constant,model,VIOLET,constant,long_high,long,high,legato_slur,49,f,96,96,,1555646029865943243,20260826,long_high-rep02,2,1.0,1.0,81.0,True,0.75,data/midi/full/model/long_high-rep02__t-legato_slur__d-f__p-constant.mid,data/model_audio/long_high-rep02__t-legato_slur__d-f__p-constant.wav,planned
long_high-rep03__t-legato_slur__d-f__p-constant,model,VIOLET,constant,long_high,long,high,legato_slur,49,f,96,96,,3369002506657768196,20260826,long_high-rep03,3,1.0,1.0,81.0,True,0.75,data/midi/full/model/long_high-rep03__t-legato_slur__d-f__p-constant.mid,data/model_audio/long_high-rep03__t-legato_slur__d-f__p-constant.wav,planned
long_high-rep04__t-legato_slur__d-f__p-constant,model,VIOLET,constant,long_high,long,high,legato_slur,49,f,96,96,,43105928943658371,20260826,long_high-rep04,4,1.0,1.0,81.0,True,0.75,data/midi/full/model/long_high-rep04__t-legato_slur__d-f__p-constant.mid,data/model_audio/long_high-rep04__t-legato_slur__d-f__p-constant.wav,planned
long_high-rep05__t-legato_slur__d-f__p-constant,model,VIOLET,constant,long_high,long,high,legato_slur,49,f,96,96,,3005598518535963290,20260826,long_high-rep05,5,1.0,1.0,81.0,True,0.75,data/midi/full/model/long_high-rep05__t-legato_slur__d-f__p-constant.mid,data/model_audio/long_high-rep05__t-legato_slur__d-f__p-constant.wav,planned
scale_low-rep01__t-sustain__d-p__p-constant,model,VIOLET,constant,scale_low,scale,low,sustain,36,p,32,32,,994830999953935975,20260826,scale_low-rep01,1,1.0,1.0,,False,0.75,data/midi/full/model/scale_low-rep01__t-sustain__d-p__p-constant.mid,data/model_audio/scale_low-rep01__t-sustain__d-p__p-constant.wav,planned
scale_low-rep02__t-sustain__d-p__p-constant,model,VIOLET,constant,scale_low,scale,low,sustain,36,p,32,32,,1307978886304664904,20260826,scale_low-rep02,2,1.0,1.0,,False,0.75,data/midi/full/model/scale_low-rep02__t-sustain__d-p__p-constant.mid,data/model_audio/scale_low-rep02__t-sustain__d-p__p-constant.wav,planned
scale_low-rep03__t-sustain__d-p__p-constant,model,VIOLET,constant,scale_low,scale,low,sustain,36,p,32,32,,6109637732174481015,20260826,scale_low-rep03,3,1.0,1.0,,False,0.75,data/midi/full/model/scale_low-rep03__t-sustain__d-p__p-constant.mid,data/model_audio/scale_low-rep03__t-sustain__d-p__p-constant.wav,planned
scale_low-rep04__t-sustain__d-p__p-constant,model,VIOLET,constant,scale_low,scale,low,sustain,36,p,32,32,,7082684194151334402,20260826,scale_low-rep04,4,1.0,1.0,,False,0.75,data/midi/full/model/scale_low-rep04__t-sustain__d-p__p-constant.mid,data/model_audio/scale_low-rep04__t-sustain__d-p__p-constant.wav,planned
scale_low-rep05__t-sustain__d-p__p-constant,model,VIOLET,constant,scale_low,scale,low,sustain,36,p,32,32,,2723467149752874726,20260826,scale_low-rep05,5,1.0,1.0,,False,0.75,data/midi/full/model/scale_low-rep05__t-sustain__d-p__p-constant.mid,data/model_audio/scale_low-rep05__t-sustain__d-p__p-constant.wav,planned
scale_low-rep01__t-sustain__d-mf__p-constant,model,VIOLET,constant,scale_low,scale,low,sustain,36,mf,64,64,,994830999953935975,20260826,scale_low-rep01,1,1.0,1.0,,False,0.75,data/midi/full/model/scale_low-rep01__t-sustain__d-mf__p-constant.mid,data/model_audio/scale_low-rep01__t-sustain__d-mf__p-constant.wav,planned
scale_low-rep02__t-sustain__d-mf__p-constant,model,VIOLET,constant,scale_low,scale,low,sustain,36,mf,64,64,,1307978886304664904,20260826,scale_low-rep02,2,1.0,1.0,,False,0.75,data/midi/full/model/scale_low-rep02__t-sustain__d-mf__p-constant.mid,data/model_audio/scale_low-rep02__t-sustain__d-mf__p-constant.wav,planned
scale_low-rep03__t-sustain__d-mf__p-constant,model,VIOLET,constant,scale_low,scale,low,sustain,36,mf,64,64,,6109637732174481015,20260826,scale_low-rep03,3,1.0,1.0,,False,0.75,data/midi/full/model/scale_low-rep03__t-sustain__d-mf__p-constant.mid,data/model_audio/scale_low-rep03__t-sustain__d-mf__p-constant.wav,planned
scale_low-rep04__t-sustain__d-mf__p-constant,model,VIOLET,constant,scale_low,scale,low,sustain,36,mf,64,64,,7082684194151334402,20260826,scale_low-rep04,4,1.0,1.0,,False,0.75,data/midi/full/model/scale_low-rep04__t-sustain__d-mf__p-constant.mid,data/model_audio/scale_low-rep04__t-sustain__d-mf__p-constant.wav,planned
scale_low-rep05__t-sustain__d-mf__p-constant,model,VIOLET,constant,scale_low,scale,low,sustain,36,mf,64,64,,2723467149752874726,20260826,scale_low-rep05,5,1.0,1.0,,False,0.75,data/midi/full/model/scale_low-rep05__t-sustain__d-mf__p-constant.mid,data/model_audio/scale_low-rep05__t-sustain__d-mf__p-constant.wav,planned
scale_low-rep01__t-sustain__d-f__p-constant,model,VIOLET,constant,scale_low,scale,low,sustain,36,f,96,96,,994830999953935975,20260826,scale_low-rep01,1,1.0,1.0,,False,0.75,data/midi/full/model/scale_low-rep01__t-sustain__d-f__p-constant.mid,data/model_audio/scale_low-rep01__t-sustain__d-f__p-constant.wav,planned
scale_low-rep02__t-sustain__d-f__p-constant,model,VIOLET,constant,scale_low,scale,low,sustain,36,f,96,96,,1307978886304664904,20260826,scale_low-rep02,2,1.0,1.0,,False,0.75,data/midi/full/model/scale_low-rep02__t-sustain__d-f__p-constant.mid,data/model_audio/scale_low-rep02__t-sustain__d-f__p-constant.wav,planned
scale_low-rep03__t-sustain__d-f__p-constant,model,VIOLET,constant,scale_low,scale,low,sustain,36,f,96,96,,6109637732174481015,20260826,scale_low-rep03,3,1.0,1.0,,False,0.75,data/midi/full/model/scale_low-rep03__t-sustain__d-f__p-constant.mid,data/model_audio/scale_low-rep03__t-sustain__d-f__p-constant.wav,planned
scale_low-rep04__t-sustain__d-f__p-constant,model,VIOLET,constant,scale_low,scale,low,sustain,36,f,96,96,,7082684194151334402,20260826,scale_low-rep04,4,1.0,1.0,,False,0.75,data/midi/full/model/scale_low-rep04__t-sustain__d-f__p-constant.mid,data/model_audio/scale_low-rep04__t-sustain__d-f__p-constant.wav,planned
scale_low-rep05__t-sustain__d-f__p-constant,model,VIOLET,constant,scale_low,scale,low,sustain,36,f,96,96,,2723467149752874726,20260826,scale_low-rep05,5,1.0,1.0,,False,0.75,data/midi/full/model/scale_low-rep05__t-sustain__d-f__p-constant.mid,data/model_audio/scale_low-rep05__t-sustain__d-f__p-constant.wav,planned
scale_low-rep01__t-staccato__d-p__p-constant,model,VIOLET,constant,scale_low,scale,low,staccato,40,p,32,32,,994830999953935975,20260826,scale_low-rep01,1,1.0,1.0,,False,0.75,data/midi/full/model/scale_low-rep01__t-staccato__d-p__p-constant.mid,data/model_audio/scale_low-rep01__t-staccato__d-p__p-constant.wav,planned
scale_low-rep02__t-staccato__d-p__p-constant,model,VIOLET,constant,scale_low,scale,low,staccato,40,p,32,32,,1307978886304664904,20260826,scale_low-rep02,2,1.0,1.0,,False,0.75,data/midi/full/model/scale_low-rep02__t-staccato__d-p__p-constant.mid,data/model_audio/scale_low-rep02__t-staccato__d-p__p-constant.wav,planned
scale_low-rep03__t-staccato__d-p__p-constant,model,VIOLET,constant,scale_low,scale,low,staccato,40,p,32,32,,6109637732174481015,20260826,scale_low-rep03,3,1.0,1.0,,False,0.75,data/midi/full/model/scale_low-rep03__t-staccato__d-p__p-constant.mid,data/model_audio/scale_low-rep03__t-staccato__d-p__p-constant.wav,planned
scale_low-rep04__t-staccato__d-p__p-constant,model,VIOLET,constant,scale_low,scale,low,staccato,40,p,32,32,,7082684194151334402,20260826,scale_low-rep04,4,1.0,1.0,,False,0.75,data/midi/full/model/scale_low-rep04__t-staccato__d-p__p-constant.mid,data/model_audio/scale_low-rep04__t-staccato__d-p__p-constant.wav,planned
scale_low-rep05__t-staccato__d-p__p-constant,model,VIOLET,constant,scale_low,scale,low,staccato,40,p,32,32,,2723467149752874726,20260826,scale_low-rep05,5,1.0,1.0,,False,0.75,data/midi/full/model/scale_low-rep05__t-staccato__d-p__p-constant.mid,data/model_audio/scale_low-rep05__t-staccato__d-p__p-constant.wav,planned
scale_low-rep01__t-staccato__d-mf__p-constant,model,VIOLET,constant,scale_low,scale,low,staccato,40,mf,64,64,,994830999953935975,20260826,scale_low-rep01,1,1.0,1.0,,False,0.75,data/midi/full/model/scale_low-rep01__t-staccato__d-mf__p-constant.mid,data/model_audio/scale_low-rep01__t-staccato__d-mf__p-constant.wav,planned
scale_low-rep02__t-staccato__d-mf__p-constant,model,VIOLET,constant,scale_low,scale,low,staccato,40,mf,64,64,,1307978886304664904,20260826,scale_low-rep02,2,1.0,1.0,,False,0.75,data/midi/full/model/scale_low-rep02__t-staccato__d-mf__p-constant.mid,data/model_audio/scale_low-rep02__t-staccato__d-mf__p-constant.wav,planned
scale_low-rep03__t-staccato__d-mf__p-constant,model,VIOLET,constant,scale_low,scale,low,staccato,40,mf,64,64,,6109637732174481015,20260826,scale_low-rep03,3,1.0,1.0,,False,0.75,data/midi/full/model/scale_low-rep03__t-staccato__d-mf__p-constant.mid,data/model_audio/scale_low-rep03__t-staccato__d-mf__p-constant.wav,planned
scale_low-rep04__t-staccato__d-mf__p-constant,model,VIOLET,constant,scale_low,scale,low,staccato,40,mf,64,64,,7082684194151334402,20260826,scale_low-rep04,4,1.0,1.0,,False,0.75,data/midi/full/model/scale_low-rep04__t-staccato__d-mf__p-constant.mid,data/model_audio/scale_low-rep04__t-staccato__d-mf__p-constant.wav,planned
scale_low-rep05__t-staccato__d-mf__p-constant,model,VIOLET,constant,scale_low,scale,low,staccato,40,mf,64,64,,2723467149752874726,20260826,scale_low-rep05,5,1.0,1.0,,False,0.75,data/midi/full/model/scale_low-rep05__t-staccato__d-mf__p-constant.mid,data/model_audio/scale_low-rep05__t-staccato__d-mf__p-constant.wav,planned
scale_low-rep01__t-staccato__d-f__p-constant,model,VIOLET,constant,scale_low,scale,low,staccato,40,f,96,96,,994830999953935975,20260826,scale_low-rep01,1,1.0,1.0,,False,0.75,data/midi/full/model/scale_low-rep01__t-staccato__d-f__p-constant.mid,data/model_audio/scale_low-rep01__t-staccato__d-f__p-constant.wav,planned
scale_low-rep02__t-staccato__d-f__p-constant,model,VIOLET,constant,scale_low,scale,low,staccato,40,f,96,96,,1307978886304664904,20260826,scale_low-rep02,2,1.0,1.0,,False,0.75,data/midi/full/model/scale_low-rep02__t-staccato__d-f__p-constant.mid,data/model_audio/scale_low-rep02__t-staccato__d-f__p-constant.wav,planned
scale_low-rep03__t-staccato__d-f__p-constant,model,VIOLET,constant,scale_low,scale,low,staccato,40,f,96,96,,6109637732174481015,20260826,scale_low-rep03,3,1.0,1.0,,False,0.75,data/midi/full/model/scale_low-rep03__t-staccato__d-f__p-constant.mid,data/model_audio/scale_low-rep03__t-staccato__d-f__p-constant.wav,planned
scale_low-rep04__t-staccato__d-f__p-constant,model,VIOLET,constant,scale_low,scale,low,staccato,40,f,96,96,,7082684194151334402,20260826,scale_low-rep04,4,1.0,1.0,,False,0.75,data/midi/full/model/scale_low-rep04__t-staccato__d-f__p-constant.mid,data/model_audio/scale_low-rep04__t-staccato__d-f__p-constant.wav,planned
scale_low-rep05__t-staccato__d-f__p-constant,model,VIOLET,constant,scale_low,scale,low,staccato,40,f,96,96,,2723467149752874726,20260826,scale_low-rep05,5,1.0,1.0,,False,0.75,data/midi/full/model/scale_low-rep05__t-staccato__d-f__p-constant.mid,data/model_audio/scale_low-rep05__t-staccato__d-f__p-constant.wav,planned
scale_low-rep01__t-pizzicato__d-p__p-constant,model,VIOLET,constant,scale_low,scale,low,pizzicato,43,p,32,32,,994830999953935975,20260826,scale_low-rep01,1,1.0,1.0,,False,0.75,data/midi/full/model/scale_low-rep01__t-pizzicato__d-p__p-constant.mid,data/model_audio/scale_low-rep01__t-pizzicato__d-p__p-constant.wav,planned
scale_low-rep02__t-pizzicato__d-p__p-constant,model,VIOLET,constant,scale_low,scale,low,pizzicato,43,p,32,32,,1307978886304664904,20260826,scale_low-rep02,2,1.0,1.0,,False,0.75,data/midi/full/model/scale_low-rep02__t-pizzicato__d-p__p-constant.mid,data/model_audio/scale_low-rep02__t-pizzicato__d-p__p-constant.wav,planned
scale_low-rep03__t-pizzicato__d-p__p-constant,model,VIOLET,constant,scale_low,scale,low,pizzicato,43,p,32,32,,6109637732174481015,20260826,scale_low-rep03,3,1.0,1.0,,False,0.75,data/midi/full/model/scale_low-rep03__t-pizzicato__d-p__p-constant.mid,data/model_audio/scale_low-rep03__t-pizzicato__d-p__p-constant.wav,planned
scale_low-rep04__t-pizzicato__d-p__p-constant,model,VIOLET,constant,scale_low,scale,low,pizzicato,43,p,32,32,,7082684194151334402,20260826,scale_low-rep04,4,1.0,1.0,,False,0.75,data/midi/full/model/scale_low-rep04__t-pizzicato__d-p__p-constant.mid,data/model_audio/scale_low-rep04__t-pizzicato__d-p__p-constant.wav,planned
scale_low-rep05__t-pizzicato__d-p__p-constant,model,VIOLET,constant,scale_low,scale,low,pizzicato,43,p,32,32,,2723467149752874726,20260826,scale_low-rep05,5,1.0,1.0,,False,0.75,data/midi/full/model/scale_low-rep05__t-pizzicato__d-p__p-constant.mid,data/model_audio/scale_low-rep05__t-pizzicato__d-p__p-constant.wav,planned
scale_low-rep01__t-pizzicato__d-mf__p-constant,model,VIOLET,constant,scale_low,scale,low,pizzicato,43,mf,64,64,,994830999953935975,20260826,scale_low-rep01,1,1.0,1.0,,False,0.75,data/midi/full/model/scale_low-rep01__t-pizzicato__d-mf__p-constant.mid,data/model_audio/scale_low-rep01__t-pizzicato__d-mf__p-constant.wav,planned
scale_low-rep02__t-pizzicato__d-mf__p-constant,model,VIOLET,constant,scale_low,scale,low,pizzicato,43,mf,64,64,,1307978886304664904,20260826,scale_low-rep02,2,1.0,1.0,,False,0.75,data/midi/full/model/scale_low-rep02__t-pizzicato__d-mf__p-constant.mid,data/model_audio/scale_low-rep02__t-pizzicato__d-mf__p-constant.wav,planned
scale_low-rep03__t-pizzicato__d-mf__p-constant,model,VIOLET,constant,scale_low,scale,low,pizzicato,43,mf,64,64,,6109637732174481015,20260826,scale_low-rep03,3,1.0,1.0,,False,0.75,data/midi/full/model/scale_low-rep03__t-pizzicato__d-mf__p-constant.mid,data/model_audio/scale_low-rep03__t-pizzicato__d-mf__p-constant.wav,planned
scale_low-rep04__t-pizzicato__d-mf__p-constant,model,VIOLET,constant,scale_low,scale,low,pizzicato,43,mf,64,64,,7082684194151334402,20260826,scale_low-rep04,4,1.0,1.0,,False,0.75,data/midi/full/model/scale_low-rep04__t-pizzicato__d-mf__p-constant.mid,data/model_audio/scale_low-rep04__t-pizzicato__d-mf__p-constant.wav,planned
scale_low-rep05__t-pizzicato__d-mf__p-constant,model,VIOLET,constant,scale_low,scale,low,pizzicato,43,mf,64,64,,2723467149752874726,20260826,scale_low-rep05,5,1.0,1.0,,False,0.75,data/midi/full/model/scale_low-rep05__t-pizzicato__d-mf__p-constant.mid,data/model_audio/scale_low-rep05__t-pizzicato__d-mf__p-constant.wav,planned
scale_low-rep01__t-pizzicato__d-f__p-constant,model,VIOLET,constant,scale_low,scale,low,pizzicato,43,f,96,96,,994830999953935975,20260826,scale_low-rep01,1,1.0,1.0,,False,0.75,data/midi/full/model/scale_low-rep01__t-pizzicato__d-f__p-constant.mid,data/model_audio/scale_low-rep01__t-pizzicato__d-f__p-constant.wav,planned
scale_low-rep02__t-pizzicato__d-f__p-constant,model,VIOLET,constant,scale_low,scale,low,pizzicato,43,f,96,96,,1307978886304664904,20260826,scale_low-rep02,2,1.0,1.0,,False,0.75,data/midi/full/model/scale_low-rep02__t-pizzicato__d-f__p-constant.mid,data/model_audio/scale_low-rep02__t-pizzicato__d-f__p-constant.wav,planned
scale_low-rep03__t-pizzicato__d-f__p-constant,model,VIOLET,constant,scale_low,scale,low,pizzicato,43,f,96,96,,6109637732174481015,20260826,scale_low-rep03,3,1.0,1.0,,False,0.75,data/midi/full/model/scale_low-rep03__t-pizzicato__d-f__p-constant.mid,data/model_audio/scale_low-rep03__t-pizzicato__d-f__p-constant.wav,planned
scale_low-rep04__t-pizzicato__d-f__p-constant,model,VIOLET,constant,scale_low,scale,low,pizzicato,43,f,96,96,,7082684194151334402,20260826,scale_low-rep04,4,1.0,1.0,,False,0.75,data/midi/full/model/scale_low-rep04__t-pizzicato__d-f__p-constant.mid,data/model_audio/scale_low-rep04__t-pizzicato__d-f__p-constant.wav,planned
scale_low-rep05__t-pizzicato__d-f__p-constant,model,VIOLET,constant,scale_low,scale,low,pizzicato,43,f,96,96,,2723467149752874726,20260826,scale_low-rep05,5,1.0,1.0,,False,0.75,data/midi/full/model/scale_low-rep05__t-pizzicato__d-f__p-constant.mid,data/model_audio/scale_low-rep05__t-pizzicato__d-f__p-constant.wav,planned
scale_low-rep01__t-legato_slur__d-p__p-constant,model,VIOLET,constant,scale_low,scale,low,legato_slur,49,p,32,32,,994830999953935975,20260826,scale_low-rep01,1,1.0,1.0,,False,0.75,data/midi/full/model/scale_low-rep01__t-legato_slur__d-p__p-constant.mid,data/model_audio/scale_low-rep01__t-legato_slur__d-p__p-constant.wav,planned
scale_low-rep02__t-legato_slur__d-p__p-constant,model,VIOLET,constant,scale_low,scale,low,legato_slur,49,p,32,32,,1307978886304664904,20260826,scale_low-rep02,2,1.0,1.0,,False,0.75,data/midi/full/model/scale_low-rep02__t-legato_slur__d-p__p-constant.mid,data/model_audio/scale_low-rep02__t-legato_slur__d-p__p-constant.wav,planned
scale_low-rep03__t-legato_slur__d-p__p-constant,model,VIOLET,constant,scale_low,scale,low,legato_slur,49,p,32,32,,6109637732174481015,20260826,scale_low-rep03,3,1.0,1.0,,False,0.75,data/midi/full/model/scale_low-rep03__t-legato_slur__d-p__p-constant.mid,data/model_audio/scale_low-rep03__t-legato_slur__d-p__p-constant.wav,planned
scale_low-rep04__t-legato_slur__d-p__p-constant,model,VIOLET,constant,scale_low,scale,low,legato_slur,49,p,32,32,,7082684194151334402,20260826,scale_low-rep04,4,1.0,1.0,,False,0.75,data/midi/full/model/scale_low-rep04__t-legato_slur__d-p__p-constant.mid,data/model_audio/scale_low-rep04__t-legato_slur__d-p__p-constant.wav,planned
scale_low-rep05__t-legato_slur__d-p__p-constant,model,VIOLET,constant,scale_low,scale,low,legato_slur,49,p,32,32,,2723467149752874726,20260826,scale_low-rep05,5,1.0,1.0,,False,0.75,data/midi/full/model/scale_low-rep05__t-legato_slur__d-p__p-constant.mid,data/model_audio/scale_low-rep05__t-legato_slur__d-p__p-constant.wav,planned
scale_low-rep01__t-legato_slur__d-mf__p-constant,model,VIOLET,constant,scale_low,scale,low,legato_slur,49,mf,64,64,,994830999953935975,20260826,scale_low-rep01,1,1.0,1.0,,False,0.75,data/midi/full/model/scale_low-rep01__t-legato_slur__d-mf__p-constant.mid,data/model_audio/scale_low-rep01__t-legato_slur__d-mf__p-constant.wav,planned
scale_low-rep02__t-legato_slur__d-mf__p-constant,model,VIOLET,constant,scale_low,scale,low,legato_slur,49,mf,64,64,,1307978886304664904,20260826,scale_low-rep02,2,1.0,1.0,,False,0.75,data/midi/full/model/scale_low-rep02__t-legato_slur__d-mf__p-constant.mid,data/model_audio/scale_low-rep02__t-legato_slur__d-mf__p-constant.wav,planned
scale_low-rep03__t-legato_slur__d-mf__p-constant,model,VIOLET,constant,scale_low,scale,low,legato_slur,49,mf,64,64,,6109637732174481015,20260826,scale_low-rep03,3,1.0,1.0,,False,0.75,data/midi/full/model/scale_low-rep03__t-legato_slur__d-mf__p-constant.mid,data/model_audio/scale_low-rep03__t-legato_slur__d-mf__p-constant.wav,planned
scale_low-rep04__t-legato_slur__d-mf__p-constant,model,VIOLET,constant,scale_low,scale,low,legato_slur,49,mf,64,64,,7082684194151334402,20260826,scale_low-rep04,4,1.0,1.0,,False,0.75,data/midi/full/model/scale_low-rep04__t-legato_slur__d-mf__p-constant.mid,data/model_audio/scale_low-rep04__t-legato_slur__d-mf__p-constant.wav,planned
scale_low-rep05__t-legato_slur__d-mf__p-constant,model,VIOLET,constant,scale_low,scale,low,legato_slur,49,mf,64,64,,2723467149752874726,20260826,scale_low-rep05,5,1.0,1.0,,False,0.75,data/midi/full/model/scale_low-rep05__t-legato_slur__d-mf__p-constant.mid,data/model_audio/scale_low-rep05__t-legato_slur__d-mf__p-constant.wav,planned
scale_low-rep01__t-legato_slur__d-f__p-constant,model,VIOLET,constant,scale_low,scale,low,legato_slur,49,f,96,96,,994830999953935975,20260826,scale_low-rep01,1,1.0,1.0,,False,0.75,data/midi/full/model/scale_low-rep01__t-legato_slur__d-f__p-constant.mid,data/model_audio/scale_low-rep01__t-legato_slur__d-f__p-constant.wav,planned
scale_low-rep02__t-legato_slur__d-f__p-constant,model,VIOLET,constant,scale_low,scale,low,legato_slur,49,f,96,96,,1307978886304664904,20260826,scale_low-rep02,2,1.0,1.0,,False,0.75,data/midi/full/model/scale_low-rep02__t-legato_slur__d-f__p-constant.mid,data/model_audio/scale_low-rep02__t-legato_slur__d-f__p-constant.wav,planned
scale_low-rep03__t-legato_slur__d-f__p-constant,model,VIOLET,constant,scale_low,scale,low,legato_slur,49,f,96,96,,6109637732174481015,20260826,scale_low-rep03,3,1.0,1.0,,False,0.75,data/midi/full/model/scale_low-rep03__t-legato_slur__d-f__p-constant.mid,data/model_audio/scale_low-rep03__t-legato_slur__d-f__p-constant.wav,planned
scale_low-rep04__t-legato_slur__d-f__p-constant,model,VIOLET,constant,scale_low,scale,low,legato_slur,49,f,96,96,,7082684194151334402,20260826,scale_low-rep04,4,1.0,1.0,,False,0.75,data/midi/full/model/scale_low-rep04__t-legato_slur__d-f__p-constant.mid,data/model_audio/scale_low-rep04__t-legato_slur__d-f__p-constant.wav,planned
scale_low-rep05__t-legato_slur__d-f__p-constant,model,VIOLET,constant,scale_low,scale,low,legato_slur,49,f,96,96,,2723467149752874726,20260826,scale_low-rep05,5,1.0,1.0,,False,0.75,data/midi/full/model/scale_low-rep05__t-legato_slur__d-f__p-constant.mid,data/model_audio/scale_low-rep05__t-legato_slur__d-f__p-constant.wav,planned
scale_mid-rep01__t-sustain__d-p__p-constant,model,VIOLET,constant,scale_mid,scale,mid,sustain,36,p,32,32,,8892977322573016981,20260826,scale_mid-rep01,1,1.0,1.0,,False,0.75,data/midi/full/model/scale_mid-rep01__t-sustain__d-p__p-constant.mid,data/model_audio/scale_mid-rep01__t-sustain__d-p__p-constant.wav,planned
scale_mid-rep02__t-sustain__d-p__p-constant,model,VIOLET,constant,scale_mid,scale,mid,sustain,36,p,32,32,,3906082626803451812,20260826,scale_mid-rep02,2,1.0,1.0,,False,0.75,data/midi/full/model/scale_mid-rep02__t-sustain__d-p__p-constant.mid,data/model_audio/scale_mid-rep02__t-sustain__d-p__p-constant.wav,planned
scale_mid-rep03__t-sustain__d-p__p-constant,model,VIOLET,constant,scale_mid,scale,mid,sustain,36,p,32,32,,6675872237000955197,20260826,scale_mid-rep03,3,1.0,1.0,,False,0.75,data/midi/full/model/scale_mid-rep03__t-sustain__d-p__p-constant.mid,data/model_audio/scale_mid-rep03__t-sustain__d-p__p-constant.wav,planned
scale_mid-rep04__t-sustain__d-p__p-constant,model,VIOLET,constant,scale_mid,scale,mid,sustain,36,p,32,32,,2172852630828728595,20260826,scale_mid-rep04,4,1.0,1.0,,False,0.75,data/midi/full/model/scale_mid-rep04__t-sustain__d-p__p-constant.mid,data/model_audio/scale_mid-rep04__t-sustain__d-p__p-constant.wav,planned
scale_mid-rep05__t-sustain__d-p__p-constant,model,VIOLET,constant,scale_mid,scale,mid,sustain,36,p,32,32,,3597723321546381487,20260826,scale_mid-rep05,5,1.0,1.0,,False,0.75,data/midi/full/model/scale_mid-rep05__t-sustain__d-p__p-constant.mid,data/model_audio/scale_mid-rep05__t-sustain__d-p__p-constant.wav,planned
scale_mid-rep01__t-sustain__d-mf__p-constant,model,VIOLET,constant,scale_mid,scale,mid,sustain,36,mf,64,64,,8892977322573016981,20260826,scale_mid-rep01,1,1.0,1.0,,False,0.75,data/midi/full/model/scale_mid-rep01__t-sustain__d-mf__p-constant.mid,data/model_audio/scale_mid-rep01__t-sustain__d-mf__p-constant.wav,planned
scale_mid-rep02__t-sustain__d-mf__p-constant,model,VIOLET,constant,scale_mid,scale,mid,sustain,36,mf,64,64,,3906082626803451812,20260826,scale_mid-rep02,2,1.0,1.0,,False,0.75,data/midi/full/model/scale_mid-rep02__t-sustain__d-mf__p-constant.mid,data/model_audio/scale_mid-rep02__t-sustain__d-mf__p-constant.wav,planned
scale_mid-rep03__t-sustain__d-mf__p-constant,model,VIOLET,constant,scale_mid,scale,mid,sustain,36,mf,64,64,,6675872237000955197,20260826,scale_mid-rep03,3,1.0,1.0,,False,0.75,data/midi/full/model/scale_mid-rep03__t-sustain__d-mf__p-constant.mid,data/model_audio/scale_mid-rep03__t-sustain__d-mf__p-constant.wav,planned
scale_mid-rep04__t-sustain__d-mf__p-constant,model,VIOLET,constant,scale_mid,scale,mid,sustain,36,mf,64,64,,2172852630828728595,20260826,scale_mid-rep04,4,1.0,1.0,,False,0.75,data/midi/full/model/scale_mid-rep04__t-sustain__d-mf__p-constant.mid,data/model_audio/scale_mid-rep04__t-sustain__d-mf__p-constant.wav,planned
scale_mid-rep05__t-sustain__d-mf__p-constant,model,VIOLET,constant,scale_mid,scale,mid,sustain,36,mf,64,64,,3597723321546381487,20260826,scale_mid-rep05,5,1.0,1.0,,False,0.75,data/midi/full/model/scale_mid-rep05__t-sustain__d-mf__p-constant.mid,data/model_audio/scale_mid-rep05__t-sustain__d-mf__p-constant.wav,planned
scale_mid-rep01__t-sustain__d-f__p-constant,model,VIOLET,constant,scale_mid,scale,mid,sustain,36,f,96,96,,8892977322573016981,20260826,scale_mid-rep01,1,1.0,1.0,,False,0.75,data/midi/full/model/scale_mid-rep01__t-sustain__d-f__p-constant.mid,data/model_audio/scale_mid-rep01__t-sustain__d-f__p-constant.wav,planned
scale_mid-rep02__t-sustain__d-f__p-constant,model,VIOLET,constant,scale_mid,scale,mid,sustain,36,f,96,96,,3906082626803451812,20260826,scale_mid-rep02,2,1.0,1.0,,False,0.75,data/midi/full/model/scale_mid-rep02__t-sustain__d-f__p-constant.mid,data/model_audio/scale_mid-rep02__t-sustain__d-f__p-constant.wav,planned
scale_mid-rep03__t-sustain__d-f__p-constant,model,VIOLET,constant,scale_mid,scale,mid,sustain,36,f,96,96,,6675872237000955197,20260826,scale_mid-rep03,3,1.0,1.0,,False,0.75,data/midi/full/model/scale_mid-rep03__t-sustain__d-f__p-constant.mid,data/model_audio/scale_mid-rep03__t-sustain__d-f__p-constant.wav,planned
scale_mid-rep04__t-sustain__d-f__p-constant,model,VIOLET,constant,scale_mid,scale,mid,sustain,36,f,96,96,,2172852630828728595,20260826,scale_mid-rep04,4,1.0,1.0,,False,0.75,data/midi/full/model/scale_mid-rep04__t-sustain__d-f__p-constant.mid,data/model_audio/scale_mid-rep04__t-sustain__d-f__p-constant.wav,planned
scale_mid-rep05__t-sustain__d-f__p-constant,model,VIOLET,constant,scale_mid,scale,mid,sustain,36,f,96,96,,3597723321546381487,20260826,scale_mid-rep05,5,1.0,1.0,,False,0.75,data/midi/full/model/scale_mid-rep05__t-sustain__d-f__p-constant.mid,data/model_audio/scale_mid-rep05__t-sustain__d-f__p-constant.wav,planned
scale_mid-rep01__t-staccato__d-p__p-constant,model,VIOLET,constant,scale_mid,scale,mid,staccato,40,p,32,32,,8892977322573016981,20260826,scale_mid-rep01,1,1.0,1.0,,False,0.75,data/midi/full/model/scale_mid-rep01__t-staccato__d-p__p-constant.mid,data/model_audio/scale_mid-rep01__t-staccato__d-p__p-constant.wav,planned
scale_mid-rep02__t-staccato__d-p__p-constant,model,VIOLET,constant,scale_mid,scale,mid,staccato,40,p,32,32,,3906082626803451812,20260826,scale_mid-rep02,2,1.0,1.0,,False,0.75,data/midi/full/model/scale_mid-rep02__t-staccato__d-p__p-constant.mid,data/model_audio/scale_mid-rep02__t-staccato__d-p__p-constant.wav,planned
scale_mid-rep03__t-staccato__d-p__p-constant,model,VIOLET,constant,scale_mid,scale,mid,staccato,40,p,32,32,,6675872237000955197,20260826,scale_mid-rep03,3,1.0,1.0,,False,0.75,data/midi/full/model/scale_mid-rep03__t-staccato__d-p__p-constant.mid,data/model_audio/scale_mid-rep03__t-staccato__d-p__p-constant.wav,planned
scale_mid-rep04__t-staccato__d-p__p-constant,model,VIOLET,constant,scale_mid,scale,mid,staccato,40,p,32,32,,2172852630828728595,20260826,scale_mid-rep04,4,1.0,1.0,,False,0.75,data/midi/full/model/scale_mid-rep04__t-staccato__d-p__p-constant.mid,data/model_audio/scale_mid-rep04__t-staccato__d-p__p-constant.wav,planned
scale_mid-rep05__t-staccato__d-p__p-constant,model,VIOLET,constant,scale_mid,scale,mid,staccato,40,p,32,32,,3597723321546381487,20260826,scale_mid-rep05,5,1.0,1.0,,False,0.75,data/midi/full/model/scale_mid-rep05__t-staccato__d-p__p-constant.mid,data/model_audio/scale_mid-rep05__t-staccato__d-p__p-constant.wav,planned
scale_mid-rep01__t-staccato__d-mf__p-constant,model,VIOLET,constant,scale_mid,scale,mid,staccato,40,mf,64,64,,8892977322573016981,20260826,scale_mid-rep01,1,1.0,1.0,,False,0.75,data/midi/full/model/scale_mid-rep01__t-staccato__d-mf__p-constant.mid,data/model_audio/scale_mid-rep01__t-staccato__d-mf__p-constant.wav,planned
scale_mid-rep02__t-staccato__d-mf__p-constant,model,VIOLET,constant,scale_mid,scale,mid,staccato,40,mf,64,64,,3906082626803451812,20260826,scale_mid-rep02,2,1.0,1.0,,False,0.75,data/midi/full/model/scale_mid-rep02__t-staccato__d-mf__p-constant.mid,data/model_audio/scale_mid-rep02__t-staccato__d-mf__p-constant.wav,planned
scale_mid-rep03__t-staccato__d-mf__p-constant,model,VIOLET,constant,scale_mid,scale,mid,staccato,40,mf,64,64,,6675872237000955197,20260826,scale_mid-rep03,3,1.0,1.0,,False,0.75,data/midi/full/model/scale_mid-rep03__t-staccato__d-mf__p-constant.mid,data/model_audio/scale_mid-rep03__t-staccato__d-mf__p-constant.wav,planned
scale_mid-rep04__t-staccato__d-mf__p-constant,model,VIOLET,constant,scale_mid,scale,mid,staccato,40,mf,64,64,,2172852630828728595,20260826,scale_mid-rep04,4,1.0,1.0,,False,0.75,data/midi/full/model/scale_mid-rep04__t-staccato__d-mf__p-constant.mid,data/model_audio/scale_mid-rep04__t-staccato__d-mf__p-constant.wav,planned
scale_mid-rep05__t-staccato__d-mf__p-constant,model,VIOLET,constant,scale_mid,scale,mid,staccato,40,mf,64,64,,3597723321546381487,20260826,scale_mid-rep05,5,1.0,1.0,,False,0.75,data/midi/full/model/scale_mid-rep05__t-staccato__d-mf__p-constant.mid,data/model_audio/scale_mid-rep05__t-staccato__d-mf__p-constant.wav,planned
scale_mid-rep01__t-staccato__d-f__p-constant,model,VIOLET,constant,scale_mid,scale,mid,staccato,40,f,96,96,,8892977322573016981,20260826,scale_mid-rep01,1,1.0,1.0,,False,0.75,data/midi/full/model/scale_mid-rep01__t-staccato__d-f__p-constant.mid,data/model_audio/scale_mid-rep01__t-staccato__d-f__p-constant.wav,planned
scale_mid-rep02__t-staccato__d-f__p-constant,model,VIOLET,constant,scale_mid,scale,mid,staccato,40,f,96,96,,3906082626803451812,20260826,scale_mid-rep02,2,1.0,1.0,,False,0.75,data/midi/full/model/scale_mid-rep02__t-staccato__d-f__p-constant.mid,data/model_audio/scale_mid-rep02__t-staccato__d-f__p-constant.wav,planned
scale_mid-rep03__t-staccato__d-f__p-constant,model,VIOLET,constant,scale_mid,scale,mid,staccato,40,f,96,96,,6675872237000955197,20260826,scale_mid-rep03,3,1.0,1.0,,False,0.75,data/midi/full/model/scale_mid-rep03__t-staccato__d-f__p-constant.mid,data/model_audio/scale_mid-rep03__t-staccato__d-f__p-constant.wav,planned
scale_mid-rep04__t-staccato__d-f__p-constant,model,VIOLET,constant,scale_mid,scale,mid,staccato,40,f,96,96,,2172852630828728595,20260826,scale_mid-rep04,4,1.0,1.0,,False,0.75,data/midi/full/model/scale_mid-rep04__t-staccato__d-f__p-constant.mid,data/model_audio/scale_mid-rep04__t-staccato__d-f__p-constant.wav,planned
scale_mid-rep05__t-staccato__d-f__p-constant,model,VIOLET,constant,scale_mid,scale,mid,staccato,40,f,96,96,,3597723321546381487,20260826,scale_mid-rep05,5,1.0,1.0,,False,0.75,data/midi/full/model/scale_mid-rep05__t-staccato__d-f__p-constant.mid,data/model_audio/scale_mid-rep05__t-staccato__d-f__p-constant.wav,planned
scale_mid-rep01__t-pizzicato__d-p__p-constant,model,VIOLET,constant,scale_mid,scale,mid,pizzicato,43,p,32,32,,8892977322573016981,20260826,scale_mid-rep01,1,1.0,1.0,,False,0.75,data/midi/full/model/scale_mid-rep01__t-pizzicato__d-p__p-constant.mid,data/model_audio/scale_mid-rep01__t-pizzicato__d-p__p-constant.wav,planned
scale_mid-rep02__t-pizzicato__d-p__p-constant,model,VIOLET,constant,scale_mid,scale,mid,pizzicato,43,p,32,32,,3906082626803451812,20260826,scale_mid-rep02,2,1.0,1.0,,False,0.75,data/midi/full/model/scale_mid-rep02__t-pizzicato__d-p__p-constant.mid,data/model_audio/scale_mid-rep02__t-pizzicato__d-p__p-constant.wav,planned
scale_mid-rep03__t-pizzicato__d-p__p-constant,model,VIOLET,constant,scale_mid,scale,mid,pizzicato,43,p,32,32,,6675872237000955197,20260826,scale_mid-rep03,3,1.0,1.0,,False,0.75,data/midi/full/model/scale_mid-rep03__t-pizzicato__d-p__p-constant.mid,data/model_audio/scale_mid-rep03__t-pizzicato__d-p__p-constant.wav,planned
scale_mid-rep04__t-pizzicato__d-p__p-constant,model,VIOLET,constant,scale_mid,scale,mid,pizzicato,43,p,32,32,,2172852630828728595,20260826,scale_mid-rep04,4,1.0,1.0,,False,0.75,data/midi/full/model/scale_mid-rep04__t-pizzicato__d-p__p-constant.mid,data/model_audio/scale_mid-rep04__t-pizzicato__d-p__p-constant.wav,planned
scale_mid-rep05__t-pizzicato__d-p__p-constant,model,VIOLET,constant,scale_mid,scale,mid,pizzicato,43,p,32,32,,3597723321546381487,20260826,scale_mid-rep05,5,1.0,1.0,,False,0.75,data/midi/full/model/scale_mid-rep05__t-pizzicato__d-p__p-constant.mid,data/model_audio/scale_mid-rep05__t-pizzicato__d-p__p-constant.wav,planned
scale_mid-rep01__t-pizzicato__d-mf__p-constant,model,VIOLET,constant,scale_mid,scale,mid,pizzicato,43,mf,64,64,,8892977322573016981,20260826,scale_mid-rep01,1,1.0,1.0,,False,0.75,data/midi/full/model/scale_mid-rep01__t-pizzicato__d-mf__p-constant.mid,data/model_audio/scale_mid-rep01__t-pizzicato__d-mf__p-constant.wav,planned
scale_mid-rep02__t-pizzicato__d-mf__p-constant,model,VIOLET,constant,scale_mid,scale,mid,pizzicato,43,mf,64,64,,3906082626803451812,20260826,scale_mid-rep02,2,1.0,1.0,,False,0.75,data/midi/full/model/scale_mid-rep02__t-pizzicato__d-mf__p-constant.mid,data/model_audio/scale_mid-rep02__t-pizzicato__d-mf__p-constant.wav,planned
scale_mid-rep03__t-pizzicato__d-mf__p-constant,model,VIOLET,constant,scale_mid,scale,mid,pizzicato,43,mf,64,64,,6675872237000955197,20260826,scale_mid-rep03,3,1.0,1.0,,False,0.75,data/midi/full/model/scale_mid-rep03__t-pizzicato__d-mf__p-constant.mid,data/model_audio/scale_mid-rep03__t-pizzicato__d-mf__p-constant.wav,planned
scale_mid-rep04__t-pizzicato__d-mf__p-constant,model,VIOLET,constant,scale_mid,scale,mid,pizzicato,43,mf,64,64,,2172852630828728595,20260826,scale_mid-rep04,4,1.0,1.0,,False,0.75,data/midi/full/model/scale_mid-rep04__t-pizzicato__d-mf__p-constant.mid,data/model_audio/scale_mid-rep04__t-pizzicato__d-mf__p-constant.wav,planned
scale_mid-rep05__t-pizzicato__d-mf__p-constant,model,VIOLET,constant,scale_mid,scale,mid,pizzicato,43,mf,64,64,,3597723321546381487,20260826,scale_mid-rep05,5,1.0,1.0,,False,0.75,data/midi/full/model/scale_mid-rep05__t-pizzicato__d-mf__p-constant.mid,data/model_audio/scale_mid-rep05__t-pizzicato__d-mf__p-constant.wav,planned
scale_mid-rep01__t-pizzicato__d-f__p-constant,model,VIOLET,constant,scale_mid,scale,mid,pizzicato,43,f,96,96,,8892977322573016981,20260826,scale_mid-rep01,1,1.0,1.0,,False,0.75,data/midi/full/model/scale_mid-rep01__t-pizzicato__d-f__p-constant.mid,data/model_audio/scale_mid-rep01__t-pizzicato__d-f__p-constant.wav,planned
scale_mid-rep02__t-pizzicato__d-f__p-constant,model,VIOLET,constant,scale_mid,scale,mid,pizzicato,43,f,96,96,,3906082626803451812,20260826,scale_mid-rep02,2,1.0,1.0,,False,0.75,data/midi/full/model/scale_mid-rep02__t-pizzicato__d-f__p-constant.mid,data/model_audio/scale_mid-rep02__t-pizzicato__d-f__p-constant.wav,planned
scale_mid-rep03__t-pizzicato__d-f__p-constant,model,VIOLET,constant,scale_mid,scale,mid,pizzicato,43,f,96,96,,6675872237000955197,20260826,scale_mid-rep03,3,1.0,1.0,,False,0.75,data/midi/full/model/scale_mid-rep03__t-pizzicato__d-f__p-constant.mid,data/model_audio/scale_mid-rep03__t-pizzicato__d-f__p-constant.wav,planned
scale_mid-rep04__t-pizzicato__d-f__p-constant,model,VIOLET,constant,scale_mid,scale,mid,pizzicato,43,f,96,96,,2172852630828728595,20260826,scale_mid-rep04,4,1.0,1.0,,False,0.75,data/midi/full/model/scale_mid-rep04__t-pizzicato__d-f__p-constant.mid,data/model_audio/scale_mid-rep04__t-pizzicato__d-f__p-constant.wav,planned
scale_mid-rep05__t-pizzicato__d-f__p-constant,model,VIOLET,constant,scale_mid,scale,mid,pizzicato,43,f,96,96,,3597723321546381487,20260826,scale_mid-rep05,5,1.0,1.0,,False,0.75,data/midi/full/model/scale_mid-rep05__t-pizzicato__d-f__p-constant.mid,data/model_audio/scale_mid-rep05__t-pizzicato__d-f__p-constant.wav,planned
scale_mid-rep01__t-legato_slur__d-p__p-constant,model,VIOLET,constant,scale_mid,scale,mid,legato_slur,49,p,32,32,,8892977322573016981,20260826,scale_mid-rep01,1,1.0,1.0,,False,0.75,data/midi/full/model/scale_mid-rep01__t-legato_slur__d-p__p-constant.mid,data/model_audio/scale_mid-rep01__t-legato_slur__d-p__p-constant.wav,planned
scale_mid-rep02__t-legato_slur__d-p__p-constant,model,VIOLET,constant,scale_mid,scale,mid,legato_slur,49,p,32,32,,3906082626803451812,20260826,scale_mid-rep02,2,1.0,1.0,,False,0.75,data/midi/full/model/scale_mid-rep02__t-legato_slur__d-p__p-constant.mid,data/model_audio/scale_mid-rep02__t-legato_slur__d-p__p-constant.wav,planned
scale_mid-rep03__t-legato_slur__d-p__p-constant,model,VIOLET,constant,scale_mid,scale,mid,legato_slur,49,p,32,32,,6675872237000955197,20260826,scale_mid-rep03,3,1.0,1.0,,False,0.75,data/midi/full/model/scale_mid-rep03__t-legato_slur__d-p__p-constant.mid,data/model_audio/scale_mid-rep03__t-legato_slur__d-p__p-constant.wav,planned
scale_mid-rep04__t-legato_slur__d-p__p-constant,model,VIOLET,constant,scale_mid,scale,mid,legato_slur,49,p,32,32,,2172852630828728595,20260826,scale_mid-rep04,4,1.0,1.0,,False,0.75,data/midi/full/model/scale_mid-rep04__t-legato_slur__d-p__p-constant.mid,data/model_audio/scale_mid-rep04__t-legato_slur__d-p__p-constant.wav,planned
scale_mid-rep05__t-legato_slur__d-p__p-constant,model,VIOLET,constant,scale_mid,scale,mid,legato_slur,49,p,32,32,,3597723321546381487,20260826,scale_mid-rep05,5,1.0,1.0,,False,0.75,data/midi/full/model/scale_mid-rep05__t-legato_slur__d-p__p-constant.mid,data/model_audio/scale_mid-rep05__t-legato_slur__d-p__p-constant.wav,planned
scale_mid-rep01__t-legato_slur__d-mf__p-constant,model,VIOLET,constant,scale_mid,scale,mid,legato_slur,49,mf,64,64,,8892977322573016981,20260826,scale_mid-rep01,1,1.0,1.0,,False,0.75,data/midi/full/model/scale_mid-rep01__t-legato_slur__d-mf__p-constant.mid,data/model_audio/scale_mid-rep01__t-legato_slur__d-mf__p-constant.wav,planned
scale_mid-rep02__t-legato_slur__d-mf__p-constant,model,VIOLET,constant,scale_mid,scale,mid,legato_slur,49,mf,64,64,,3906082626803451812,20260826,scale_mid-rep02,2,1.0,1.0,,False,0.75,data/midi/full/model/scale_mid-rep02__t-legato_slur__d-mf__p-constant.mid,data/model_audio/scale_mid-rep02__t-legato_slur__d-mf__p-constant.wav,planned
scale_mid-rep03__t-legato_slur__d-mf__p-constant,model,VIOLET,constant,scale_mid,scale,mid,legato_slur,49,mf,64,64,,6675872237000955197,20260826,scale_mid-rep03,3,1.0,1.0,,False,0.75,data/midi/full/model/scale_mid-rep03__t-legato_slur__d-mf__p-constant.mid,data/model_audio/scale_mid-rep03__t-legato_slur__d-mf__p-constant.wav,planned
scale_mid-rep04__t-legato_slur__d-mf__p-constant,model,VIOLET,constant,scale_mid,scale,mid,legato_slur,49,mf,64,64,,2172852630828728595,20260826,scale_mid-rep04,4,1.0,1.0,,False,0.75,data/midi/full/model/scale_mid-rep04__t-legato_slur__d-mf__p-constant.mid,data/model_audio/scale_mid-rep04__t-legato_slur__d-mf__p-constant.wav,planned
scale_mid-rep05__t-legato_slur__d-mf__p-constant,model,VIOLET,constant,scale_mid,scale,mid,legato_slur,49,mf,64,64,,3597723321546381487,20260826,scale_mid-rep05,5,1.0,1.0,,False,0.75,data/midi/full/model/scale_mid-rep05__t-legato_slur__d-mf__p-constant.mid,data/model_audio/scale_mid-rep05__t-legato_slur__d-mf__p-constant.wav,planned
scale_mid-rep01__t-legato_slur__d-f__p-constant,model,VIOLET,constant,scale_mid,scale,mid,legato_slur,49,f,96,96,,8892977322573016981,20260826,scale_mid-rep01,1,1.0,1.0,,False,0.75,data/midi/full/model/scale_mid-rep01__t-legato_slur__d-f__p-constant.mid,data/model_audio/scale_mid-rep01__t-legato_slur__d-f__p-constant.wav,planned
scale_mid-rep02__t-legato_slur__d-f__p-constant,model,VIOLET,constant,scale_mid,scale,mid,legato_slur,49,f,96,96,,3906082626803451812,20260826,scale_mid-rep02,2,1.0,1.0,,False,0.75,data/midi/full/model/scale_mid-rep02__t-legato_slur__d-f__p-constant.mid,data/model_audio/scale_mid-rep02__t-legato_slur__d-f__p-constant.wav,planned
scale_mid-rep03__t-legato_slur__d-f__p-constant,model,VIOLET,constant,scale_mid,scale,mid,legato_slur,49,f,96,96,,6675872237000955197,20260826,scale_mid-rep03,3,1.0,1.0,,False,0.75,data/midi/full/model/scale_mid-rep03__t-legato_slur__d-f__p-constant.mid,data/model_audio/scale_mid-rep03__t-legato_slur__d-f__p-constant.wav,planned
scale_mid-rep04__t-legato_slur__d-f__p-constant,model,VIOLET,constant,scale_mid,scale,mid,legato_slur,49,f,96,96,,2172852630828728595,20260826,scale_mid-rep04,4,1.0,1.0,,False,0.75,data/midi/full/model/scale_mid-rep04__t-legato_slur__d-f__p-constant.mid,data/model_audio/scale_mid-rep04__t-legato_slur__d-f__p-constant.wav,planned
scale_mid-rep05__t-legato_slur__d-f__p-constant,model,VIOLET,constant,scale_mid,scale,mid,legato_slur,49,f,96,96,,3597723321546381487,20260826,scale_mid-rep05,5,1.0,1.0,,False,0.75,data/midi/full/model/scale_mid-rep05__t-legato_slur__d-f__p-constant.mid,data/model_audio/scale_mid-rep05__t-legato_slur__d-f__p-constant.wav,planned
scale_high-rep01__t-sustain__d-p__p-constant,model,VIOLET,constant,scale_high,scale,high,sustain,36,p,32,32,,3601476356198720197,20260826,scale_high-rep01,1,1.0,1.0,,False,0.75,data/midi/full/model/scale_high-rep01__t-sustain__d-p__p-constant.mid,data/model_audio/scale_high-rep01__t-sustain__d-p__p-constant.wav,planned
scale_high-rep02__t-sustain__d-p__p-constant,model,VIOLET,constant,scale_high,scale,high,sustain,36,p,32,32,,8772427467787090257,20260826,scale_high-rep02,2,1.0,1.0,,False,0.75,data/midi/full/model/scale_high-rep02__t-sustain__d-p__p-constant.mid,data/model_audio/scale_high-rep02__t-sustain__d-p__p-constant.wav,planned
scale_high-rep03__t-sustain__d-p__p-constant,model,VIOLET,constant,scale_high,scale,high,sustain,36,p,32,32,,4825461838830813663,20260826,scale_high-rep03,3,1.0,1.0,,False,0.75,data/midi/full/model/scale_high-rep03__t-sustain__d-p__p-constant.mid,data/model_audio/scale_high-rep03__t-sustain__d-p__p-constant.wav,planned
scale_high-rep04__t-sustain__d-p__p-constant,model,VIOLET,constant,scale_high,scale,high,sustain,36,p,32,32,,3361044137096206580,20260826,scale_high-rep04,4,1.0,1.0,,False,0.75,data/midi/full/model/scale_high-rep04__t-sustain__d-p__p-constant.mid,data/model_audio/scale_high-rep04__t-sustain__d-p__p-constant.wav,planned
scale_high-rep05__t-sustain__d-p__p-constant,model,VIOLET,constant,scale_high,scale,high,sustain,36,p,32,32,,5217563959535354190,20260826,scale_high-rep05,5,1.0,1.0,,False,0.75,data/midi/full/model/scale_high-rep05__t-sustain__d-p__p-constant.mid,data/model_audio/scale_high-rep05__t-sustain__d-p__p-constant.wav,planned
scale_high-rep01__t-sustain__d-mf__p-constant,model,VIOLET,constant,scale_high,scale,high,sustain,36,mf,64,64,,3601476356198720197,20260826,scale_high-rep01,1,1.0,1.0,,False,0.75,data/midi/full/model/scale_high-rep01__t-sustain__d-mf__p-constant.mid,data/model_audio/scale_high-rep01__t-sustain__d-mf__p-constant.wav,planned
scale_high-rep02__t-sustain__d-mf__p-constant,model,VIOLET,constant,scale_high,scale,high,sustain,36,mf,64,64,,8772427467787090257,20260826,scale_high-rep02,2,1.0,1.0,,False,0.75,data/midi/full/model/scale_high-rep02__t-sustain__d-mf__p-constant.mid,data/model_audio/scale_high-rep02__t-sustain__d-mf__p-constant.wav,planned
scale_high-rep03__t-sustain__d-mf__p-constant,model,VIOLET,constant,scale_high,scale,high,sustain,36,mf,64,64,,4825461838830813663,20260826,scale_high-rep03,3,1.0,1.0,,False,0.75,data/midi/full/model/scale_high-rep03__t-sustain__d-mf__p-constant.mid,data/model_audio/scale_high-rep03__t-sustain__d-mf__p-constant.wav,planned
scale_high-rep04__t-sustain__d-mf__p-constant,model,VIOLET,constant,scale_high,scale,high,sustain,36,mf,64,64,,3361044137096206580,20260826,scale_high-rep04,4,1.0,1.0,,False,0.75,data/midi/full/model/scale_high-rep04__t-sustain__d-mf__p-constant.mid,data/model_audio/scale_high-rep04__t-sustain__d-mf__p-constant.wav,planned
scale_high-rep05__t-sustain__d-mf__p-constant,model,VIOLET,constant,scale_high,scale,high,sustain,36,mf,64,64,,5217563959535354190,20260826,scale_high-rep05,5,1.0,1.0,,False,0.75,data/midi/full/model/scale_high-rep05__t-sustain__d-mf__p-constant.mid,data/model_audio/scale_high-rep05__t-sustain__d-mf__p-constant.wav,planned
scale_high-rep01__t-sustain__d-f__p-constant,model,VIOLET,constant,scale_high,scale,high,sustain,36,f,96,96,,3601476356198720197,20260826,scale_high-rep01,1,1.0,1.0,,False,0.75,data/midi/full/model/scale_high-rep01__t-sustain__d-f__p-constant.mid,data/model_audio/scale_high-rep01__t-sustain__d-f__p-constant.wav,planned
scale_high-rep02__t-sustain__d-f__p-constant,model,VIOLET,constant,scale_high,scale,high,sustain,36,f,96,96,,8772427467787090257,20260826,scale_high-rep02,2,1.0,1.0,,False,0.75,data/midi/full/model/scale_high-rep02__t-sustain__d-f__p-constant.mid,data/model_audio/scale_high-rep02__t-sustain__d-f__p-constant.wav,planned
scale_high-rep03__t-sustain__d-f__p-constant,model,VIOLET,constant,scale_high,scale,high,sustain,36,f,96,96,,4825461838830813663,20260826,scale_high-rep03,3,1.0,1.0,,False,0.75,data/midi/full/model/scale_high-rep03__t-sustain__d-f__p-constant.mid,data/model_audio/scale_high-rep03__t-sustain__d-f__p-constant.wav,planned
scale_high-rep04__t-sustain__d-f__p-constant,model,VIOLET,constant,scale_high,scale,high,sustain,36,f,96,96,,3361044137096206580,20260826,scale_high-rep04,4,1.0,1.0,,False,0.75,data/midi/full/model/scale_high-rep04__t-sustain__d-f__p-constant.mid,data/model_audio/scale_high-rep04__t-sustain__d-f__p-constant.wav,planned
scale_high-rep05__t-sustain__d-f__p-constant,model,VIOLET,constant,scale_high,scale,high,sustain,36,f,96,96,,5217563959535354190,20260826,scale_high-rep05,5,1.0,1.0,,False,0.75,data/midi/full/model/scale_high-rep05__t-sustain__d-f__p-constant.mid,data/model_audio/scale_high-rep05__t-sustain__d-f__p-constant.wav,planned
scale_high-rep01__t-staccato__d-p__p-constant,model,VIOLET,constant,scale_high,scale,high,staccato,40,p,32,32,,3601476356198720197,20260826,scale_high-rep01,1,1.0,1.0,,False,0.75,data/midi/full/model/scale_high-rep01__t-staccato__d-p__p-constant.mid,data/model_audio/scale_high-rep01__t-staccato__d-p__p-constant.wav,planned
scale_high-rep02__t-staccato__d-p__p-constant,model,VIOLET,constant,scale_high,scale,high,staccato,40,p,32,32,,8772427467787090257,20260826,scale_high-rep02,2,1.0,1.0,,False,0.75,data/midi/full/model/scale_high-rep02__t-staccato__d-p__p-constant.mid,data/model_audio/scale_high-rep02__t-staccato__d-p__p-constant.wav,planned
scale_high-rep03__t-staccato__d-p__p-constant,model,VIOLET,constant,scale_high,scale,high,staccato,40,p,32,32,,4825461838830813663,20260826,scale_high-rep03,3,1.0,1.0,,False,0.75,data/midi/full/model/scale_high-rep03__t-staccato__d-p__p-constant.mid,data/model_audio/scale_high-rep03__t-staccato__d-p__p-constant.wav,planned
scale_high-rep04__t-staccato__d-p__p-constant,model,VIOLET,constant,scale_high,scale,high,staccato,40,p,32,32,,3361044137096206580,20260826,scale_high-rep04,4,1.0,1.0,,False,0.75,data/midi/full/model/scale_high-rep04__t-staccato__d-p__p-constant.mid,data/model_audio/scale_high-rep04__t-staccato__d-p__p-constant.wav,planned
scale_high-rep05__t-staccato__d-p__p-constant,model,VIOLET,constant,scale_high,scale,high,staccato,40,p,32,32,,5217563959535354190,20260826,scale_high-rep05,5,1.0,1.0,,False,0.75,data/midi/full/model/scale_high-rep05__t-staccato__d-p__p-constant.mid,data/model_audio/scale_high-rep05__t-staccato__d-p__p-constant.wav,planned
scale_high-rep01__t-staccato__d-mf__p-constant,model,VIOLET,constant,scale_high,scale,high,staccato,40,mf,64,64,,3601476356198720197,20260826,scale_high-rep01,1,1.0,1.0,,False,0.75,data/midi/full/model/scale_high-rep01__t-staccato__d-mf__p-constant.mid,data/model_audio/scale_high-rep01__t-staccato__d-mf__p-constant.wav,planned
scale_high-rep02__t-staccato__d-mf__p-constant,model,VIOLET,constant,scale_high,scale,high,staccato,40,mf,64,64,,8772427467787090257,20260826,scale_high-rep02,2,1.0,1.0,,False,0.75,data/midi/full/model/scale_high-rep02__t-staccato__d-mf__p-constant.mid,data/model_audio/scale_high-rep02__t-staccato__d-mf__p-constant.wav,planned
scale_high-rep03__t-staccato__d-mf__p-constant,model,VIOLET,constant,scale_high,scale,high,staccato,40,mf,64,64,,4825461838830813663,20260826,scale_high-rep03,3,1.0,1.0,,False,0.75,data/midi/full/model/scale_high-rep03__t-staccato__d-mf__p-constant.mid,data/model_audio/scale_high-rep03__t-staccato__d-mf__p-constant.wav,planned
scale_high-rep04__t-staccato__d-mf__p-constant,model,VIOLET,constant,scale_high,scale,high,staccato,40,mf,64,64,,3361044137096206580,20260826,scale_high-rep04,4,1.0,1.0,,False,0.75,data/midi/full/model/scale_high-rep04__t-staccato__d-mf__p-constant.mid,data/model_audio/scale_high-rep04__t-staccato__d-mf__p-constant.wav,planned
scale_high-rep05__t-staccato__d-mf__p-constant,model,VIOLET,constant,scale_high,scale,high,staccato,40,mf,64,64,,5217563959535354190,20260826,scale_high-rep05,5,1.0,1.0,,False,0.75,data/midi/full/model/scale_high-rep05__t-staccato__d-mf__p-constant.mid,data/model_audio/scale_high-rep05__t-staccato__d-mf__p-constant.wav,planned
scale_high-rep01__t-staccato__d-f__p-constant,model,VIOLET,constant,scale_high,scale,high,staccato,40,f,96,96,,3601476356198720197,20260826,scale_high-rep01,1,1.0,1.0,,False,0.75,data/midi/full/model/scale_high-rep01__t-staccato__d-f__p-constant.mid,data/model_audio/scale_high-rep01__t-staccato__d-f__p-constant.wav,planned
scale_high-rep02__t-staccato__d-f__p-constant,model,VIOLET,constant,scale_high,scale,high,staccato,40,f,96,96,,8772427467787090257,20260826,scale_high-rep02,2,1.0,1.0,,False,0.75,data/midi/full/model/scale_high-rep02__t-staccato__d-f__p-constant.mid,data/model_audio/scale_high-rep02__t-staccato__d-f__p-constant.wav,planned
scale_high-rep03__t-staccato__d-f__p-constant,model,VIOLET,constant,scale_high,scale,high,staccato,40,f,96,96,,4825461838830813663,20260826,scale_high-rep03,3,1.0,1.0,,False,0.75,data/midi/full/model/scale_high-rep03__t-staccato__d-f__p-constant.mid,data/model_audio/scale_high-rep03__t-staccato__d-f__p-constant.wav,planned
scale_high-rep04__t-staccato__d-f__p-constant,model,VIOLET,constant,scale_high,scale,high,staccato,40,f,96,96,,3361044137096206580,20260826,scale_high-rep04,4,1.0,1.0,,False,0.75,data/midi/full/model/scale_high-rep04__t-staccato__d-f__p-constant.mid,data/model_audio/scale_high-rep04__t-staccato__d-f__p-constant.wav,planned
scale_high-rep05__t-staccato__d-f__p-constant,model,VIOLET,constant,scale_high,scale,high,staccato,40,f,96,96,,5217563959535354190,20260826,scale_high-rep05,5,1.0,1.0,,False,0.75,data/midi/full/model/scale_high-rep05__t-staccato__d-f__p-constant.mid,data/model_audio/scale_high-rep05__t-staccato__d-f__p-constant.wav,planned
scale_high-rep01__t-pizzicato__d-p__p-constant,model,VIOLET,constant,scale_high,scale,high,pizzicato,43,p,32,32,,3601476356198720197,20260826,scale_high-rep01,1,1.0,1.0,,False,0.75,data/midi/full/model/scale_high-rep01__t-pizzicato__d-p__p-constant.mid,data/model_audio/scale_high-rep01__t-pizzicato__d-p__p-constant.wav,planned
scale_high-rep02__t-pizzicato__d-p__p-constant,model,VIOLET,constant,scale_high,scale,high,pizzicato,43,p,32,32,,8772427467787090257,20260826,scale_high-rep02,2,1.0,1.0,,False,0.75,data/midi/full/model/scale_high-rep02__t-pizzicato__d-p__p-constant.mid,data/model_audio/scale_high-rep02__t-pizzicato__d-p__p-constant.wav,planned
scale_high-rep03__t-pizzicato__d-p__p-constant,model,VIOLET,constant,scale_high,scale,high,pizzicato,43,p,32,32,,4825461838830813663,20260826,scale_high-rep03,3,1.0,1.0,,False,0.75,data/midi/full/model/scale_high-rep03__t-pizzicato__d-p__p-constant.mid,data/model_audio/scale_high-rep03__t-pizzicato__d-p__p-constant.wav,planned
scale_high-rep04__t-pizzicato__d-p__p-constant,model,VIOLET,constant,scale_high,scale,high,pizzicato,43,p,32,32,,3361044137096206580,20260826,scale_high-rep04,4,1.0,1.0,,False,0.75,data/midi/full/model/scale_high-rep04__t-pizzicato__d-p__p-constant.mid,data/model_audio/scale_high-rep04__t-pizzicato__d-p__p-constant.wav,planned
scale_high-rep05__t-pizzicato__d-p__p-constant,model,VIOLET,constant,scale_high,scale,high,pizzicato,43,p,32,32,,5217563959535354190,20260826,scale_high-rep05,5,1.0,1.0,,False,0.75,data/midi/full/model/scale_high-rep05__t-pizzicato__d-p__p-constant.mid,data/model_audio/scale_high-rep05__t-pizzicato__d-p__p-constant.wav,planned
scale_high-rep01__t-pizzicato__d-mf__p-constant,model,VIOLET,constant,scale_high,scale,high,pizzicato,43,mf,64,64,,3601476356198720197,20260826,scale_high-rep01,1,1.0,1.0,,False,0.75,data/midi/full/model/scale_high-rep01__t-pizzicato__d-mf__p-constant.mid,data/model_audio/scale_high-rep01__t-pizzicato__d-mf__p-constant.wav,planned
scale_high-rep02__t-pizzicato__d-mf__p-constant,model,VIOLET,constant,scale_high,scale,high,pizzicato,43,mf,64,64,,8772427467787090257,20260826,scale_high-rep02,2,1.0,1.0,,False,0.75,data/midi/full/model/scale_high-rep02__t-pizzicato__d-mf__p-constant.mid,data/model_audio/scale_high-rep02__t-pizzicato__d-mf__p-constant.wav,planned
scale_high-rep03__t-pizzicato__d-mf__p-constant,model,VIOLET,constant,scale_high,scale,high,pizzicato,43,mf,64,64,,4825461838830813663,20260826,scale_high-rep03,3,1.0,1.0,,False,0.75,data/midi/full/model/scale_high-rep03__t-pizzicato__d-mf__p-constant.mid,data/model_audio/scale_high-rep03__t-pizzicato__d-mf__p-constant.wav,planned
scale_high-rep04__t-pizzicato__d-mf__p-constant,model,VIOLET,constant,scale_high,scale,high,pizzicato,43,mf,64,64,,3361044137096206580,20260826,scale_high-rep04,4,1.0,1.0,,False,0.75,data/midi/full/model/scale_high-rep04__t-pizzicato__d-mf__p-constant.mid,data/model_audio/scale_high-rep04__t-pizzicato__d-mf__p-constant.wav,planned
scale_high-rep05__t-pizzicato__d-mf__p-constant,model,VIOLET,constant,scale_high,scale,high,pizzicato,43,mf,64,64,,5217563959535354190,20260826,scale_high-rep05,5,1.0,1.0,,False,0.75,data/midi/full/model/scale_high-rep05__t-pizzicato__d-mf__p-constant.mid,data/model_audio/scale_high-rep05__t-pizzicato__d-mf__p-constant.wav,planned
scale_high-rep01__t-pizzicato__d-f__p-constant,model,VIOLET,constant,scale_high,scale,high,pizzicato,43,f,96,96,,3601476356198720197,20260826,scale_high-rep01,1,1.0,1.0,,False,0.75,data/midi/full/model/scale_high-rep01__t-pizzicato__d-f__p-constant.mid,data/model_audio/scale_high-rep01__t-pizzicato__d-f__p-constant.wav,planned
scale_high-rep02__t-pizzicato__d-f__p-constant,model,VIOLET,constant,scale_high,scale,high,pizzicato,43,f,96,96,,8772427467787090257,20260826,scale_high-rep02,2,1.0,1.0,,False,0.75,data/midi/full/model/scale_high-rep02__t-pizzicato__d-f__p-constant.mid,data/model_audio/scale_high-rep02__t-pizzicato__d-f__p-constant.wav,planned
scale_high-rep03__t-pizzicato__d-f__p-constant,model,VIOLET,constant,scale_high,scale,high,pizzicato,43,f,96,96,,4825461838830813663,20260826,scale_high-rep03,3,1.0,1.0,,False,0.75,data/midi/full/model/scale_high-rep03__t-pizzicato__d-f__p-constant.mid,data/model_audio/scale_high-rep03__t-pizzicato__d-f__p-constant.wav,planned
scale_high-rep04__t-pizzicato__d-f__p-constant,model,VIOLET,constant,scale_high,scale,high,pizzicato,43,f,96,96,,3361044137096206580,20260826,scale_high-rep04,4,1.0,1.0,,False,0.75,data/midi/full/model/scale_high-rep04__t-pizzicato__d-f__p-constant.mid,data/model_audio/scale_high-rep04__t-pizzicato__d-f__p-constant.wav,planned
scale_high-rep05__t-pizzicato__d-f__p-constant,model,VIOLET,constant,scale_high,scale,high,pizzicato,43,f,96,96,,5217563959535354190,20260826,scale_high-rep05,5,1.0,1.0,,False,0.75,data/midi/full/model/scale_high-rep05__t-pizzicato__d-f__p-constant.mid,data/model_audio/scale_high-rep05__t-pizzicato__d-f__p-constant.wav,planned
scale_high-rep01__t-legato_slur__d-p__p-constant,model,VIOLET,constant,scale_high,scale,high,legato_slur,49,p,32,32,,3601476356198720197,20260826,scale_high-rep01,1,1.0,1.0,,False,0.75,data/midi/full/model/scale_high-rep01__t-legato_slur__d-p__p-constant.mid,data/model_audio/scale_high-rep01__t-legato_slur__d-p__p-constant.wav,planned
scale_high-rep02__t-legato_slur__d-p__p-constant,model,VIOLET,constant,scale_high,scale,high,legato_slur,49,p,32,32,,8772427467787090257,20260826,scale_high-rep02,2,1.0,1.0,,False,0.75,data/midi/full/model/scale_high-rep02__t-legato_slur__d-p__p-constant.mid,data/model_audio/scale_high-rep02__t-legato_slur__d-p__p-constant.wav,planned
scale_high-rep03__t-legato_slur__d-p__p-constant,model,VIOLET,constant,scale_high,scale,high,legato_slur,49,p,32,32,,4825461838830813663,20260826,scale_high-rep03,3,1.0,1.0,,False,0.75,data/midi/full/model/scale_high-rep03__t-legato_slur__d-p__p-constant.mid,data/model_audio/scale_high-rep03__t-legato_slur__d-p__p-constant.wav,planned
scale_high-rep04__t-legato_slur__d-p__p-constant,model,VIOLET,constant,scale_high,scale,high,legato_slur,49,p,32,32,,3361044137096206580,20260826,scale_high-rep04,4,1.0,1.0,,False,0.75,data/midi/full/model/scale_high-rep04__t-legato_slur__d-p__p-constant.mid,data/model_audio/scale_high-rep04__t-legato_slur__d-p__p-constant.wav,planned
scale_high-rep05__t-legato_slur__d-p__p-constant,model,VIOLET,constant,scale_high,scale,high,legato_slur,49,p,32,32,,5217563959535354190,20260826,scale_high-rep05,5,1.0,1.0,,False,0.75,data/midi/full/model/scale_high-rep05__t-legato_slur__d-p__p-constant.mid,data/model_audio/scale_high-rep05__t-legato_slur__d-p__p-constant.wav,planned
scale_high-rep01__t-legato_slur__d-mf__p-constant,model,VIOLET,constant,scale_high,scale,high,legato_slur,49,mf,64,64,,3601476356198720197,20260826,scale_high-rep01,1,1.0,1.0,,False,0.75,data/midi/full/model/scale_high-rep01__t-legato_slur__d-mf__p-constant.mid,data/model_audio/scale_high-rep01__t-legato_slur__d-mf__p-constant.wav,planned
scale_high-rep02__t-legato_slur__d-mf__p-constant,model,VIOLET,constant,scale_high,scale,high,legato_slur,49,mf,64,64,,8772427467787090257,20260826,scale_high-rep02,2,1.0,1.0,,False,0.75,data/midi/full/model/scale_high-rep02__t-legato_slur__d-mf__p-constant.mid,data/model_audio/scale_high-rep02__t-legato_slur__d-mf__p-constant.wav,planned
scale_high-rep03__t-legato_slur__d-mf__p-constant,model,VIOLET,constant,scale_high,scale,high,legato_slur,49,mf,64,64,,4825461838830813663,20260826,scale_high-rep03,3,1.0,1.0,,False,0.75,data/midi/full/model/scale_high-rep03__t-legato_slur__d-mf__p-constant.mid,data/model_audio/scale_high-rep03__t-legato_slur__d-mf__p-constant.wav,planned
scale_high-rep04__t-legato_slur__d-mf__p-constant,model,VIOLET,constant,scale_high,scale,high,legato_slur,49,mf,64,64,,3361044137096206580,20260826,scale_high-rep04,4,1.0,1.0,,False,0.75,data/midi/full/model/scale_high-rep04__t-legato_slur__d-mf__p-constant.mid,data/model_audio/scale_high-rep04__t-legato_slur__d-mf__p-constant.wav,planned
scale_high-rep05__t-legato_slur__d-mf__p-constant,model,VIOLET,constant,scale_high,scale,high,legato_slur,49,mf,64,64,,5217563959535354190,20260826,scale_high-rep05,5,1.0,1.0,,False,0.75,data/midi/full/model/scale_high-rep05__t-legato_slur__d-mf__p-constant.mid,data/model_audio/scale_high-rep05__t-legato_slur__d-mf__p-constant.wav,planned
scale_high-rep01__t-legato_slur__d-f__p-constant,model,VIOLET,constant,scale_high,scale,high,legato_slur,49,f,96,96,,3601476356198720197,20260826,scale_high-rep01,1,1.0,1.0,,False,0.75,data/midi/full/model/scale_high-rep01__t-legato_slur__d-f__p-constant.mid,data/model_audio/scale_high-rep01__t-legato_slur__d-f__p-constant.wav,planned
scale_high-rep02__t-legato_slur__d-f__p-constant,model,VIOLET,constant,scale_high,scale,high,legato_slur,49,f,96,96,,8772427467787090257,20260826,scale_high-rep02,2,1.0,1.0,,False,0.75,data/midi/full/model/scale_high-rep02__t-legato_slur__d-f__p-constant.mid,data/model_audio/scale_high-rep02__t-legato_slur__d-f__p-constant.wav,planned
scale_high-rep03__t-legato_slur__d-f__p-constant,model,VIOLET,constant,scale_high,scale,high,legato_slur,49,f,96,96,,4825461838830813663,20260826,scale_high-rep03,3,1.0,1.0,,False,0.75,data/midi/full/model/scale_high-rep03__t-legato_slur__d-f__p-constant.mid,data/model_audio/scale_high-rep03__t-legato_slur__d-f__p-constant.wav,planned
scale_high-rep04__t-legato_slur__d-f__p-constant,model,VIOLET,constant,scale_high,scale,high,legato_slur,49,f,96,96,,3361044137096206580,20260826,scale_high-rep04,4,1.0,1.0,,False,0.75,data/midi/full/model/scale_high-rep04__t-legato_slur__d-f__p-constant.mid,data/model_audio/scale_high-rep04__t-legato_slur__d-f__p-constant.wav,planned
scale_high-rep05__t-legato_slur__d-f__p-constant,model,VIOLET,constant,scale_high,scale,high,legato_slur,49,f,96,96,,5217563959535354190,20260826,scale_high-rep05,5,1.0,1.0,,False,0.75,data/midi/full/model/scale_high-rep05__t-legato_slur__d-f__p-constant.mid,data/model_audio/scale_high-rep05__t-legato_slur__d-f__p-constant.wav,planned
repeat_low-rep01__t-sustain__d-p__p-constant,model,VIOLET,constant,repeat_low,repeat,low,sustain,36,p,32,32,,53682925011990100,20260826,repeat_low-rep01,1,1.0,1.0,62.0,True,0.75,data/midi/full/model/repeat_low-rep01__t-sustain__d-p__p-constant.mid,data/model_audio/repeat_low-rep01__t-sustain__d-p__p-constant.wav,planned
repeat_low-rep02__t-sustain__d-p__p-constant,model,VIOLET,constant,repeat_low,repeat,low,sustain,36,p,32,32,,2607217748113894671,20260826,repeat_low-rep02,2,1.0,1.0,62.0,True,0.75,data/midi/full/model/repeat_low-rep02__t-sustain__d-p__p-constant.mid,data/model_audio/repeat_low-rep02__t-sustain__d-p__p-constant.wav,planned
repeat_low-rep03__t-sustain__d-p__p-constant,model,VIOLET,constant,repeat_low,repeat,low,sustain,36,p,32,32,,7776081870467878070,20260826,repeat_low-rep03,3,1.0,1.0,62.0,True,0.75,data/midi/full/model/repeat_low-rep03__t-sustain__d-p__p-constant.mid,data/model_audio/repeat_low-rep03__t-sustain__d-p__p-constant.wav,planned
repeat_low-rep04__t-sustain__d-p__p-constant,model,VIOLET,constant,repeat_low,repeat,low,sustain,36,p,32,32,,3801386754783833861,20260826,repeat_low-rep04,4,1.0,1.0,62.0,True,0.75,data/midi/full/model/repeat_low-rep04__t-sustain__d-p__p-constant.mid,data/model_audio/repeat_low-rep04__t-sustain__d-p__p-constant.wav,planned
repeat_low-rep05__t-sustain__d-p__p-constant,model,VIOLET,constant,repeat_low,repeat,low,sustain,36,p,32,32,,3878988259898441575,20260826,repeat_low-rep05,5,1.0,1.0,62.0,True,0.75,data/midi/full/model/repeat_low-rep05__t-sustain__d-p__p-constant.mid,data/model_audio/repeat_low-rep05__t-sustain__d-p__p-constant.wav,planned
repeat_low-rep01__t-sustain__d-mf__p-constant,model,VIOLET,constant,repeat_low,repeat,low,sustain,36,mf,64,64,,53682925011990100,20260826,repeat_low-rep01,1,1.0,1.0,62.0,True,0.75,data/midi/full/model/repeat_low-rep01__t-sustain__d-mf__p-constant.mid,data/model_audio/repeat_low-rep01__t-sustain__d-mf__p-constant.wav,planned
repeat_low-rep02__t-sustain__d-mf__p-constant,model,VIOLET,constant,repeat_low,repeat,low,sustain,36,mf,64,64,,2607217748113894671,20260826,repeat_low-rep02,2,1.0,1.0,62.0,True,0.75,data/midi/full/model/repeat_low-rep02__t-sustain__d-mf__p-constant.mid,data/model_audio/repeat_low-rep02__t-sustain__d-mf__p-constant.wav,planned
repeat_low-rep03__t-sustain__d-mf__p-constant,model,VIOLET,constant,repeat_low,repeat,low,sustain,36,mf,64,64,,7776081870467878070,20260826,repeat_low-rep03,3,1.0,1.0,62.0,True,0.75,data/midi/full/model/repeat_low-rep03__t-sustain__d-mf__p-constant.mid,data/model_audio/repeat_low-rep03__t-sustain__d-mf__p-constant.wav,planned
repeat_low-rep04__t-sustain__d-mf__p-constant,model,VIOLET,constant,repeat_low,repeat,low,sustain,36,mf,64,64,,3801386754783833861,20260826,repeat_low-rep04,4,1.0,1.0,62.0,True,0.75,data/midi/full/model/repeat_low-rep04__t-sustain__d-mf__p-constant.mid,data/model_audio/repeat_low-rep04__t-sustain__d-mf__p-constant.wav,planned
repeat_low-rep05__t-sustain__d-mf__p-constant,model,VIOLET,constant,repeat_low,repeat,low,sustain,36,mf,64,64,,3878988259898441575,20260826,repeat_low-rep05,5,1.0,1.0,62.0,True,0.75,data/midi/full/model/repeat_low-rep05__t-sustain__d-mf__p-constant.mid,data/model_audio/repeat_low-rep05__t-sustain__d-mf__p-constant.wav,planned
repeat_low-rep01__t-sustain__d-f__p-constant,model,VIOLET,constant,repeat_low,repeat,low,sustain,36,f,96,96,,53682925011990100,20260826,repeat_low-rep01,1,1.0,1.0,62.0,True,0.75,data/midi/full/model/repeat_low-rep01__t-sustain__d-f__p-constant.mid,data/model_audio/repeat_low-rep01__t-sustain__d-f__p-constant.wav,planned
repeat_low-rep02__t-sustain__d-f__p-constant,model,VIOLET,constant,repeat_low,repeat,low,sustain,36,f,96,96,,2607217748113894671,20260826,repeat_low-rep02,2,1.0,1.0,62.0,True,0.75,data/midi/full/model/repeat_low-rep02__t-sustain__d-f__p-constant.mid,data/model_audio/repeat_low-rep02__t-sustain__d-f__p-constant.wav,planned
repeat_low-rep03__t-sustain__d-f__p-constant,model,VIOLET,constant,repeat_low,repeat,low,sustain,36,f,96,96,,7776081870467878070,20260826,repeat_low-rep03,3,1.0,1.0,62.0,True,0.75,data/midi/full/model/repeat_low-rep03__t-sustain__d-f__p-constant.mid,data/model_audio/repeat_low-rep03__t-sustain__d-f__p-constant.wav,planned
repeat_low-rep04__t-sustain__d-f__p-constant,model,VIOLET,constant,repeat_low,repeat,low,sustain,36,f,96,96,,3801386754783833861,20260826,repeat_low-rep04,4,1.0,1.0,62.0,True,0.75,data/midi/full/model/repeat_low-rep04__t-sustain__d-f__p-constant.mid,data/model_audio/repeat_low-rep04__t-sustain__d-f__p-constant.wav,planned
repeat_low-rep05__t-sustain__d-f__p-constant,model,VIOLET,constant,repeat_low,repeat,low,sustain,36,f,96,96,,3878988259898441575,20260826,repeat_low-rep05,5,1.0,1.0,62.0,True,0.75,data/midi/full/model/repeat_low-rep05__t-sustain__d-f__p-constant.mid,data/model_audio/repeat_low-rep05__t-sustain__d-f__p-constant.wav,planned
repeat_low-rep01__t-staccato__d-p__p-constant,model,VIOLET,constant,repeat_low,repeat,low,staccato,40,p,32,32,,53682925011990100,20260826,repeat_low-rep01,1,1.0,1.0,62.0,True,0.75,data/midi/full/model/repeat_low-rep01__t-staccato__d-p__p-constant.mid,data/model_audio/repeat_low-rep01__t-staccato__d-p__p-constant.wav,planned
repeat_low-rep02__t-staccato__d-p__p-constant,model,VIOLET,constant,repeat_low,repeat,low,staccato,40,p,32,32,,2607217748113894671,20260826,repeat_low-rep02,2,1.0,1.0,62.0,True,0.75,data/midi/full/model/repeat_low-rep02__t-staccato__d-p__p-constant.mid,data/model_audio/repeat_low-rep02__t-staccato__d-p__p-constant.wav,planned
repeat_low-rep03__t-staccato__d-p__p-constant,model,VIOLET,constant,repeat_low,repeat,low,staccato,40,p,32,32,,7776081870467878070,20260826,repeat_low-rep03,3,1.0,1.0,62.0,True,0.75,data/midi/full/model/repeat_low-rep03__t-staccato__d-p__p-constant.mid,data/model_audio/repeat_low-rep03__t-staccato__d-p__p-constant.wav,planned
repeat_low-rep04__t-staccato__d-p__p-constant,model,VIOLET,constant,repeat_low,repeat,low,staccato,40,p,32,32,,3801386754783833861,20260826,repeat_low-rep04,4,1.0,1.0,62.0,True,0.75,data/midi/full/model/repeat_low-rep04__t-staccato__d-p__p-constant.mid,data/model_audio/repeat_low-rep04__t-staccato__d-p__p-constant.wav,planned
repeat_low-rep05__t-staccato__d-p__p-constant,model,VIOLET,constant,repeat_low,repeat,low,staccato,40,p,32,32,,3878988259898441575,20260826,repeat_low-rep05,5,1.0,1.0,62.0,True,0.75,data/midi/full/model/repeat_low-rep05__t-staccato__d-p__p-constant.mid,data/model_audio/repeat_low-rep05__t-staccato__d-p__p-constant.wav,planned
repeat_low-rep01__t-staccato__d-mf__p-constant,model,VIOLET,constant,repeat_low,repeat,low,staccato,40,mf,64,64,,53682925011990100,20260826,repeat_low-rep01,1,1.0,1.0,62.0,True,0.75,data/midi/full/model/repeat_low-rep01__t-staccato__d-mf__p-constant.mid,data/model_audio/repeat_low-rep01__t-staccato__d-mf__p-constant.wav,planned
repeat_low-rep02__t-staccato__d-mf__p-constant,model,VIOLET,constant,repeat_low,repeat,low,staccato,40,mf,64,64,,2607217748113894671,20260826,repeat_low-rep02,2,1.0,1.0,62.0,True,0.75,data/midi/full/model/repeat_low-rep02__t-staccato__d-mf__p-constant.mid,data/model_audio/repeat_low-rep02__t-staccato__d-mf__p-constant.wav,planned
repeat_low-rep03__t-staccato__d-mf__p-constant,model,VIOLET,constant,repeat_low,repeat,low,staccato,40,mf,64,64,,7776081870467878070,20260826,repeat_low-rep03,3,1.0,1.0,62.0,True,0.75,data/midi/full/model/repeat_low-rep03__t-staccato__d-mf__p-constant.mid,data/model_audio/repeat_low-rep03__t-staccato__d-mf__p-constant.wav,planned
repeat_low-rep04__t-staccato__d-mf__p-constant,model,VIOLET,constant,repeat_low,repeat,low,staccato,40,mf,64,64,,3801386754783833861,20260826,repeat_low-rep04,4,1.0,1.0,62.0,True,0.75,data/midi/full/model/repeat_low-rep04__t-staccato__d-mf__p-constant.mid,data/model_audio/repeat_low-rep04__t-staccato__d-mf__p-constant.wav,planned
repeat_low-rep05__t-staccato__d-mf__p-constant,model,VIOLET,constant,repeat_low,repeat,low,staccato,40,mf,64,64,,3878988259898441575,20260826,repeat_low-rep05,5,1.0,1.0,62.0,True,0.75,data/midi/full/model/repeat_low-rep05__t-staccato__d-mf__p-constant.mid,data/model_audio/repeat_low-rep05__t-staccato__d-mf__p-constant.wav,planned
repeat_low-rep01__t-staccato__d-f__p-constant,model,VIOLET,constant,repeat_low,repeat,low,staccato,40,f,96,96,,53682925011990100,20260826,repeat_low-rep01,1,1.0,1.0,62.0,True,0.75,data/midi/full/model/repeat_low-rep01__t-staccato__d-f__p-constant.mid,data/model_audio/repeat_low-rep01__t-staccato__d-f__p-constant.wav,planned
repeat_low-rep02__t-staccato__d-f__p-constant,model,VIOLET,constant,repeat_low,repeat,low,staccato,40,f,96,96,,2607217748113894671,20260826,repeat_low-rep02,2,1.0,1.0,62.0,True,0.75,data/midi/full/model/repeat_low-rep02__t-staccato__d-f__p-constant.mid,data/model_audio/repeat_low-rep02__t-staccato__d-f__p-constant.wav,planned
repeat_low-rep03__t-staccato__d-f__p-constant,model,VIOLET,constant,repeat_low,repeat,low,staccato,40,f,96,96,,7776081870467878070,20260826,repeat_low-rep03,3,1.0,1.0,62.0,True,0.75,data/midi/full/model/repeat_low-rep03__t-staccato__d-f__p-constant.mid,data/model_audio/repeat_low-rep03__t-staccato__d-f__p-constant.wav,planned
repeat_low-rep04__t-staccato__d-f__p-constant,model,VIOLET,constant,repeat_low,repeat,low,staccato,40,f,96,96,,3801386754783833861,20260826,repeat_low-rep04,4,1.0,1.0,62.0,True,0.75,data/midi/full/model/repeat_low-rep04__t-staccato__d-f__p-constant.mid,data/model_audio/repeat_low-rep04__t-staccato__d-f__p-constant.wav,planned
repeat_low-rep05__t-staccato__d-f__p-constant,model,VIOLET,constant,repeat_low,repeat,low,staccato,40,f,96,96,,3878988259898441575,20260826,repeat_low-rep05,5,1.0,1.0,62.0,True,0.75,data/midi/full/model/repeat_low-rep05__t-staccato__d-f__p-constant.mid,data/model_audio/repeat_low-rep05__t-staccato__d-f__p-constant.wav,planned
repeat_low-rep01__t-pizzicato__d-p__p-constant,model,VIOLET,constant,repeat_low,repeat,low,pizzicato,43,p,32,32,,53682925011990100,20260826,repeat_low-rep01,1,1.0,1.0,62.0,True,0.75,data/midi/full/model/repeat_low-rep01__t-pizzicato__d-p__p-constant.mid,data/model_audio/repeat_low-rep01__t-pizzicato__d-p__p-constant.wav,planned
repeat_low-rep02__t-pizzicato__d-p__p-constant,model,VIOLET,constant,repeat_low,repeat,low,pizzicato,43,p,32,32,,2607217748113894671,20260826,repeat_low-rep02,2,1.0,1.0,62.0,True,0.75,data/midi/full/model/repeat_low-rep02__t-pizzicato__d-p__p-constant.mid,data/model_audio/repeat_low-rep02__t-pizzicato__d-p__p-constant.wav,planned
repeat_low-rep03__t-pizzicato__d-p__p-constant,model,VIOLET,constant,repeat_low,repeat,low,pizzicato,43,p,32,32,,7776081870467878070,20260826,repeat_low-rep03,3,1.0,1.0,62.0,True,0.75,data/midi/full/model/repeat_low-rep03__t-pizzicato__d-p__p-constant.mid,data/model_audio/repeat_low-rep03__t-pizzicato__d-p__p-constant.wav,planned
repeat_low-rep04__t-pizzicato__d-p__p-constant,model,VIOLET,constant,repeat_low,repeat,low,pizzicato,43,p,32,32,,3801386754783833861,20260826,repeat_low-rep04,4,1.0,1.0,62.0,True,0.75,data/midi/full/model/repeat_low-rep04__t-pizzicato__d-p__p-constant.mid,data/model_audio/repeat_low-rep04__t-pizzicato__d-p__p-constant.wav,planned
repeat_low-rep05__t-pizzicato__d-p__p-constant,model,VIOLET,constant,repeat_low,repeat,low,pizzicato,43,p,32,32,,3878988259898441575,20260826,repeat_low-rep05,5,1.0,1.0,62.0,True,0.75,data/midi/full/model/repeat_low-rep05__t-pizzicato__d-p__p-constant.mid,data/model_audio/repeat_low-rep05__t-pizzicato__d-p__p-constant.wav,planned
repeat_low-rep01__t-pizzicato__d-mf__p-constant,model,VIOLET,constant,repeat_low,repeat,low,pizzicato,43,mf,64,64,,53682925011990100,20260826,repeat_low-rep01,1,1.0,1.0,62.0,True,0.75,data/midi/full/model/repeat_low-rep01__t-pizzicato__d-mf__p-constant.mid,data/model_audio/repeat_low-rep01__t-pizzicato__d-mf__p-constant.wav,planned
repeat_low-rep02__t-pizzicato__d-mf__p-constant,model,VIOLET,constant,repeat_low,repeat,low,pizzicato,43,mf,64,64,,2607217748113894671,20260826,repeat_low-rep02,2,1.0,1.0,62.0,True,0.75,data/midi/full/model/repeat_low-rep02__t-pizzicato__d-mf__p-constant.mid,data/model_audio/repeat_low-rep02__t-pizzicato__d-mf__p-constant.wav,planned
repeat_low-rep03__t-pizzicato__d-mf__p-constant,model,VIOLET,constant,repeat_low,repeat,low,pizzicato,43,mf,64,64,,7776081870467878070,20260826,repeat_low-rep03,3,1.0,1.0,62.0,True,0.75,data/midi/full/model/repeat_low-rep03__t-pizzicato__d-mf__p-constant.mid,data/model_audio/repeat_low-rep03__t-pizzicato__d-mf__p-constant.wav,planned
repeat_low-rep04__t-pizzicato__d-mf__p-constant,model,VIOLET,constant,repeat_low,repeat,low,pizzicato,43,mf,64,64,,3801386754783833861,20260826,repeat_low-rep04,4,1.0,1.0,62.0,True,0.75,data/midi/full/model/repeat_low-rep04__t-pizzicato__d-mf__p-constant.mid,data/model_audio/repeat_low-rep04__t-pizzicato__d-mf__p-constant.wav,planned
repeat_low-rep05__t-pizzicato__d-mf__p-constant,model,VIOLET,constant,repeat_low,repeat,low,pizzicato,43,mf,64,64,,3878988259898441575,20260826,repeat_low-rep05,5,1.0,1.0,62.0,True,0.75,data/midi/full/model/repeat_low-rep05__t-pizzicato__d-mf__p-constant.mid,data/model_audio/repeat_low-rep05__t-pizzicato__d-mf__p-constant.wav,planned
repeat_low-rep01__t-pizzicato__d-f__p-constant,model,VIOLET,constant,repeat_low,repeat,low,pizzicato,43,f,96,96,,53682925011990100,20260826,repeat_low-rep01,1,1.0,1.0,62.0,True,0.75,data/midi/full/model/repeat_low-rep01__t-pizzicato__d-f__p-constant.mid,data/model_audio/repeat_low-rep01__t-pizzicato__d-f__p-constant.wav,planned
repeat_low-rep02__t-pizzicato__d-f__p-constant,model,VIOLET,constant,repeat_low,repeat,low,pizzicato,43,f,96,96,,2607217748113894671,20260826,repeat_low-rep02,2,1.0,1.0,62.0,True,0.75,data/midi/full/model/repeat_low-rep02__t-pizzicato__d-f__p-constant.mid,data/model_audio/repeat_low-rep02__t-pizzicato__d-f__p-constant.wav,planned
repeat_low-rep03__t-pizzicato__d-f__p-constant,model,VIOLET,constant,repeat_low,repeat,low,pizzicato,43,f,96,96,,7776081870467878070,20260826,repeat_low-rep03,3,1.0,1.0,62.0,True,0.75,data/midi/full/model/repeat_low-rep03__t-pizzicato__d-f__p-constant.mid,data/model_audio/repeat_low-rep03__t-pizzicato__d-f__p-constant.wav,planned
repeat_low-rep04__t-pizzicato__d-f__p-constant,model,VIOLET,constant,repeat_low,repeat,low,pizzicato,43,f,96,96,,3801386754783833861,20260826,repeat_low-rep04,4,1.0,1.0,62.0,True,0.75,data/midi/full/model/repeat_low-rep04__t-pizzicato__d-f__p-constant.mid,data/model_audio/repeat_low-rep04__t-pizzicato__d-f__p-constant.wav,planned
repeat_low-rep05__t-pizzicato__d-f__p-constant,model,VIOLET,constant,repeat_low,repeat,low,pizzicato,43,f,96,96,,3878988259898441575,20260826,repeat_low-rep05,5,1.0,1.0,62.0,True,0.75,data/midi/full/model/repeat_low-rep05__t-pizzicato__d-f__p-constant.mid,data/model_audio/repeat_low-rep05__t-pizzicato__d-f__p-constant.wav,planned
repeat_low-rep01__t-legato_slur__d-p__p-constant,model,VIOLET,constant,repeat_low,repeat,low,legato_slur,49,p,32,32,,53682925011990100,20260826,repeat_low-rep01,1,1.0,1.0,62.0,True,0.75,data/midi/full/model/repeat_low-rep01__t-legato_slur__d-p__p-constant.mid,data/model_audio/repeat_low-rep01__t-legato_slur__d-p__p-constant.wav,planned
repeat_low-rep02__t-legato_slur__d-p__p-constant,model,VIOLET,constant,repeat_low,repeat,low,legato_slur,49,p,32,32,,2607217748113894671,20260826,repeat_low-rep02,2,1.0,1.0,62.0,True,0.75,data/midi/full/model/repeat_low-rep02__t-legato_slur__d-p__p-constant.mid,data/model_audio/repeat_low-rep02__t-legato_slur__d-p__p-constant.wav,planned
repeat_low-rep03__t-legato_slur__d-p__p-constant,model,VIOLET,constant,repeat_low,repeat,low,legato_slur,49,p,32,32,,7776081870467878070,20260826,repeat_low-rep03,3,1.0,1.0,62.0,True,0.75,data/midi/full/model/repeat_low-rep03__t-legato_slur__d-p__p-constant.mid,data/model_audio/repeat_low-rep03__t-legato_slur__d-p__p-constant.wav,planned
repeat_low-rep04__t-legato_slur__d-p__p-constant,model,VIOLET,constant,repeat_low,repeat,low,legato_slur,49,p,32,32,,3801386754783833861,20260826,repeat_low-rep04,4,1.0,1.0,62.0,True,0.75,data/midi/full/model/repeat_low-rep04__t-legato_slur__d-p__p-constant.mid,data/model_audio/repeat_low-rep04__t-legato_slur__d-p__p-constant.wav,planned
repeat_low-rep05__t-legato_slur__d-p__p-constant,model,VIOLET,constant,repeat_low,repeat,low,legato_slur,49,p,32,32,,3878988259898441575,20260826,repeat_low-rep05,5,1.0,1.0,62.0,True,0.75,data/midi/full/model/repeat_low-rep05__t-legato_slur__d-p__p-constant.mid,data/model_audio/repeat_low-rep05__t-legato_slur__d-p__p-constant.wav,planned
repeat_low-rep01__t-legato_slur__d-mf__p-constant,model,VIOLET,constant,repeat_low,repeat,low,legato_slur,49,mf,64,64,,53682925011990100,20260826,repeat_low-rep01,1,1.0,1.0,62.0,True,0.75,data/midi/full/model/repeat_low-rep01__t-legato_slur__d-mf__p-constant.mid,data/model_audio/repeat_low-rep01__t-legato_slur__d-mf__p-constant.wav,planned
repeat_low-rep02__t-legato_slur__d-mf__p-constant,model,VIOLET,constant,repeat_low,repeat,low,legato_slur,49,mf,64,64,,2607217748113894671,20260826,repeat_low-rep02,2,1.0,1.0,62.0,True,0.75,data/midi/full/model/repeat_low-rep02__t-legato_slur__d-mf__p-constant.mid,data/model_audio/repeat_low-rep02__t-legato_slur__d-mf__p-constant.wav,planned
repeat_low-rep03__t-legato_slur__d-mf__p-constant,model,VIOLET,constant,repeat_low,repeat,low,legato_slur,49,mf,64,64,,7776081870467878070,20260826,repeat_low-rep03,3,1.0,1.0,62.0,True,0.75,data/midi/full/model/repeat_low-rep03__t-legato_slur__d-mf__p-constant.mid,data/model_audio/repeat_low-rep03__t-legato_slur__d-mf__p-constant.wav,planned
repeat_low-rep04__t-legato_slur__d-mf__p-constant,model,VIOLET,constant,repeat_low,repeat,low,legato_slur,49,mf,64,64,,3801386754783833861,20260826,repeat_low-rep04,4,1.0,1.0,62.0,True,0.75,data/midi/full/model/repeat_low-rep04__t-legato_slur__d-mf__p-constant.mid,data/model_audio/repeat_low-rep04__t-legato_slur__d-mf__p-constant.wav,planned
repeat_low-rep05__t-legato_slur__d-mf__p-constant,model,VIOLET,constant,repeat_low,repeat,low,legato_slur,49,mf,64,64,,3878988259898441575,20260826,repeat_low-rep05,5,1.0,1.0,62.0,True,0.75,data/midi/full/model/repeat_low-rep05__t-legato_slur__d-mf__p-constant.mid,data/model_audio/repeat_low-rep05__t-legato_slur__d-mf__p-constant.wav,planned
repeat_low-rep01__t-legato_slur__d-f__p-constant,model,VIOLET,constant,repeat_low,repeat,low,legato_slur,49,f,96,96,,53682925011990100,20260826,repeat_low-rep01,1,1.0,1.0,62.0,True,0.75,data/midi/full/model/repeat_low-rep01__t-legato_slur__d-f__p-constant.mid,data/model_audio/repeat_low-rep01__t-legato_slur__d-f__p-constant.wav,planned
repeat_low-rep02__t-legato_slur__d-f__p-constant,model,VIOLET,constant,repeat_low,repeat,low,legato_slur,49,f,96,96,,2607217748113894671,20260826,repeat_low-rep02,2,1.0,1.0,62.0,True,0.75,data/midi/full/model/repeat_low-rep02__t-legato_slur__d-f__p-constant.mid,data/model_audio/repeat_low-rep02__t-legato_slur__d-f__p-constant.wav,planned
repeat_low-rep03__t-legato_slur__d-f__p-constant,model,VIOLET,constant,repeat_low,repeat,low,legato_slur,49,f,96,96,,7776081870467878070,20260826,repeat_low-rep03,3,1.0,1.0,62.0,True,0.75,data/midi/full/model/repeat_low-rep03__t-legato_slur__d-f__p-constant.mid,data/model_audio/repeat_low-rep03__t-legato_slur__d-f__p-constant.wav,planned
repeat_low-rep04__t-legato_slur__d-f__p-constant,model,VIOLET,constant,repeat_low,repeat,low,legato_slur,49,f,96,96,,3801386754783833861,20260826,repeat_low-rep04,4,1.0,1.0,62.0,True,0.75,data/midi/full/model/repeat_low-rep04__t-legato_slur__d-f__p-constant.mid,data/model_audio/repeat_low-rep04__t-legato_slur__d-f__p-constant.wav,planned
repeat_low-rep05__t-legato_slur__d-f__p-constant,model,VIOLET,constant,repeat_low,repeat,low,legato_slur,49,f,96,96,,3878988259898441575,20260826,repeat_low-rep05,5,1.0,1.0,62.0,True,0.75,data/midi/full/model/repeat_low-rep05__t-legato_slur__d-f__p-constant.mid,data/model_audio/repeat_low-rep05__t-legato_slur__d-f__p-constant.wav,planned
repeat_mid-rep01__t-sustain__d-p__p-constant,model,VIOLET,constant,repeat_mid,repeat,mid,sustain,36,p,32,32,,6426270192346888874,20260826,repeat_mid-rep01,1,1.0,1.0,74.0,True,0.75,data/midi/full/model/repeat_mid-rep01__t-sustain__d-p__p-constant.mid,data/model_audio/repeat_mid-rep01__t-sustain__d-p__p-constant.wav,planned
repeat_mid-rep02__t-sustain__d-p__p-constant,model,VIOLET,constant,repeat_mid,repeat,mid,sustain,36,p,32,32,,5184606905894219856,20260826,repeat_mid-rep02,2,1.0,1.0,74.0,True,0.75,data/midi/full/model/repeat_mid-rep02__t-sustain__d-p__p-constant.mid,data/model_audio/repeat_mid-rep02__t-sustain__d-p__p-constant.wav,planned
repeat_mid-rep03__t-sustain__d-p__p-constant,model,VIOLET,constant,repeat_mid,repeat,mid,sustain,36,p,32,32,,6427435336082072753,20260826,repeat_mid-rep03,3,1.0,1.0,74.0,True,0.75,data/midi/full/model/repeat_mid-rep03__t-sustain__d-p__p-constant.mid,data/model_audio/repeat_mid-rep03__t-sustain__d-p__p-constant.wav,planned
repeat_mid-rep04__t-sustain__d-p__p-constant,model,VIOLET,constant,repeat_mid,repeat,mid,sustain,36,p,32,32,,1245333781228665514,20260826,repeat_mid-rep04,4,1.0,1.0,74.0,True,0.75,data/midi/full/model/repeat_mid-rep04__t-sustain__d-p__p-constant.mid,data/model_audio/repeat_mid-rep04__t-sustain__d-p__p-constant.wav,planned
repeat_mid-rep05__t-sustain__d-p__p-constant,model,VIOLET,constant,repeat_mid,repeat,mid,sustain,36,p,32,32,,956667576814602931,20260826,repeat_mid-rep05,5,1.0,1.0,74.0,True,0.75,data/midi/full/model/repeat_mid-rep05__t-sustain__d-p__p-constant.mid,data/model_audio/repeat_mid-rep05__t-sustain__d-p__p-constant.wav,planned
repeat_mid-rep01__t-sustain__d-mf__p-constant,model,VIOLET,constant,repeat_mid,repeat,mid,sustain,36,mf,64,64,,6426270192346888874,20260826,repeat_mid-rep01,1,1.0,1.0,74.0,True,0.75,data/midi/full/model/repeat_mid-rep01__t-sustain__d-mf__p-constant.mid,data/model_audio/repeat_mid-rep01__t-sustain__d-mf__p-constant.wav,planned
repeat_mid-rep02__t-sustain__d-mf__p-constant,model,VIOLET,constant,repeat_mid,repeat,mid,sustain,36,mf,64,64,,5184606905894219856,20260826,repeat_mid-rep02,2,1.0,1.0,74.0,True,0.75,data/midi/full/model/repeat_mid-rep02__t-sustain__d-mf__p-constant.mid,data/model_audio/repeat_mid-rep02__t-sustain__d-mf__p-constant.wav,planned
repeat_mid-rep03__t-sustain__d-mf__p-constant,model,VIOLET,constant,repeat_mid,repeat,mid,sustain,36,mf,64,64,,6427435336082072753,20260826,repeat_mid-rep03,3,1.0,1.0,74.0,True,0.75,data/midi/full/model/repeat_mid-rep03__t-sustain__d-mf__p-constant.mid,data/model_audio/repeat_mid-rep03__t-sustain__d-mf__p-constant.wav,planned
repeat_mid-rep04__t-sustain__d-mf__p-constant,model,VIOLET,constant,repeat_mid,repeat,mid,sustain,36,mf,64,64,,1245333781228665514,20260826,repeat_mid-rep04,4,1.0,1.0,74.0,True,0.75,data/midi/full/model/repeat_mid-rep04__t-sustain__d-mf__p-constant.mid,data/model_audio/repeat_mid-rep04__t-sustain__d-mf__p-constant.wav,planned
repeat_mid-rep05__t-sustain__d-mf__p-constant,model,VIOLET,constant,repeat_mid,repeat,mid,sustain,36,mf,64,64,,956667576814602931,20260826,repeat_mid-rep05,5,1.0,1.0,74.0,True,0.75,data/midi/full/model/repeat_mid-rep05__t-sustain__d-mf__p-constant.mid,data/model_audio/repeat_mid-rep05__t-sustain__d-mf__p-constant.wav,planned
repeat_mid-rep01__t-sustain__d-f__p-constant,model,VIOLET,constant,repeat_mid,repeat,mid,sustain,36,f,96,96,,6426270192346888874,20260826,repeat_mid-rep01,1,1.0,1.0,74.0,True,0.75,data/midi/full/model/repeat_mid-rep01__t-sustain__d-f__p-constant.mid,data/model_audio/repeat_mid-rep01__t-sustain__d-f__p-constant.wav,planned
repeat_mid-rep02__t-sustain__d-f__p-constant,model,VIOLET,constant,repeat_mid,repeat,mid,sustain,36,f,96,96,,5184606905894219856,20260826,repeat_mid-rep02,2,1.0,1.0,74.0,True,0.75,data/midi/full/model/repeat_mid-rep02__t-sustain__d-f__p-constant.mid,data/model_audio/repeat_mid-rep02__t-sustain__d-f__p-constant.wav,planned
repeat_mid-rep03__t-sustain__d-f__p-constant,model,VIOLET,constant,repeat_mid,repeat,mid,sustain,36,f,96,96,,6427435336082072753,20260826,repeat_mid-rep03,3,1.0,1.0,74.0,True,0.75,data/midi/full/model/repeat_mid-rep03__t-sustain__d-f__p-constant.mid,data/model_audio/repeat_mid-rep03__t-sustain__d-f__p-constant.wav,planned
repeat_mid-rep04__t-sustain__d-f__p-constant,model,VIOLET,constant,repeat_mid,repeat,mid,sustain,36,f,96,96,,1245333781228665514,20260826,repeat_mid-rep04,4,1.0,1.0,74.0,True,0.75,data/midi/full/model/repeat_mid-rep04__t-sustain__d-f__p-constant.mid,data/model_audio/repeat_mid-rep04__t-sustain__d-f__p-constant.wav,planned
repeat_mid-rep05__t-sustain__d-f__p-constant,model,VIOLET,constant,repeat_mid,repeat,mid,sustain,36,f,96,96,,956667576814602931,20260826,repeat_mid-rep05,5,1.0,1.0,74.0,True,0.75,data/midi/full/model/repeat_mid-rep05__t-sustain__d-f__p-constant.mid,data/model_audio/repeat_mid-rep05__t-sustain__d-f__p-constant.wav,planned
repeat_mid-rep01__t-staccato__d-p__p-constant,model,VIOLET,constant,repeat_mid,repeat,mid,staccato,40,p,32,32,,6426270192346888874,20260826,repeat_mid-rep01,1,1.0,1.0,74.0,True,0.75,data/midi/full/model/repeat_mid-rep01__t-staccato__d-p__p-constant.mid,data/model_audio/repeat_mid-rep01__t-staccato__d-p__p-constant.wav,planned
repeat_mid-rep02__t-staccato__d-p__p-constant,model,VIOLET,constant,repeat_mid,repeat,mid,staccato,40,p,32,32,,5184606905894219856,20260826,repeat_mid-rep02,2,1.0,1.0,74.0,True,0.75,data/midi/full/model/repeat_mid-rep02__t-staccato__d-p__p-constant.mid,data/model_audio/repeat_mid-rep02__t-staccato__d-p__p-constant.wav,planned
repeat_mid-rep03__t-staccato__d-p__p-constant,model,VIOLET,constant,repeat_mid,repeat,mid,staccato,40,p,32,32,,6427435336082072753,20260826,repeat_mid-rep03,3,1.0,1.0,74.0,True,0.75,data/midi/full/model/repeat_mid-rep03__t-staccato__d-p__p-constant.mid,data/model_audio/repeat_mid-rep03__t-staccato__d-p__p-constant.wav,planned
repeat_mid-rep04__t-staccato__d-p__p-constant,model,VIOLET,constant,repeat_mid,repeat,mid,staccato,40,p,32,32,,1245333781228665514,20260826,repeat_mid-rep04,4,1.0,1.0,74.0,True,0.75,data/midi/full/model/repeat_mid-rep04__t-staccato__d-p__p-constant.mid,data/model_audio/repeat_mid-rep04__t-staccato__d-p__p-constant.wav,planned
repeat_mid-rep05__t-staccato__d-p__p-constant,model,VIOLET,constant,repeat_mid,repeat,mid,staccato,40,p,32,32,,956667576814602931,20260826,repeat_mid-rep05,5,1.0,1.0,74.0,True,0.75,data/midi/full/model/repeat_mid-rep05__t-staccato__d-p__p-constant.mid,data/model_audio/repeat_mid-rep05__t-staccato__d-p__p-constant.wav,planned
repeat_mid-rep01__t-staccato__d-mf__p-constant,model,VIOLET,constant,repeat_mid,repeat,mid,staccato,40,mf,64,64,,6426270192346888874,20260826,repeat_mid-rep01,1,1.0,1.0,74.0,True,0.75,data/midi/full/model/repeat_mid-rep01__t-staccato__d-mf__p-constant.mid,data/model_audio/repeat_mid-rep01__t-staccato__d-mf__p-constant.wav,planned
repeat_mid-rep02__t-staccato__d-mf__p-constant,model,VIOLET,constant,repeat_mid,repeat,mid,staccato,40,mf,64,64,,5184606905894219856,20260826,repeat_mid-rep02,2,1.0,1.0,74.0,True,0.75,data/midi/full/model/repeat_mid-rep02__t-staccato__d-mf__p-constant.mid,data/model_audio/repeat_mid-rep02__t-staccato__d-mf__p-constant.wav,planned
repeat_mid-rep03__t-staccato__d-mf__p-constant,model,VIOLET,constant,repeat_mid,repeat,mid,staccato,40,mf,64,64,,6427435336082072753,20260826,repeat_mid-rep03,3,1.0,1.0,74.0,True,0.75,data/midi/full/model/repeat_mid-rep03__t-staccato__d-mf__p-constant.mid,data/model_audio/repeat_mid-rep03__t-staccato__d-mf__p-constant.wav,planned
repeat_mid-rep04__t-staccato__d-mf__p-constant,model,VIOLET,constant,repeat_mid,repeat,mid,staccato,40,mf,64,64,,1245333781228665514,20260826,repeat_mid-rep04,4,1.0,1.0,74.0,True,0.75,data/midi/full/model/repeat_mid-rep04__t-staccato__d-mf__p-constant.mid,data/model_audio/repeat_mid-rep04__t-staccato__d-mf__p-constant.wav,planned
repeat_mid-rep05__t-staccato__d-mf__p-constant,model,VIOLET,constant,repeat_mid,repeat,mid,staccato,40,mf,64,64,,956667576814602931,20260826,repeat_mid-rep05,5,1.0,1.0,74.0,True,0.75,data/midi/full/model/repeat_mid-rep05__t-staccato__d-mf__p-constant.mid,data/model_audio/repeat_mid-rep05__t-staccato__d-mf__p-constant.wav,planned
repeat_mid-rep01__t-staccato__d-f__p-constant,model,VIOLET,constant,repeat_mid,repeat,mid,staccato,40,f,96,96,,6426270192346888874,20260826,repeat_mid-rep01,1,1.0,1.0,74.0,True,0.75,data/midi/full/model/repeat_mid-rep01__t-staccato__d-f__p-constant.mid,data/model_audio/repeat_mid-rep01__t-staccato__d-f__p-constant.wav,planned
repeat_mid-rep02__t-staccato__d-f__p-constant,model,VIOLET,constant,repeat_mid,repeat,mid,staccato,40,f,96,96,,5184606905894219856,20260826,repeat_mid-rep02,2,1.0,1.0,74.0,True,0.75,data/midi/full/model/repeat_mid-rep02__t-staccato__d-f__p-constant.mid,data/model_audio/repeat_mid-rep02__t-staccato__d-f__p-constant.wav,planned
repeat_mid-rep03__t-staccato__d-f__p-constant,model,VIOLET,constant,repeat_mid,repeat,mid,staccato,40,f,96,96,,6427435336082072753,20260826,repeat_mid-rep03,3,1.0,1.0,74.0,True,0.75,data/midi/full/model/repeat_mid-rep03__t-staccato__d-f__p-constant.mid,data/model_audio/repeat_mid-rep03__t-staccato__d-f__p-constant.wav,planned
repeat_mid-rep04__t-staccato__d-f__p-constant,model,VIOLET,constant,repeat_mid,repeat,mid,staccato,40,f,96,96,,1245333781228665514,20260826,repeat_mid-rep04,4,1.0,1.0,74.0,True,0.75,data/midi/full/model/repeat_mid-rep04__t-staccato__d-f__p-constant.mid,data/model_audio/repeat_mid-rep04__t-staccato__d-f__p-constant.wav,planned
repeat_mid-rep05__t-staccato__d-f__p-constant,model,VIOLET,constant,repeat_mid,repeat,mid,staccato,40,f,96,96,,956667576814602931,20260826,repeat_mid-rep05,5,1.0,1.0,74.0,True,0.75,data/midi/full/model/repeat_mid-rep05__t-staccato__d-f__p-constant.mid,data/model_audio/repeat_mid-rep05__t-staccato__d-f__p-constant.wav,planned
repeat_mid-rep01__t-pizzicato__d-p__p-constant,model,VIOLET,constant,repeat_mid,repeat,mid,pizzicato,43,p,32,32,,6426270192346888874,20260826,repeat_mid-rep01,1,1.0,1.0,74.0,True,0.75,data/midi/full/model/repeat_mid-rep01__t-pizzicato__d-p__p-constant.mid,data/model_audio/repeat_mid-rep01__t-pizzicato__d-p__p-constant.wav,planned
repeat_mid-rep02__t-pizzicato__d-p__p-constant,model,VIOLET,constant,repeat_mid,repeat,mid,pizzicato,43,p,32,32,,5184606905894219856,20260826,repeat_mid-rep02,2,1.0,1.0,74.0,True,0.75,data/midi/full/model/repeat_mid-rep02__t-pizzicato__d-p__p-constant.mid,data/model_audio/repeat_mid-rep02__t-pizzicato__d-p__p-constant.wav,planned
repeat_mid-rep03__t-pizzicato__d-p__p-constant,model,VIOLET,constant,repeat_mid,repeat,mid,pizzicato,43,p,32,32,,6427435336082072753,20260826,repeat_mid-rep03,3,1.0,1.0,74.0,True,0.75,data/midi/full/model/repeat_mid-rep03__t-pizzicato__d-p__p-constant.mid,data/model_audio/repeat_mid-rep03__t-pizzicato__d-p__p-constant.wav,planned
repeat_mid-rep04__t-pizzicato__d-p__p-constant,model,VIOLET,constant,repeat_mid,repeat,mid,pizzicato,43,p,32,32,,1245333781228665514,20260826,repeat_mid-rep04,4,1.0,1.0,74.0,True,0.75,data/midi/full/model/repeat_mid-rep04__t-pizzicato__d-p__p-constant.mid,data/model_audio/repeat_mid-rep04__t-pizzicato__d-p__p-constant.wav,planned
repeat_mid-rep05__t-pizzicato__d-p__p-constant,model,VIOLET,constant,repeat_mid,repeat,mid,pizzicato,43,p,32,32,,956667576814602931,20260826,repeat_mid-rep05,5,1.0,1.0,74.0,True,0.75,data/midi/full/model/repeat_mid-rep05__t-pizzicato__d-p__p-constant.mid,data/model_audio/repeat_mid-rep05__t-pizzicato__d-p__p-constant.wav,planned
repeat_mid-rep01__t-pizzicato__d-mf__p-constant,model,VIOLET,constant,repeat_mid,repeat,mid,pizzicato,43,mf,64,64,,6426270192346888874,20260826,repeat_mid-rep01,1,1.0,1.0,74.0,True,0.75,data/midi/full/model/repeat_mid-rep01__t-pizzicato__d-mf__p-constant.mid,data/model_audio/repeat_mid-rep01__t-pizzicato__d-mf__p-constant.wav,planned
repeat_mid-rep02__t-pizzicato__d-mf__p-constant,model,VIOLET,constant,repeat_mid,repeat,mid,pizzicato,43,mf,64,64,,5184606905894219856,20260826,repeat_mid-rep02,2,1.0,1.0,74.0,True,0.75,data/midi/full/model/repeat_mid-rep02__t-pizzicato__d-mf__p-constant.mid,data/model_audio/repeat_mid-rep02__t-pizzicato__d-mf__p-constant.wav,planned
repeat_mid-rep03__t-pizzicato__d-mf__p-constant,model,VIOLET,constant,repeat_mid,repeat,mid,pizzicato,43,mf,64,64,,6427435336082072753,20260826,repeat_mid-rep03,3,1.0,1.0,74.0,True,0.75,data/midi/full/model/repeat_mid-rep03__t-pizzicato__d-mf__p-constant.mid,data/model_audio/repeat_mid-rep03__t-pizzicato__d-mf__p-constant.wav,planned
repeat_mid-rep04__t-pizzicato__d-mf__p-constant,model,VIOLET,constant,repeat_mid,repeat,mid,pizzicato,43,mf,64,64,,1245333781228665514,20260826,repeat_mid-rep04,4,1.0,1.0,74.0,True,0.75,data/midi/full/model/repeat_mid-rep04__t-pizzicato__d-mf__p-constant.mid,data/model_audio/repeat_mid-rep04__t-pizzicato__d-mf__p-constant.wav,planned
repeat_mid-rep05__t-pizzicato__d-mf__p-constant,model,VIOLET,constant,repeat_mid,repeat,mid,pizzicato,43,mf,64,64,,956667576814602931,20260826,repeat_mid-rep05,5,1.0,1.0,74.0,True,0.75,data/midi/full/model/repeat_mid-rep05__t-pizzicato__d-mf__p-constant.mid,data/model_audio/repeat_mid-rep05__t-pizzicato__d-mf__p-constant.wav,planned
repeat_mid-rep01__t-pizzicato__d-f__p-constant,model,VIOLET,constant,repeat_mid,repeat,mid,pizzicato,43,f,96,96,,6426270192346888874,20260826,repeat_mid-rep01,1,1.0,1.0,74.0,True,0.75,data/midi/full/model/repeat_mid-rep01__t-pizzicato__d-f__p-constant.mid,data/model_audio/repeat_mid-rep01__t-pizzicato__d-f__p-constant.wav,planned
repeat_mid-rep02__t-pizzicato__d-f__p-constant,model,VIOLET,constant,repeat_mid,repeat,mid,pizzicato,43,f,96,96,,5184606905894219856,20260826,repeat_mid-rep02,2,1.0,1.0,74.0,True,0.75,data/midi/full/model/repeat_mid-rep02__t-pizzicato__d-f__p-constant.mid,data/model_audio/repeat_mid-rep02__t-pizzicato__d-f__p-constant.wav,planned
repeat_mid-rep03__t-pizzicato__d-f__p-constant,model,VIOLET,constant,repeat_mid,repeat,mid,pizzicato,43,f,96,96,,6427435336082072753,20260826,repeat_mid-rep03,3,1.0,1.0,74.0,True,0.75,data/midi/full/model/repeat_mid-rep03__t-pizzicato__d-f__p-constant.mid,data/model_audio/repeat_mid-rep03__t-pizzicato__d-f__p-constant.wav,planned
repeat_mid-rep04__t-pizzicato__d-f__p-constant,model,VIOLET,constant,repeat_mid,repeat,mid,pizzicato,43,f,96,96,,1245333781228665514,20260826,repeat_mid-rep04,4,1.0,1.0,74.0,True,0.75,data/midi/full/model/repeat_mid-rep04__t-pizzicato__d-f__p-constant.mid,data/model_audio/repeat_mid-rep04__t-pizzicato__d-f__p-constant.wav,planned
repeat_mid-rep05__t-pizzicato__d-f__p-constant,model,VIOLET,constant,repeat_mid,repeat,mid,pizzicato,43,f,96,96,,956667576814602931,20260826,repeat_mid-rep05,5,1.0,1.0,74.0,True,0.75,data/midi/full/model/repeat_mid-rep05__t-pizzicato__d-f__p-constant.mid,data/model_audio/repeat_mid-rep05__t-pizzicato__d-f__p-constant.wav,planned
repeat_mid-rep01__t-legato_slur__d-p__p-constant,model,VIOLET,constant,repeat_mid,repeat,mid,legato_slur,49,p,32,32,,6426270192346888874,20260826,repeat_mid-rep01,1,1.0,1.0,74.0,True,0.75,data/midi/full/model/repeat_mid-rep01__t-legato_slur__d-p__p-constant.mid,data/model_audio/repeat_mid-rep01__t-legato_slur__d-p__p-constant.wav,planned
repeat_mid-rep02__t-legato_slur__d-p__p-constant,model,VIOLET,constant,repeat_mid,repeat,mid,legato_slur,49,p,32,32,,5184606905894219856,20260826,repeat_mid-rep02,2,1.0,1.0,74.0,True,0.75,data/midi/full/model/repeat_mid-rep02__t-legato_slur__d-p__p-constant.mid,data/model_audio/repeat_mid-rep02__t-legato_slur__d-p__p-constant.wav,planned
repeat_mid-rep03__t-legato_slur__d-p__p-constant,model,VIOLET,constant,repeat_mid,repeat,mid,legato_slur,49,p,32,32,,6427435336082072753,20260826,repeat_mid-rep03,3,1.0,1.0,74.0,True,0.75,data/midi/full/model/repeat_mid-rep03__t-legato_slur__d-p__p-constant.mid,data/model_audio/repeat_mid-rep03__t-legato_slur__d-p__p-constant.wav,planned
repeat_mid-rep04__t-legato_slur__d-p__p-constant,model,VIOLET,constant,repeat_mid,repeat,mid,legato_slur,49,p,32,32,,1245333781228665514,20260826,repeat_mid-rep04,4,1.0,1.0,74.0,True,0.75,data/midi/full/model/repeat_mid-rep04__t-legato_slur__d-p__p-constant.mid,data/model_audio/repeat_mid-rep04__t-legato_slur__d-p__p-constant.wav,planned
repeat_mid-rep05__t-legato_slur__d-p__p-constant,model,VIOLET,constant,repeat_mid,repeat,mid,legato_slur,49,p,32,32,,956667576814602931,20260826,repeat_mid-rep05,5,1.0,1.0,74.0,True,0.75,data/midi/full/model/repeat_mid-rep05__t-legato_slur__d-p__p-constant.mid,data/model_audio/repeat_mid-rep05__t-legato_slur__d-p__p-constant.wav,planned
repeat_mid-rep01__t-legato_slur__d-mf__p-constant,model,VIOLET,constant,repeat_mid,repeat,mid,legato_slur,49,mf,64,64,,6426270192346888874,20260826,repeat_mid-rep01,1,1.0,1.0,74.0,True,0.75,data/midi/full/model/repeat_mid-rep01__t-legato_slur__d-mf__p-constant.mid,data/model_audio/repeat_mid-rep01__t-legato_slur__d-mf__p-constant.wav,planned
repeat_mid-rep02__t-legato_slur__d-mf__p-constant,model,VIOLET,constant,repeat_mid,repeat,mid,legato_slur,49,mf,64,64,,5184606905894219856,20260826,repeat_mid-rep02,2,1.0,1.0,74.0,True,0.75,data/midi/full/model/repeat_mid-rep02__t-legato_slur__d-mf__p-constant.mid,data/model_audio/repeat_mid-rep02__t-legato_slur__d-mf__p-constant.wav,planned
repeat_mid-rep03__t-legato_slur__d-mf__p-constant,model,VIOLET,constant,repeat_mid,repeat,mid,legato_slur,49,mf,64,64,,6427435336082072753,20260826,repeat_mid-rep03,3,1.0,1.0,74.0,True,0.75,data/midi/full/model/repeat_mid-rep03__t-legato_slur__d-mf__p-constant.mid,data/model_audio/repeat_mid-rep03__t-legato_slur__d-mf__p-constant.wav,planned
repeat_mid-rep04__t-legato_slur__d-mf__p-constant,model,VIOLET,constant,repeat_mid,repeat,mid,legato_slur,49,mf,64,64,,1245333781228665514,20260826,repeat_mid-rep04,4,1.0,1.0,74.0,True,0.75,data/midi/full/model/repeat_mid-rep04__t-legato_slur__d-mf__p-constant.mid,data/model_audio/repeat_mid-rep04__t-legato_slur__d-mf__p-constant.wav,planned
repeat_mid-rep05__t-legato_slur__d-mf__p-constant,model,VIOLET,constant,repeat_mid,repeat,mid,legato_slur,49,mf,64,64,,956667576814602931,20260826,repeat_mid-rep05,5,1.0,1.0,74.0,True,0.75,data/midi/full/model/repeat_mid-rep05__t-legato_slur__d-mf__p-constant.mid,data/model_audio/repeat_mid-rep05__t-legato_slur__d-mf__p-constant.wav,planned
repeat_mid-rep01__t-legato_slur__d-f__p-constant,model,VIOLET,constant,repeat_mid,repeat,mid,legato_slur,49,f,96,96,,6426270192346888874,20260826,repeat_mid-rep01,1,1.0,1.0,74.0,True,0.75,data/midi/full/model/repeat_mid-rep01__t-legato_slur__d-f__p-constant.mid,data/model_audio/repeat_mid-rep01__t-legato_slur__d-f__p-constant.wav,planned
repeat_mid-rep02__t-legato_slur__d-f__p-constant,model,VIOLET,constant,repeat_mid,repeat,mid,legato_slur,49,f,96,96,,5184606905894219856,20260826,repeat_mid-rep02,2,1.0,1.0,74.0,True,0.75,data/midi/full/model/repeat_mid-rep02__t-legato_slur__d-f__p-constant.mid,data/model_audio/repeat_mid-rep02__t-legato_slur__d-f__p-constant.wav,planned
repeat_mid-rep03__t-legato_slur__d-f__p-constant,model,VIOLET,constant,repeat_mid,repeat,mid,legato_slur,49,f,96,96,,6427435336082072753,20260826,repeat_mid-rep03,3,1.0,1.0,74.0,True,0.75,data/midi/full/model/repeat_mid-rep03__t-legato_slur__d-f__p-constant.mid,data/model_audio/repeat_mid-rep03__t-legato_slur__d-f__p-constant.wav,planned
repeat_mid-rep04__t-legato_slur__d-f__p-constant,model,VIOLET,constant,repeat_mid,repeat,mid,legato_slur,49,f,96,96,,1245333781228665514,20260826,repeat_mid-rep04,4,1.0,1.0,74.0,True,0.75,data/midi/full/model/repeat_mid-rep04__t-legato_slur__d-f__p-constant.mid,data/model_audio/repeat_mid-rep04__t-legato_slur__d-f__p-constant.wav,planned
repeat_mid-rep05__t-legato_slur__d-f__p-constant,model,VIOLET,constant,repeat_mid,repeat,mid,legato_slur,49,f,96,96,,956667576814602931,20260826,repeat_mid-rep05,5,1.0,1.0,74.0,True,0.75,data/midi/full/model/repeat_mid-rep05__t-legato_slur__d-f__p-constant.mid,data/model_audio/repeat_mid-rep05__t-legato_slur__d-f__p-constant.wav,planned
repeat_high-rep01__t-sustain__d-p__p-constant,model,VIOLET,constant,repeat_high,repeat,high,sustain,36,p,32,32,,7001627381107197506,20260826,repeat_high-rep01,1,1.0,1.0,86.0,True,0.75,data/midi/full/model/repeat_high-rep01__t-sustain__d-p__p-constant.mid,data/model_audio/repeat_high-rep01__t-sustain__d-p__p-constant.wav,planned
repeat_high-rep02__t-sustain__d-p__p-constant,model,VIOLET,constant,repeat_high,repeat,high,sustain,36,p,32,32,,2300562551214783679,20260826,repeat_high-rep02,2,1.0,1.0,86.0,True,0.75,data/midi/full/model/repeat_high-rep02__t-sustain__d-p__p-constant.mid,data/model_audio/repeat_high-rep02__t-sustain__d-p__p-constant.wav,planned
repeat_high-rep03__t-sustain__d-p__p-constant,model,VIOLET,constant,repeat_high,repeat,high,sustain,36,p,32,32,,1432195105391587044,20260826,repeat_high-rep03,3,1.0,1.0,86.0,True,0.75,data/midi/full/model/repeat_high-rep03__t-sustain__d-p__p-constant.mid,data/model_audio/repeat_high-rep03__t-sustain__d-p__p-constant.wav,planned
repeat_high-rep04__t-sustain__d-p__p-constant,model,VIOLET,constant,repeat_high,repeat,high,sustain,36,p,32,32,,4181500171592207999,20260826,repeat_high-rep04,4,1.0,1.0,86.0,True,0.75,data/midi/full/model/repeat_high-rep04__t-sustain__d-p__p-constant.mid,data/model_audio/repeat_high-rep04__t-sustain__d-p__p-constant.wav,planned
repeat_high-rep05__t-sustain__d-p__p-constant,model,VIOLET,constant,repeat_high,repeat,high,sustain,36,p,32,32,,405271255030123733,20260826,repeat_high-rep05,5,1.0,1.0,86.0,True,0.75,data/midi/full/model/repeat_high-rep05__t-sustain__d-p__p-constant.mid,data/model_audio/repeat_high-rep05__t-sustain__d-p__p-constant.wav,planned
repeat_high-rep01__t-sustain__d-mf__p-constant,model,VIOLET,constant,repeat_high,repeat,high,sustain,36,mf,64,64,,7001627381107197506,20260826,repeat_high-rep01,1,1.0,1.0,86.0,True,0.75,data/midi/full/model/repeat_high-rep01__t-sustain__d-mf__p-constant.mid,data/model_audio/repeat_high-rep01__t-sustain__d-mf__p-constant.wav,planned
repeat_high-rep02__t-sustain__d-mf__p-constant,model,VIOLET,constant,repeat_high,repeat,high,sustain,36,mf,64,64,,2300562551214783679,20260826,repeat_high-rep02,2,1.0,1.0,86.0,True,0.75,data/midi/full/model/repeat_high-rep02__t-sustain__d-mf__p-constant.mid,data/model_audio/repeat_high-rep02__t-sustain__d-mf__p-constant.wav,planned
repeat_high-rep03__t-sustain__d-mf__p-constant,model,VIOLET,constant,repeat_high,repeat,high,sustain,36,mf,64,64,,1432195105391587044,20260826,repeat_high-rep03,3,1.0,1.0,86.0,True,0.75,data/midi/full/model/repeat_high-rep03__t-sustain__d-mf__p-constant.mid,data/model_audio/repeat_high-rep03__t-sustain__d-mf__p-constant.wav,planned
repeat_high-rep04__t-sustain__d-mf__p-constant,model,VIOLET,constant,repeat_high,repeat,high,sustain,36,mf,64,64,,4181500171592207999,20260826,repeat_high-rep04,4,1.0,1.0,86.0,True,0.75,data/midi/full/model/repeat_high-rep04__t-sustain__d-mf__p-constant.mid,data/model_audio/repeat_high-rep04__t-sustain__d-mf__p-constant.wav,planned
repeat_high-rep05__t-sustain__d-mf__p-constant,model,VIOLET,constant,repeat_high,repeat,high,sustain,36,mf,64,64,,405271255030123733,20260826,repeat_high-rep05,5,1.0,1.0,86.0,True,0.75,data/midi/full/model/repeat_high-rep05__t-sustain__d-mf__p-constant.mid,data/model_audio/repeat_high-rep05__t-sustain__d-mf__p-constant.wav,planned
repeat_high-rep01__t-sustain__d-f__p-constant,model,VIOLET,constant,repeat_high,repeat,high,sustain,36,f,96,96,,7001627381107197506,20260826,repeat_high-rep01,1,1.0,1.0,86.0,True,0.75,data/midi/full/model/repeat_high-rep01__t-sustain__d-f__p-constant.mid,data/model_audio/repeat_high-rep01__t-sustain__d-f__p-constant.wav,planned
repeat_high-rep02__t-sustain__d-f__p-constant,model,VIOLET,constant,repeat_high,repeat,high,sustain,36,f,96,96,,2300562551214783679,20260826,repeat_high-rep02,2,1.0,1.0,86.0,True,0.75,data/midi/full/model/repeat_high-rep02__t-sustain__d-f__p-constant.mid,data/model_audio/repeat_high-rep02__t-sustain__d-f__p-constant.wav,planned
repeat_high-rep03__t-sustain__d-f__p-constant,model,VIOLET,constant,repeat_high,repeat,high,sustain,36,f,96,96,,1432195105391587044,20260826,repeat_high-rep03,3,1.0,1.0,86.0,True,0.75,data/midi/full/model/repeat_high-rep03__t-sustain__d-f__p-constant.mid,data/model_audio/repeat_high-rep03__t-sustain__d-f__p-constant.wav,planned
repeat_high-rep04__t-sustain__d-f__p-constant,model,VIOLET,constant,repeat_high,repeat,high,sustain,36,f,96,96,,4181500171592207999,20260826,repeat_high-rep04,4,1.0,1.0,86.0,True,0.75,data/midi/full/model/repeat_high-rep04__t-sustain__d-f__p-constant.mid,data/model_audio/repeat_high-rep04__t-sustain__d-f__p-constant.wav,planned
repeat_high-rep05__t-sustain__d-f__p-constant,model,VIOLET,constant,repeat_high,repeat,high,sustain,36,f,96,96,,405271255030123733,20260826,repeat_high-rep05,5,1.0,1.0,86.0,True,0.75,data/midi/full/model/repeat_high-rep05__t-sustain__d-f__p-constant.mid,data/model_audio/repeat_high-rep05__t-sustain__d-f__p-constant.wav,planned
repeat_high-rep01__t-staccato__d-p__p-constant,model,VIOLET,constant,repeat_high,repeat,high,staccato,40,p,32,32,,7001627381107197506,20260826,repeat_high-rep01,1,1.0,1.0,86.0,True,0.75,data/midi/full/model/repeat_high-rep01__t-staccato__d-p__p-constant.mid,data/model_audio/repeat_high-rep01__t-staccato__d-p__p-constant.wav,planned
repeat_high-rep02__t-staccato__d-p__p-constant,model,VIOLET,constant,repeat_high,repeat,high,staccato,40,p,32,32,,2300562551214783679,20260826,repeat_high-rep02,2,1.0,1.0,86.0,True,0.75,data/midi/full/model/repeat_high-rep02__t-staccato__d-p__p-constant.mid,data/model_audio/repeat_high-rep02__t-staccato__d-p__p-constant.wav,planned
repeat_high-rep03__t-staccato__d-p__p-constant,model,VIOLET,constant,repeat_high,repeat,high,staccato,40,p,32,32,,1432195105391587044,20260826,repeat_high-rep03,3,1.0,1.0,86.0,True,0.75,data/midi/full/model/repeat_high-rep03__t-staccato__d-p__p-constant.mid,data/model_audio/repeat_high-rep03__t-staccato__d-p__p-constant.wav,planned
repeat_high-rep04__t-staccato__d-p__p-constant,model,VIOLET,constant,repeat_high,repeat,high,staccato,40,p,32,32,,4181500171592207999,20260826,repeat_high-rep04,4,1.0,1.0,86.0,True,0.75,data/midi/full/model/repeat_high-rep04__t-staccato__d-p__p-constant.mid,data/model_audio/repeat_high-rep04__t-staccato__d-p__p-constant.wav,planned
repeat_high-rep05__t-staccato__d-p__p-constant,model,VIOLET,constant,repeat_high,repeat,high,staccato,40,p,32,32,,405271255030123733,20260826,repeat_high-rep05,5,1.0,1.0,86.0,True,0.75,data/midi/full/model/repeat_high-rep05__t-staccato__d-p__p-constant.mid,data/model_audio/repeat_high-rep05__t-staccato__d-p__p-constant.wav,planned
repeat_high-rep01__t-staccato__d-mf__p-constant,model,VIOLET,constant,repeat_high,repeat,high,staccato,40,mf,64,64,,7001627381107197506,20260826,repeat_high-rep01,1,1.0,1.0,86.0,True,0.75,data/midi/full/model/repeat_high-rep01__t-staccato__d-mf__p-constant.mid,data/model_audio/repeat_high-rep01__t-staccato__d-mf__p-constant.wav,planned
repeat_high-rep02__t-staccato__d-mf__p-constant,model,VIOLET,constant,repeat_high,repeat,high,staccato,40,mf,64,64,,2300562551214783679,20260826,repeat_high-rep02,2,1.0,1.0,86.0,True,0.75,data/midi/full/model/repeat_high-rep02__t-staccato__d-mf__p-constant.mid,data/model_audio/repeat_high-rep02__t-staccato__d-mf__p-constant.wav,planned
repeat_high-rep03__t-staccato__d-mf__p-constant,model,VIOLET,constant,repeat_high,repeat,high,staccato,40,mf,64,64,,1432195105391587044,20260826,repeat_high-rep03,3,1.0,1.0,86.0,True,0.75,data/midi/full/model/repeat_high-rep03__t-staccato__d-mf__p-constant.mid,data/model_audio/repeat_high-rep03__t-staccato__d-mf__p-constant.wav,planned
repeat_high-rep04__t-staccato__d-mf__p-constant,model,VIOLET,constant,repeat_high,repeat,high,staccato,40,mf,64,64,,4181500171592207999,20260826,repeat_high-rep04,4,1.0,1.0,86.0,True,0.75,data/midi/full/model/repeat_high-rep04__t-staccato__d-mf__p-constant.mid,data/model_audio/repeat_high-rep04__t-staccato__d-mf__p-constant.wav,planned
repeat_high-rep05__t-staccato__d-mf__p-constant,model,VIOLET,constant,repeat_high,repeat,high,staccato,40,mf,64,64,,405271255030123733,20260826,repeat_high-rep05,5,1.0,1.0,86.0,True,0.75,data/midi/full/model/repeat_high-rep05__t-staccato__d-mf__p-constant.mid,data/model_audio/repeat_high-rep05__t-staccato__d-mf__p-constant.wav,planned
repeat_high-rep01__t-staccato__d-f__p-constant,model,VIOLET,constant,repeat_high,repeat,high,staccato,40,f,96,96,,7001627381107197506,20260826,repeat_high-rep01,1,1.0,1.0,86.0,True,0.75,data/midi/full/model/repeat_high-rep01__t-staccato__d-f__p-constant.mid,data/model_audio/repeat_high-rep01__t-staccato__d-f__p-constant.wav,planned
repeat_high-rep02__t-staccato__d-f__p-constant,model,VIOLET,constant,repeat_high,repeat,high,staccato,40,f,96,96,,2300562551214783679,20260826,repeat_high-rep02,2,1.0,1.0,86.0,True,0.75,data/midi/full/model/repeat_high-rep02__t-staccato__d-f__p-constant.mid,data/model_audio/repeat_high-rep02__t-staccato__d-f__p-constant.wav,planned
repeat_high-rep03__t-staccato__d-f__p-constant,model,VIOLET,constant,repeat_high,repeat,high,staccato,40,f,96,96,,1432195105391587044,20260826,repeat_high-rep03,3,1.0,1.0,86.0,True,0.75,data/midi/full/model/repeat_high-rep03__t-staccato__d-f__p-constant.mid,data/model_audio/repeat_high-rep03__t-staccato__d-f__p-constant.wav,planned
repeat_high-rep04__t-staccato__d-f__p-constant,model,VIOLET,constant,repeat_high,repeat,high,staccato,40,f,96,96,,4181500171592207999,20260826,repeat_high-rep04,4,1.0,1.0,86.0,True,0.75,data/midi/full/model/repeat_high-rep04__t-staccato__d-f__p-constant.mid,data/model_audio/repeat_high-rep04__t-staccato__d-f__p-constant.wav,planned
repeat_high-rep05__t-staccato__d-f__p-constant,model,VIOLET,constant,repeat_high,repeat,high,staccato,40,f,96,96,,405271255030123733,20260826,repeat_high-rep05,5,1.0,1.0,86.0,True,0.75,data/midi/full/model/repeat_high-rep05__t-staccato__d-f__p-constant.mid,data/model_audio/repeat_high-rep05__t-staccato__d-f__p-constant.wav,planned
repeat_high-rep01__t-pizzicato__d-p__p-constant,model,VIOLET,constant,repeat_high,repeat,high,pizzicato,43,p,32,32,,7001627381107197506,20260826,repeat_high-rep01,1,1.0,1.0,86.0,True,0.75,data/midi/full/model/repeat_high-rep01__t-pizzicato__d-p__p-constant.mid,data/model_audio/repeat_high-rep01__t-pizzicato__d-p__p-constant.wav,planned
repeat_high-rep02__t-pizzicato__d-p__p-constant,model,VIOLET,constant,repeat_high,repeat,high,pizzicato,43,p,32,32,,2300562551214783679,20260826,repeat_high-rep02,2,1.0,1.0,86.0,True,0.75,data/midi/full/model/repeat_high-rep02__t-pizzicato__d-p__p-constant.mid,data/model_audio/repeat_high-rep02__t-pizzicato__d-p__p-constant.wav,planned
repeat_high-rep03__t-pizzicato__d-p__p-constant,model,VIOLET,constant,repeat_high,repeat,high,pizzicato,43,p,32,32,,1432195105391587044,20260826,repeat_high-rep03,3,1.0,1.0,86.0,True,0.75,data/midi/full/model/repeat_high-rep03__t-pizzicato__d-p__p-constant.mid,data/model_audio/repeat_high-rep03__t-pizzicato__d-p__p-constant.wav,planned
repeat_high-rep04__t-pizzicato__d-p__p-constant,model,VIOLET,constant,repeat_high,repeat,high,pizzicato,43,p,32,32,,4181500171592207999,20260826,repeat_high-rep04,4,1.0,1.0,86.0,True,0.75,data/midi/full/model/repeat_high-rep04__t-pizzicato__d-p__p-constant.mid,data/model_audio/repeat_high-rep04__t-pizzicato__d-p__p-constant.wav,planned
repeat_high-rep05__t-pizzicato__d-p__p-constant,model,VIOLET,constant,repeat_high,repeat,high,pizzicato,43,p,32,32,,405271255030123733,20260826,repeat_high-rep05,5,1.0,1.0,86.0,True,0.75,data/midi/full/model/repeat_high-rep05__t-pizzicato__d-p__p-constant.mid,data/model_audio/repeat_high-rep05__t-pizzicato__d-p__p-constant.wav,planned
repeat_high-rep01__t-pizzicato__d-mf__p-constant,model,VIOLET,constant,repeat_high,repeat,high,pizzicato,43,mf,64,64,,7001627381107197506,20260826,repeat_high-rep01,1,1.0,1.0,86.0,True,0.75,data/midi/full/model/repeat_high-rep01__t-pizzicato__d-mf__p-constant.mid,data/model_audio/repeat_high-rep01__t-pizzicato__d-mf__p-constant.wav,planned
repeat_high-rep02__t-pizzicato__d-mf__p-constant,model,VIOLET,constant,repeat_high,repeat,high,pizzicato,43,mf,64,64,,2300562551214783679,20260826,repeat_high-rep02,2,1.0,1.0,86.0,True,0.75,data/midi/full/model/repeat_high-rep02__t-pizzicato__d-mf__p-constant.mid,data/model_audio/repeat_high-rep02__t-pizzicato__d-mf__p-constant.wav,planned
repeat_high-rep03__t-pizzicato__d-mf__p-constant,model,VIOLET,constant,repeat_high,repeat,high,pizzicato,43,mf,64,64,,1432195105391587044,20260826,repeat_high-rep03,3,1.0,1.0,86.0,True,0.75,data/midi/full/model/repeat_high-rep03__t-pizzicato__d-mf__p-constant.mid,data/model_audio/repeat_high-rep03__t-pizzicato__d-mf__p-constant.wav,planned
repeat_high-rep04__t-pizzicato__d-mf__p-constant,model,VIOLET,constant,repeat_high,repeat,high,pizzicato,43,mf,64,64,,4181500171592207999,20260826,repeat_high-rep04,4,1.0,1.0,86.0,True,0.75,data/midi/full/model/repeat_high-rep04__t-pizzicato__d-mf__p-constant.mid,data/model_audio/repeat_high-rep04__t-pizzicato__d-mf__p-constant.wav,planned
repeat_high-rep05__t-pizzicato__d-mf__p-constant,model,VIOLET,constant,repeat_high,repeat,high,pizzicato,43,mf,64,64,,405271255030123733,20260826,repeat_high-rep05,5,1.0,1.0,86.0,True,0.75,data/midi/full/model/repeat_high-rep05__t-pizzicato__d-mf__p-constant.mid,data/model_audio/repeat_high-rep05__t-pizzicato__d-mf__p-constant.wav,planned
repeat_high-rep01__t-pizzicato__d-f__p-constant,model,VIOLET,constant,repeat_high,repeat,high,pizzicato,43,f,96,96,,7001627381107197506,20260826,repeat_high-rep01,1,1.0,1.0,86.0,True,0.75,data/midi/full/model/repeat_high-rep01__t-pizzicato__d-f__p-constant.mid,data/model_audio/repeat_high-rep01__t-pizzicato__d-f__p-constant.wav,planned
repeat_high-rep02__t-pizzicato__d-f__p-constant,model,VIOLET,constant,repeat_high,repeat,high,pizzicato,43,f,96,96,,2300562551214783679,20260826,repeat_high-rep02,2,1.0,1.0,86.0,True,0.75,data/midi/full/model/repeat_high-rep02__t-pizzicato__d-f__p-constant.mid,data/model_audio/repeat_high-rep02__t-pizzicato__d-f__p-constant.wav,planned
repeat_high-rep03__t-pizzicato__d-f__p-constant,model,VIOLET,constant,repeat_high,repeat,high,pizzicato,43,f,96,96,,1432195105391587044,20260826,repeat_high-rep03,3,1.0,1.0,86.0,True,0.75,data/midi/full/model/repeat_high-rep03__t-pizzicato__d-f__p-constant.mid,data/model_audio/repeat_high-rep03__t-pizzicato__d-f__p-constant.wav,planned
repeat_high-rep04__t-pizzicato__d-f__p-constant,model,VIOLET,constant,repeat_high,repeat,high,pizzicato,43,f,96,96,,4181500171592207999,20260826,repeat_high-rep04,4,1.0,1.0,86.0,True,0.75,data/midi/full/model/repeat_high-rep04__t-pizzicato__d-f__p-constant.mid,data/model_audio/repeat_high-rep04__t-pizzicato__d-f__p-constant.wav,planned
repeat_high-rep05__t-pizzicato__d-f__p-constant,model,VIOLET,constant,repeat_high,repeat,high,pizzicato,43,f,96,96,,405271255030123733,20260826,repeat_high-rep05,5,1.0,1.0,86.0,True,0.75,data/midi/full/model/repeat_high-rep05__t-pizzicato__d-f__p-constant.mid,data/model_audio/repeat_high-rep05__t-pizzicato__d-f__p-constant.wav,planned
repeat_high-rep01__t-legato_slur__d-p__p-constant,model,VIOLET,constant,repeat_high,repeat,high,legato_slur,49,p,32,32,,7001627381107197506,20260826,repeat_high-rep01,1,1.0,1.0,86.0,True,0.75,data/midi/full/model/repeat_high-rep01__t-legato_slur__d-p__p-constant.mid,data/model_audio/repeat_high-rep01__t-legato_slur__d-p__p-constant.wav,planned
repeat_high-rep02__t-legato_slur__d-p__p-constant,model,VIOLET,constant,repeat_high,repeat,high,legato_slur,49,p,32,32,,2300562551214783679,20260826,repeat_high-rep02,2,1.0,1.0,86.0,True,0.75,data/midi/full/model/repeat_high-rep02__t-legato_slur__d-p__p-constant.mid,data/model_audio/repeat_high-rep02__t-legato_slur__d-p__p-constant.wav,planned
repeat_high-rep03__t-legato_slur__d-p__p-constant,model,VIOLET,constant,repeat_high,repeat,high,legato_slur,49,p,32,32,,1432195105391587044,20260826,repeat_high-rep03,3,1.0,1.0,86.0,True,0.75,data/midi/full/model/repeat_high-rep03__t-legato_slur__d-p__p-constant.mid,data/model_audio/repeat_high-rep03__t-legato_slur__d-p__p-constant.wav,planned
repeat_high-rep04__t-legato_slur__d-p__p-constant,model,VIOLET,constant,repeat_high,repeat,high,legato_slur,49,p,32,32,,4181500171592207999,20260826,repeat_high-rep04,4,1.0,1.0,86.0,True,0.75,data/midi/full/model/repeat_high-rep04__t-legato_slur__d-p__p-constant.mid,data/model_audio/repeat_high-rep04__t-legato_slur__d-p__p-constant.wav,planned
repeat_high-rep05__t-legato_slur__d-p__p-constant,model,VIOLET,constant,repeat_high,repeat,high,legato_slur,49,p,32,32,,405271255030123733,20260826,repeat_high-rep05,5,1.0,1.0,86.0,True,0.75,data/midi/full/model/repeat_high-rep05__t-legato_slur__d-p__p-constant.mid,data/model_audio/repeat_high-rep05__t-legato_slur__d-p__p-constant.wav,planned
repeat_high-rep01__t-legato_slur__d-mf__p-constant,model,VIOLET,constant,repeat_high,repeat,high,legato_slur,49,mf,64,64,,7001627381107197506,20260826,repeat_high-rep01,1,1.0,1.0,86.0,True,0.75,data/midi/full/model/repeat_high-rep01__t-legato_slur__d-mf__p-constant.mid,data/model_audio/repeat_high-rep01__t-legato_slur__d-mf__p-constant.wav,planned
repeat_high-rep02__t-legato_slur__d-mf__p-constant,model,VIOLET,constant,repeat_high,repeat,high,legato_slur,49,mf,64,64,,2300562551214783679,20260826,repeat_high-rep02,2,1.0,1.0,86.0,True,0.75,data/midi/full/model/repeat_high-rep02__t-legato_slur__d-mf__p-constant.mid,data/model_audio/repeat_high-rep02__t-legato_slur__d-mf__p-constant.wav,planned
repeat_high-rep03__t-legato_slur__d-mf__p-constant,model,VIOLET,constant,repeat_high,repeat,high,legato_slur,49,mf,64,64,,1432195105391587044,20260826,repeat_high-rep03,3,1.0,1.0,86.0,True,0.75,data/midi/full/model/repeat_high-rep03__t-legato_slur__d-mf__p-constant.mid,data/model_audio/repeat_high-rep03__t-legato_slur__d-mf__p-constant.wav,planned
repeat_high-rep04__t-legato_slur__d-mf__p-constant,model,VIOLET,constant,repeat_high,repeat,high,legato_slur,49,mf,64,64,,4181500171592207999,20260826,repeat_high-rep04,4,1.0,1.0,86.0,True,0.75,data/midi/full/model/repeat_high-rep04__t-legato_slur__d-mf__p-constant.mid,data/model_audio/repeat_high-rep04__t-legato_slur__d-mf__p-constant.wav,planned
repeat_high-rep05__t-legato_slur__d-mf__p-constant,model,VIOLET,constant,repeat_high,repeat,high,legato_slur,49,mf,64,64,,405271255030123733,20260826,repeat_high-rep05,5,1.0,1.0,86.0,True,0.75,data/midi/full/model/repeat_high-rep05__t-legato_slur__d-mf__p-constant.mid,data/model_audio/repeat_high-rep05__t-legato_slur__d-mf__p-constant.wav,planned
repeat_high-rep01__t-legato_slur__d-f__p-constant,model,VIOLET,constant,repeat_high,repeat,high,legato_slur,49,f,96,96,,7001627381107197506,20260826,repeat_high-rep01,1,1.0,1.0,86.0,True,0.75,data/midi/full/model/repeat_high-rep01__t-legato_slur__d-f__p-constant.mid,data/model_audio/repeat_high-rep01__t-legato_slur__d-f__p-constant.wav,planned
repeat_high-rep02__t-legato_slur__d-f__p-constant,model,VIOLET,constant,repeat_high,repeat,high,legato_slur,49,f,96,96,,2300562551214783679,20260826,repeat_high-rep02,2,1.0,1.0,86.0,True,0.75,data/midi/full/model/repeat_high-rep02__t-legato_slur__d-f__p-constant.mid,data/model_audio/repeat_high-rep02__t-legato_slur__d-f__p-constant.wav,planned
repeat_high-rep03__t-legato_slur__d-f__p-constant,model,VIOLET,constant,repeat_high,repeat,high,legato_slur,49,f,96,96,,1432195105391587044,20260826,repeat_high-rep03,3,1.0,1.0,86.0,True,0.75,data/midi/full/model/repeat_high-rep03__t-legato_slur__d-f__p-constant.mid,data/model_audio/repeat_high-rep03__t-legato_slur__d-f__p-constant.wav,planned
repeat_high-rep04__t-legato_slur__d-f__p-constant,model,VIOLET,constant,repeat_high,repeat,high,legato_slur,49,f,96,96,,4181500171592207999,20260826,repeat_high-rep04,4,1.0,1.0,86.0,True,0.75,data/midi/full/model/repeat_high-rep04__t-legato_slur__d-f__p-constant.mid,data/model_audio/repeat_high-rep04__t-legato_slur__d-f__p-constant.wav,planned
repeat_high-rep05__t-legato_slur__d-f__p-constant,model,VIOLET,constant,repeat_high,repeat,high,legato_slur,49,f,96,96,,405271255030123733,20260826,repeat_high-rep05,5,1.0,1.0,86.0,True,0.75,data/midi/full/model/repeat_high-rep05__t-legato_slur__d-f__p-constant.mid,data/model_audio/repeat_high-rep05__t-legato_slur__d-f__p-constant.wav,planned
leap_low-rep01__t-sustain__d-p__p-constant,model,VIOLET,constant,leap_low,leap,low,sustain,36,p,32,32,,2184042350723427448,20260826,leap_low-rep01,1,1.0,1.0,,False,0.75,data/midi/full/model/leap_low-rep01__t-sustain__d-p__p-constant.mid,data/model_audio/leap_low-rep01__t-sustain__d-p__p-constant.wav,planned
leap_low-rep02__t-sustain__d-p__p-constant,model,VIOLET,constant,leap_low,leap,low,sustain,36,p,32,32,,268424540557771883,20260826,leap_low-rep02,2,1.0,1.0,,False,0.75,data/midi/full/model/leap_low-rep02__t-sustain__d-p__p-constant.mid,data/model_audio/leap_low-rep02__t-sustain__d-p__p-constant.wav,planned
leap_low-rep03__t-sustain__d-p__p-constant,model,VIOLET,constant,leap_low,leap,low,sustain,36,p,32,32,,648832392343139272,20260826,leap_low-rep03,3,1.0,1.0,,False,0.75,data/midi/full/model/leap_low-rep03__t-sustain__d-p__p-constant.mid,data/model_audio/leap_low-rep03__t-sustain__d-p__p-constant.wav,planned
leap_low-rep04__t-sustain__d-p__p-constant,model,VIOLET,constant,leap_low,leap,low,sustain,36,p,32,32,,3844849264205691420,20260826,leap_low-rep04,4,1.0,1.0,,False,0.75,data/midi/full/model/leap_low-rep04__t-sustain__d-p__p-constant.mid,data/model_audio/leap_low-rep04__t-sustain__d-p__p-constant.wav,planned
leap_low-rep05__t-sustain__d-p__p-constant,model,VIOLET,constant,leap_low,leap,low,sustain,36,p,32,32,,4427509908137487210,20260826,leap_low-rep05,5,1.0,1.0,,False,0.75,data/midi/full/model/leap_low-rep05__t-sustain__d-p__p-constant.mid,data/model_audio/leap_low-rep05__t-sustain__d-p__p-constant.wav,planned
leap_low-rep01__t-sustain__d-mf__p-constant,model,VIOLET,constant,leap_low,leap,low,sustain,36,mf,64,64,,2184042350723427448,20260826,leap_low-rep01,1,1.0,1.0,,False,0.75,data/midi/full/model/leap_low-rep01__t-sustain__d-mf__p-constant.mid,data/model_audio/leap_low-rep01__t-sustain__d-mf__p-constant.wav,planned
leap_low-rep02__t-sustain__d-mf__p-constant,model,VIOLET,constant,leap_low,leap,low,sustain,36,mf,64,64,,268424540557771883,20260826,leap_low-rep02,2,1.0,1.0,,False,0.75,data/midi/full/model/leap_low-rep02__t-sustain__d-mf__p-constant.mid,data/model_audio/leap_low-rep02__t-sustain__d-mf__p-constant.wav,planned
leap_low-rep03__t-sustain__d-mf__p-constant,model,VIOLET,constant,leap_low,leap,low,sustain,36,mf,64,64,,648832392343139272,20260826,leap_low-rep03,3,1.0,1.0,,False,0.75,data/midi/full/model/leap_low-rep03__t-sustain__d-mf__p-constant.mid,data/model_audio/leap_low-rep03__t-sustain__d-mf__p-constant.wav,planned
leap_low-rep04__t-sustain__d-mf__p-constant,model,VIOLET,constant,leap_low,leap,low,sustain,36,mf,64,64,,3844849264205691420,20260826,leap_low-rep04,4,1.0,1.0,,False,0.75,data/midi/full/model/leap_low-rep04__t-sustain__d-mf__p-constant.mid,data/model_audio/leap_low-rep04__t-sustain__d-mf__p-constant.wav,planned
leap_low-rep05__t-sustain__d-mf__p-constant,model,VIOLET,constant,leap_low,leap,low,sustain,36,mf,64,64,,4427509908137487210,20260826,leap_low-rep05,5,1.0,1.0,,False,0.75,data/midi/full/model/leap_low-rep05__t-sustain__d-mf__p-constant.mid,data/model_audio/leap_low-rep05__t-sustain__d-mf__p-constant.wav,planned
leap_low-rep01__t-sustain__d-f__p-constant,model,VIOLET,constant,leap_low,leap,low,sustain,36,f,96,96,,2184042350723427448,20260826,leap_low-rep01,1,1.0,1.0,,False,0.75,data/midi/full/model/leap_low-rep01__t-sustain__d-f__p-constant.mid,data/model_audio/leap_low-rep01__t-sustain__d-f__p-constant.wav,planned
leap_low-rep02__t-sustain__d-f__p-constant,model,VIOLET,constant,leap_low,leap,low,sustain,36,f,96,96,,268424540557771883,20260826,leap_low-rep02,2,1.0,1.0,,False,0.75,data/midi/full/model/leap_low-rep02__t-sustain__d-f__p-constant.mid,data/model_audio/leap_low-rep02__t-sustain__d-f__p-constant.wav,planned
leap_low-rep03__t-sustain__d-f__p-constant,model,VIOLET,constant,leap_low,leap,low,sustain,36,f,96,96,,648832392343139272,20260826,leap_low-rep03,3,1.0,1.0,,False,0.75,data/midi/full/model/leap_low-rep03__t-sustain__d-f__p-constant.mid,data/model_audio/leap_low-rep03__t-sustain__d-f__p-constant.wav,planned
leap_low-rep04__t-sustain__d-f__p-constant,model,VIOLET,constant,leap_low,leap,low,sustain,36,f,96,96,,3844849264205691420,20260826,leap_low-rep04,4,1.0,1.0,,False,0.75,data/midi/full/model/leap_low-rep04__t-sustain__d-f__p-constant.mid,data/model_audio/leap_low-rep04__t-sustain__d-f__p-constant.wav,planned
leap_low-rep05__t-sustain__d-f__p-constant,model,VIOLET,constant,leap_low,leap,low,sustain,36,f,96,96,,4427509908137487210,20260826,leap_low-rep05,5,1.0,1.0,,False,0.75,data/midi/full/model/leap_low-rep05__t-sustain__d-f__p-constant.mid,data/model_audio/leap_low-rep05__t-sustain__d-f__p-constant.wav,planned
leap_low-rep01__t-staccato__d-p__p-constant,model,VIOLET,constant,leap_low,leap,low,staccato,40,p,32,32,,2184042350723427448,20260826,leap_low-rep01,1,1.0,1.0,,False,0.75,data/midi/full/model/leap_low-rep01__t-staccato__d-p__p-constant.mid,data/model_audio/leap_low-rep01__t-staccato__d-p__p-constant.wav,planned
leap_low-rep02__t-staccato__d-p__p-constant,model,VIOLET,constant,leap_low,leap,low,staccato,40,p,32,32,,268424540557771883,20260826,leap_low-rep02,2,1.0,1.0,,False,0.75,data/midi/full/model/leap_low-rep02__t-staccato__d-p__p-constant.mid,data/model_audio/leap_low-rep02__t-staccato__d-p__p-constant.wav,planned
leap_low-rep03__t-staccato__d-p__p-constant,model,VIOLET,constant,leap_low,leap,low,staccato,40,p,32,32,,648832392343139272,20260826,leap_low-rep03,3,1.0,1.0,,False,0.75,data/midi/full/model/leap_low-rep03__t-staccato__d-p__p-constant.mid,data/model_audio/leap_low-rep03__t-staccato__d-p__p-constant.wav,planned
leap_low-rep04__t-staccato__d-p__p-constant,model,VIOLET,constant,leap_low,leap,low,staccato,40,p,32,32,,3844849264205691420,20260826,leap_low-rep04,4,1.0,1.0,,False,0.75,data/midi/full/model/leap_low-rep04__t-staccato__d-p__p-constant.mid,data/model_audio/leap_low-rep04__t-staccato__d-p__p-constant.wav,planned
leap_low-rep05__t-staccato__d-p__p-constant,model,VIOLET,constant,leap_low,leap,low,staccato,40,p,32,32,,4427509908137487210,20260826,leap_low-rep05,5,1.0,1.0,,False,0.75,data/midi/full/model/leap_low-rep05__t-staccato__d-p__p-constant.mid,data/model_audio/leap_low-rep05__t-staccato__d-p__p-constant.wav,planned
leap_low-rep01__t-staccato__d-mf__p-constant,model,VIOLET,constant,leap_low,leap,low,staccato,40,mf,64,64,,2184042350723427448,20260826,leap_low-rep01,1,1.0,1.0,,False,0.75,data/midi/full/model/leap_low-rep01__t-staccato__d-mf__p-constant.mid,data/model_audio/leap_low-rep01__t-staccato__d-mf__p-constant.wav,planned
leap_low-rep02__t-staccato__d-mf__p-constant,model,VIOLET,constant,leap_low,leap,low,staccato,40,mf,64,64,,268424540557771883,20260826,leap_low-rep02,2,1.0,1.0,,False,0.75,data/midi/full/model/leap_low-rep02__t-staccato__d-mf__p-constant.mid,data/model_audio/leap_low-rep02__t-staccato__d-mf__p-constant.wav,planned
leap_low-rep03__t-staccato__d-mf__p-constant,model,VIOLET,constant,leap_low,leap,low,staccato,40,mf,64,64,,648832392343139272,20260826,leap_low-rep03,3,1.0,1.0,,False,0.75,data/midi/full/model/leap_low-rep03__t-staccato__d-mf__p-constant.mid,data/model_audio/leap_low-rep03__t-staccato__d-mf__p-constant.wav,planned
leap_low-rep04__t-staccato__d-mf__p-constant,model,VIOLET,constant,leap_low,leap,low,staccato,40,mf,64,64,,3844849264205691420,20260826,leap_low-rep04,4,1.0,1.0,,False,0.75,data/midi/full/model/leap_low-rep04__t-staccato__d-mf__p-constant.mid,data/model_audio/leap_low-rep04__t-staccato__d-mf__p-constant.wav,planned
leap_low-rep05__t-staccato__d-mf__p-constant,model,VIOLET,constant,leap_low,leap,low,staccato,40,mf,64,64,,4427509908137487210,20260826,leap_low-rep05,5,1.0,1.0,,False,0.75,data/midi/full/model/leap_low-rep05__t-staccato__d-mf__p-constant.mid,data/model_audio/leap_low-rep05__t-staccato__d-mf__p-constant.wav,planned
leap_low-rep01__t-staccato__d-f__p-constant,model,VIOLET,constant,leap_low,leap,low,staccato,40,f,96,96,,2184042350723427448,20260826,leap_low-rep01,1,1.0,1.0,,False,0.75,data/midi/full/model/leap_low-rep01__t-staccato__d-f__p-constant.mid,data/model_audio/leap_low-rep01__t-staccato__d-f__p-constant.wav,planned
leap_low-rep02__t-staccato__d-f__p-constant,model,VIOLET,constant,leap_low,leap,low,staccato,40,f,96,96,,268424540557771883,20260826,leap_low-rep02,2,1.0,1.0,,False,0.75,data/midi/full/model/leap_low-rep02__t-staccato__d-f__p-constant.mid,data/model_audio/leap_low-rep02__t-staccato__d-f__p-constant.wav,planned
leap_low-rep03__t-staccato__d-f__p-constant,model,VIOLET,constant,leap_low,leap,low,staccato,40,f,96,96,,648832392343139272,20260826,leap_low-rep03,3,1.0,1.0,,False,0.75,data/midi/full/model/leap_low-rep03__t-staccato__d-f__p-constant.mid,data/model_audio/leap_low-rep03__t-staccato__d-f__p-constant.wav,planned
leap_low-rep04__t-staccato__d-f__p-constant,model,VIOLET,constant,leap_low,leap,low,staccato,40,f,96,96,,3844849264205691420,20260826,leap_low-rep04,4,1.0,1.0,,False,0.75,data/midi/full/model/leap_low-rep04__t-staccato__d-f__p-constant.mid,data/model_audio/leap_low-rep04__t-staccato__d-f__p-constant.wav,planned
leap_low-rep05__t-staccato__d-f__p-constant,model,VIOLET,constant,leap_low,leap,low,staccato,40,f,96,96,,4427509908137487210,20260826,leap_low-rep05,5,1.0,1.0,,False,0.75,data/midi/full/model/leap_low-rep05__t-staccato__d-f__p-constant.mid,data/model_audio/leap_low-rep05__t-staccato__d-f__p-constant.wav,planned
leap_low-rep01__t-pizzicato__d-p__p-constant,model,VIOLET,constant,leap_low,leap,low,pizzicato,43,p,32,32,,2184042350723427448,20260826,leap_low-rep01,1,1.0,1.0,,False,0.75,data/midi/full/model/leap_low-rep01__t-pizzicato__d-p__p-constant.mid,data/model_audio/leap_low-rep01__t-pizzicato__d-p__p-constant.wav,planned
leap_low-rep02__t-pizzicato__d-p__p-constant,model,VIOLET,constant,leap_low,leap,low,pizzicato,43,p,32,32,,268424540557771883,20260826,leap_low-rep02,2,1.0,1.0,,False,0.75,data/midi/full/model/leap_low-rep02__t-pizzicato__d-p__p-constant.mid,data/model_audio/leap_low-rep02__t-pizzicato__d-p__p-constant.wav,planned
leap_low-rep03__t-pizzicato__d-p__p-constant,model,VIOLET,constant,leap_low,leap,low,pizzicato,43,p,32,32,,648832392343139272,20260826,leap_low-rep03,3,1.0,1.0,,False,0.75,data/midi/full/model/leap_low-rep03__t-pizzicato__d-p__p-constant.mid,data/model_audio/leap_low-rep03__t-pizzicato__d-p__p-constant.wav,planned
leap_low-rep04__t-pizzicato__d-p__p-constant,model,VIOLET,constant,leap_low,leap,low,pizzicato,43,p,32,32,,3844849264205691420,20260826,leap_low-rep04,4,1.0,1.0,,False,0.75,data/midi/full/model/leap_low-rep04__t-pizzicato__d-p__p-constant.mid,data/model_audio/leap_low-rep04__t-pizzicato__d-p__p-constant.wav,planned
leap_low-rep05__t-pizzicato__d-p__p-constant,model,VIOLET,constant,leap_low,leap,low,pizzicato,43,p,32,32,,4427509908137487210,20260826,leap_low-rep05,5,1.0,1.0,,False,0.75,data/midi/full/model/leap_low-rep05__t-pizzicato__d-p__p-constant.mid,data/model_audio/leap_low-rep05__t-pizzicato__d-p__p-constant.wav,planned
leap_low-rep01__t-pizzicato__d-mf__p-constant,model,VIOLET,constant,leap_low,leap,low,pizzicato,43,mf,64,64,,2184042350723427448,20260826,leap_low-rep01,1,1.0,1.0,,False,0.75,data/midi/full/model/leap_low-rep01__t-pizzicato__d-mf__p-constant.mid,data/model_audio/leap_low-rep01__t-pizzicato__d-mf__p-constant.wav,planned
leap_low-rep02__t-pizzicato__d-mf__p-constant,model,VIOLET,constant,leap_low,leap,low,pizzicato,43,mf,64,64,,268424540557771883,20260826,leap_low-rep02,2,1.0,1.0,,False,0.75,data/midi/full/model/leap_low-rep02__t-pizzicato__d-mf__p-constant.mid,data/model_audio/leap_low-rep02__t-pizzicato__d-mf__p-constant.wav,planned
leap_low-rep03__t-pizzicato__d-mf__p-constant,model,VIOLET,constant,leap_low,leap,low,pizzicato,43,mf,64,64,,648832392343139272,20260826,leap_low-rep03,3,1.0,1.0,,False,0.75,data/midi/full/model/leap_low-rep03__t-pizzicato__d-mf__p-constant.mid,data/model_audio/leap_low-rep03__t-pizzicato__d-mf__p-constant.wav,planned
leap_low-rep04__t-pizzicato__d-mf__p-constant,model,VIOLET,constant,leap_low,leap,low,pizzicato,43,mf,64,64,,3844849264205691420,20260826,leap_low-rep04,4,1.0,1.0,,False,0.75,data/midi/full/model/leap_low-rep04__t-pizzicato__d-mf__p-constant.mid,data/model_audio/leap_low-rep04__t-pizzicato__d-mf__p-constant.wav,planned
leap_low-rep05__t-pizzicato__d-mf__p-constant,model,VIOLET,constant,leap_low,leap,low,pizzicato,43,mf,64,64,,4427509908137487210,20260826,leap_low-rep05,5,1.0,1.0,,False,0.75,data/midi/full/model/leap_low-rep05__t-pizzicato__d-mf__p-constant.mid,data/model_audio/leap_low-rep05__t-pizzicato__d-mf__p-constant.wav,planned
leap_low-rep01__t-pizzicato__d-f__p-constant,model,VIOLET,constant,leap_low,leap,low,pizzicato,43,f,96,96,,2184042350723427448,20260826,leap_low-rep01,1,1.0,1.0,,False,0.75,data/midi/full/model/leap_low-rep01__t-pizzicato__d-f__p-constant.mid,data/model_audio/leap_low-rep01__t-pizzicato__d-f__p-constant.wav,planned
leap_low-rep02__t-pizzicato__d-f__p-constant,model,VIOLET,constant,leap_low,leap,low,pizzicato,43,f,96,96,,268424540557771883,20260826,leap_low-rep02,2,1.0,1.0,,False,0.75,data/midi/full/model/leap_low-rep02__t-pizzicato__d-f__p-constant.mid,data/model_audio/leap_low-rep02__t-pizzicato__d-f__p-constant.wav,planned
leap_low-rep03__t-pizzicato__d-f__p-constant,model,VIOLET,constant,leap_low,leap,low,pizzicato,43,f,96,96,,648832392343139272,20260826,leap_low-rep03,3,1.0,1.0,,False,0.75,data/midi/full/model/leap_low-rep03__t-pizzicato__d-f__p-constant.mid,data/model_audio/leap_low-rep03__t-pizzicato__d-f__p-constant.wav,planned
leap_low-rep04__t-pizzicato__d-f__p-constant,model,VIOLET,constant,leap_low,leap,low,pizzicato,43,f,96,96,,3844849264205691420,20260826,leap_low-rep04,4,1.0,1.0,,False,0.75,data/midi/full/model/leap_low-rep04__t-pizzicato__d-f__p-constant.mid,data/model_audio/leap_low-rep04__t-pizzicato__d-f__p-constant.wav,planned
leap_low-rep05__t-pizzicato__d-f__p-constant,model,VIOLET,constant,leap_low,leap,low,pizzicato,43,f,96,96,,4427509908137487210,20260826,leap_low-rep05,5,1.0,1.0,,False,0.75,data/midi/full/model/leap_low-rep05__t-pizzicato__d-f__p-constant.mid,data/model_audio/leap_low-rep05__t-pizzicato__d-f__p-constant.wav,planned
leap_low-rep01__t-legato_slur__d-p__p-constant,model,VIOLET,constant,leap_low,leap,low,legato_slur,49,p,32,32,,2184042350723427448,20260826,leap_low-rep01,1,1.0,1.0,,False,0.75,data/midi/full/model/leap_low-rep01__t-legato_slur__d-p__p-constant.mid,data/model_audio/leap_low-rep01__t-legato_slur__d-p__p-constant.wav,planned
leap_low-rep02__t-legato_slur__d-p__p-constant,model,VIOLET,constant,leap_low,leap,low,legato_slur,49,p,32,32,,268424540557771883,20260826,leap_low-rep02,2,1.0,1.0,,False,0.75,data/midi/full/model/leap_low-rep02__t-legato_slur__d-p__p-constant.mid,data/model_audio/leap_low-rep02__t-legato_slur__d-p__p-constant.wav,planned
leap_low-rep03__t-legato_slur__d-p__p-constant,model,VIOLET,constant,leap_low,leap,low,legato_slur,49,p,32,32,,648832392343139272,20260826,leap_low-rep03,3,1.0,1.0,,False,0.75,data/midi/full/model/leap_low-rep03__t-legato_slur__d-p__p-constant.mid,data/model_audio/leap_low-rep03__t-legato_slur__d-p__p-constant.wav,planned
leap_low-rep04__t-legato_slur__d-p__p-constant,model,VIOLET,constant,leap_low,leap,low,legato_slur,49,p,32,32,,3844849264205691420,20260826,leap_low-rep04,4,1.0,1.0,,False,0.75,data/midi/full/model/leap_low-rep04__t-legato_slur__d-p__p-constant.mid,data/model_audio/leap_low-rep04__t-legato_slur__d-p__p-constant.wav,planned
leap_low-rep05__t-legato_slur__d-p__p-constant,model,VIOLET,constant,leap_low,leap,low,legato_slur,49,p,32,32,,4427509908137487210,20260826,leap_low-rep05,5,1.0,1.0,,False,0.75,data/midi/full/model/leap_low-rep05__t-legato_slur__d-p__p-constant.mid,data/model_audio/leap_low-rep05__t-legato_slur__d-p__p-constant.wav,planned
leap_low-rep01__t-legato_slur__d-mf__p-constant,model,VIOLET,constant,leap_low,leap,low,legato_slur,49,mf,64,64,,2184042350723427448,20260826,leap_low-rep01,1,1.0,1.0,,False,0.75,data/midi/full/model/leap_low-rep01__t-legato_slur__d-mf__p-constant.mid,data/model_audio/leap_low-rep01__t-legato_slur__d-mf__p-constant.wav,planned
leap_low-rep02__t-legato_slur__d-mf__p-constant,model,VIOLET,constant,leap_low,leap,low,legato_slur,49,mf,64,64,,268424540557771883,20260826,leap_low-rep02,2,1.0,1.0,,False,0.75,data/midi/full/model/leap_low-rep02__t-legato_slur__d-mf__p-constant.mid,data/model_audio/leap_low-rep02__t-legato_slur__d-mf__p-constant.wav,planned
leap_low-rep03__t-legato_slur__d-mf__p-constant,model,VIOLET,constant,leap_low,leap,low,legato_slur,49,mf,64,64,,648832392343139272,20260826,leap_low-rep03,3,1.0,1.0,,False,0.75,data/midi/full/model/leap_low-rep03__t-legato_slur__d-mf__p-constant.mid,data/model_audio/leap_low-rep03__t-legato_slur__d-mf__p-constant.wav,planned
leap_low-rep04__t-legato_slur__d-mf__p-constant,model,VIOLET,constant,leap_low,leap,low,legato_slur,49,mf,64,64,,3844849264205691420,20260826,leap_low-rep04,4,1.0,1.0,,False,0.75,data/midi/full/model/leap_low-rep04__t-legato_slur__d-mf__p-constant.mid,data/model_audio/leap_low-rep04__t-legato_slur__d-mf__p-constant.wav,planned
leap_low-rep05__t-legato_slur__d-mf__p-constant,model,VIOLET,constant,leap_low,leap,low,legato_slur,49,mf,64,64,,4427509908137487210,20260826,leap_low-rep05,5,1.0,1.0,,False,0.75,data/midi/full/model/leap_low-rep05__t-legato_slur__d-mf__p-constant.mid,data/model_audio/leap_low-rep05__t-legato_slur__d-mf__p-constant.wav,planned
leap_low-rep01__t-legato_slur__d-f__p-constant,model,VIOLET,constant,leap_low,leap,low,legato_slur,49,f,96,96,,2184042350723427448,20260826,leap_low-rep01,1,1.0,1.0,,False,0.75,data/midi/full/model/leap_low-rep01__t-legato_slur__d-f__p-constant.mid,data/model_audio/leap_low-rep01__t-legato_slur__d-f__p-constant.wav,planned
leap_low-rep02__t-legato_slur__d-f__p-constant,model,VIOLET,constant,leap_low,leap,low,legato_slur,49,f,96,96,,268424540557771883,20260826,leap_low-rep02,2,1.0,1.0,,False,0.75,data/midi/full/model/leap_low-rep02__t-legato_slur__d-f__p-constant.mid,data/model_audio/leap_low-rep02__t-legato_slur__d-f__p-constant.wav,planned
leap_low-rep03__t-legato_slur__d-f__p-constant,model,VIOLET,constant,leap_low,leap,low,legato_slur,49,f,96,96,,648832392343139272,20260826,leap_low-rep03,3,1.0,1.0,,False,0.75,data/midi/full/model/leap_low-rep03__t-legato_slur__d-f__p-constant.mid,data/model_audio/leap_low-rep03__t-legato_slur__d-f__p-constant.wav,planned
leap_low-rep04__t-legato_slur__d-f__p-constant,model,VIOLET,constant,leap_low,leap,low,legato_slur,49,f,96,96,,3844849264205691420,20260826,leap_low-rep04,4,1.0,1.0,,False,0.75,data/midi/full/model/leap_low-rep04__t-legato_slur__d-f__p-constant.mid,data/model_audio/leap_low-rep04__t-legato_slur__d-f__p-constant.wav,planned
leap_low-rep05__t-legato_slur__d-f__p-constant,model,VIOLET,constant,leap_low,leap,low,legato_slur,49,f,96,96,,4427509908137487210,20260826,leap_low-rep05,5,1.0,1.0,,False,0.75,data/midi/full/model/leap_low-rep05__t-legato_slur__d-f__p-constant.mid,data/model_audio/leap_low-rep05__t-legato_slur__d-f__p-constant.wav,planned
leap_mid-rep01__t-sustain__d-p__p-constant,model,VIOLET,constant,leap_mid,leap,mid,sustain,36,p,32,32,,1696578163170386211,20260826,leap_mid-rep01,1,1.0,1.0,,False,0.75,data/midi/full/model/leap_mid-rep01__t-sustain__d-p__p-constant.mid,data/model_audio/leap_mid-rep01__t-sustain__d-p__p-constant.wav,planned
leap_mid-rep02__t-sustain__d-p__p-constant,model,VIOLET,constant,leap_mid,leap,mid,sustain,36,p,32,32,,776862462066941249,20260826,leap_mid-rep02,2,1.0,1.0,,False,0.75,data/midi/full/model/leap_mid-rep02__t-sustain__d-p__p-constant.mid,data/model_audio/leap_mid-rep02__t-sustain__d-p__p-constant.wav,planned
leap_mid-rep03__t-sustain__d-p__p-constant,model,VIOLET,constant,leap_mid,leap,mid,sustain,36,p,32,32,,390391478077538168,20260826,leap_mid-rep03,3,1.0,1.0,,False,0.75,data/midi/full/model/leap_mid-rep03__t-sustain__d-p__p-constant.mid,data/model_audio/leap_mid-rep03__t-sustain__d-p__p-constant.wav,planned
leap_mid-rep04__t-sustain__d-p__p-constant,model,VIOLET,constant,leap_mid,leap,mid,sustain,36,p,32,32,,5802396823081732346,20260826,leap_mid-rep04,4,1.0,1.0,,False,0.75,data/midi/full/model/leap_mid-rep04__t-sustain__d-p__p-constant.mid,data/model_audio/leap_mid-rep04__t-sustain__d-p__p-constant.wav,planned
leap_mid-rep05__t-sustain__d-p__p-constant,model,VIOLET,constant,leap_mid,leap,mid,sustain,36,p,32,32,,2404699414586191264,20260826,leap_mid-rep05,5,1.0,1.0,,False,0.75,data/midi/full/model/leap_mid-rep05__t-sustain__d-p__p-constant.mid,data/model_audio/leap_mid-rep05__t-sustain__d-p__p-constant.wav,planned
leap_mid-rep01__t-sustain__d-mf__p-constant,model,VIOLET,constant,leap_mid,leap,mid,sustain,36,mf,64,64,,1696578163170386211,20260826,leap_mid-rep01,1,1.0,1.0,,False,0.75,data/midi/full/model/leap_mid-rep01__t-sustain__d-mf__p-constant.mid,data/model_audio/leap_mid-rep01__t-sustain__d-mf__p-constant.wav,planned
leap_mid-rep02__t-sustain__d-mf__p-constant,model,VIOLET,constant,leap_mid,leap,mid,sustain,36,mf,64,64,,776862462066941249,20260826,leap_mid-rep02,2,1.0,1.0,,False,0.75,data/midi/full/model/leap_mid-rep02__t-sustain__d-mf__p-constant.mid,data/model_audio/leap_mid-rep02__t-sustain__d-mf__p-constant.wav,planned
leap_mid-rep03__t-sustain__d-mf__p-constant,model,VIOLET,constant,leap_mid,leap,mid,sustain,36,mf,64,64,,390391478077538168,20260826,leap_mid-rep03,3,1.0,1.0,,False,0.75,data/midi/full/model/leap_mid-rep03__t-sustain__d-mf__p-constant.mid,data/model_audio/leap_mid-rep03__t-sustain__d-mf__p-constant.wav,planned
leap_mid-rep04__t-sustain__d-mf__p-constant,model,VIOLET,constant,leap_mid,leap,mid,sustain,36,mf,64,64,,5802396823081732346,20260826,leap_mid-rep04,4,1.0,1.0,,False,0.75,data/midi/full/model/leap_mid-rep04__t-sustain__d-mf__p-constant.mid,data/model_audio/leap_mid-rep04__t-sustain__d-mf__p-constant.wav,planned
leap_mid-rep05__t-sustain__d-mf__p-constant,model,VIOLET,constant,leap_mid,leap,mid,sustain,36,mf,64,64,,2404699414586191264,20260826,leap_mid-rep05,5,1.0,1.0,,False,0.75,data/midi/full/model/leap_mid-rep05__t-sustain__d-mf__p-constant.mid,data/model_audio/leap_mid-rep05__t-sustain__d-mf__p-constant.wav,planned
leap_mid-rep01__t-sustain__d-f__p-constant,model,VIOLET,constant,leap_mid,leap,mid,sustain,36,f,96,96,,1696578163170386211,20260826,leap_mid-rep01,1,1.0,1.0,,False,0.75,data/midi/full/model/leap_mid-rep01__t-sustain__d-f__p-constant.mid,data/model_audio/leap_mid-rep01__t-sustain__d-f__p-constant.wav,planned
leap_mid-rep02__t-sustain__d-f__p-constant,model,VIOLET,constant,leap_mid,leap,mid,sustain,36,f,96,96,,776862462066941249,20260826,leap_mid-rep02,2,1.0,1.0,,False,0.75,data/midi/full/model/leap_mid-rep02__t-sustain__d-f__p-constant.mid,data/model_audio/leap_mid-rep02__t-sustain__d-f__p-constant.wav,planned
leap_mid-rep03__t-sustain__d-f__p-constant,model,VIOLET,constant,leap_mid,leap,mid,sustain,36,f,96,96,,390391478077538168,20260826,leap_mid-rep03,3,1.0,1.0,,False,0.75,data/midi/full/model/leap_mid-rep03__t-sustain__d-f__p-constant.mid,data/model_audio/leap_mid-rep03__t-sustain__d-f__p-constant.wav,planned
leap_mid-rep04__t-sustain__d-f__p-constant,model,VIOLET,constant,leap_mid,leap,mid,sustain,36,f,96,96,,5802396823081732346,20260826,leap_mid-rep04,4,1.0,1.0,,False,0.75,data/midi/full/model/leap_mid-rep04__t-sustain__d-f__p-constant.mid,data/model_audio/leap_mid-rep04__t-sustain__d-f__p-constant.wav,planned
leap_mid-rep05__t-sustain__d-f__p-constant,model,VIOLET,constant,leap_mid,leap,mid,sustain,36,f,96,96,,2404699414586191264,20260826,leap_mid-rep05,5,1.0,1.0,,False,0.75,data/midi/full/model/leap_mid-rep05__t-sustain__d-f__p-constant.mid,data/model_audio/leap_mid-rep05__t-sustain__d-f__p-constant.wav,planned
leap_mid-rep01__t-staccato__d-p__p-constant,model,VIOLET,constant,leap_mid,leap,mid,staccato,40,p,32,32,,1696578163170386211,20260826,leap_mid-rep01,1,1.0,1.0,,False,0.75,data/midi/full/model/leap_mid-rep01__t-staccato__d-p__p-constant.mid,data/model_audio/leap_mid-rep01__t-staccato__d-p__p-constant.wav,planned
leap_mid-rep02__t-staccato__d-p__p-constant,model,VIOLET,constant,leap_mid,leap,mid,staccato,40,p,32,32,,776862462066941249,20260826,leap_mid-rep02,2,1.0,1.0,,False,0.75,data/midi/full/model/leap_mid-rep02__t-staccato__d-p__p-constant.mid,data/model_audio/leap_mid-rep02__t-staccato__d-p__p-constant.wav,planned
leap_mid-rep03__t-staccato__d-p__p-constant,model,VIOLET,constant,leap_mid,leap,mid,staccato,40,p,32,32,,390391478077538168,20260826,leap_mid-rep03,3,1.0,1.0,,False,0.75,data/midi/full/model/leap_mid-rep03__t-staccato__d-p__p-constant.mid,data/model_audio/leap_mid-rep03__t-staccato__d-p__p-constant.wav,planned
leap_mid-rep04__t-staccato__d-p__p-constant,model,VIOLET,constant,leap_mid,leap,mid,staccato,40,p,32,32,,5802396823081732346,20260826,leap_mid-rep04,4,1.0,1.0,,False,0.75,data/midi/full/model/leap_mid-rep04__t-staccato__d-p__p-constant.mid,data/model_audio/leap_mid-rep04__t-staccato__d-p__p-constant.wav,planned
leap_mid-rep05__t-staccato__d-p__p-constant,model,VIOLET,constant,leap_mid,leap,mid,staccato,40,p,32,32,,2404699414586191264,20260826,leap_mid-rep05,5,1.0,1.0,,False,0.75,data/midi/full/model/leap_mid-rep05__t-staccato__d-p__p-constant.mid,data/model_audio/leap_mid-rep05__t-staccato__d-p__p-constant.wav,planned
leap_mid-rep01__t-staccato__d-mf__p-constant,model,VIOLET,constant,leap_mid,leap,mid,staccato,40,mf,64,64,,1696578163170386211,20260826,leap_mid-rep01,1,1.0,1.0,,False,0.75,data/midi/full/model/leap_mid-rep01__t-staccato__d-mf__p-constant.mid,data/model_audio/leap_mid-rep01__t-staccato__d-mf__p-constant.wav,planned
leap_mid-rep02__t-staccato__d-mf__p-constant,model,VIOLET,constant,leap_mid,leap,mid,staccato,40,mf,64,64,,776862462066941249,20260826,leap_mid-rep02,2,1.0,1.0,,False,0.75,data/midi/full/model/leap_mid-rep02__t-staccato__d-mf__p-constant.mid,data/model_audio/leap_mid-rep02__t-staccato__d-mf__p-constant.wav,planned
leap_mid-rep03__t-staccato__d-mf__p-constant,model,VIOLET,constant,leap_mid,leap,mid,staccato,40,mf,64,64,,390391478077538168,20260826,leap_mid-rep03,3,1.0,1.0,,False,0.75,data/midi/full/model/leap_mid-rep03__t-staccato__d-mf__p-constant.mid,data/model_audio/leap_mid-rep03__t-staccato__d-mf__p-constant.wav,planned
leap_mid-rep04__t-staccato__d-mf__p-constant,model,VIOLET,constant,leap_mid,leap,mid,staccato,40,mf,64,64,,5802396823081732346,20260826,leap_mid-rep04,4,1.0,1.0,,False,0.75,data/midi/full/model/leap_mid-rep04__t-staccato__d-mf__p-constant.mid,data/model_audio/leap_mid-rep04__t-staccato__d-mf__p-constant.wav,planned
leap_mid-rep05__t-staccato__d-mf__p-constant,model,VIOLET,constant,leap_mid,leap,mid,staccato,40,mf,64,64,,2404699414586191264,20260826,leap_mid-rep05,5,1.0,1.0,,False,0.75,data/midi/full/model/leap_mid-rep05__t-staccato__d-mf__p-constant.mid,data/model_audio/leap_mid-rep05__t-staccato__d-mf__p-constant.wav,planned
leap_mid-rep01__t-staccato__d-f__p-constant,model,VIOLET,constant,leap_mid,leap,mid,staccato,40,f,96,96,,1696578163170386211,20260826,leap_mid-rep01,1,1.0,1.0,,False,0.75,data/midi/full/model/leap_mid-rep01__t-staccato__d-f__p-constant.mid,data/model_audio/leap_mid-rep01__t-staccato__d-f__p-constant.wav,planned
leap_mid-rep02__t-staccato__d-f__p-constant,model,VIOLET,constant,leap_mid,leap,mid,staccato,40,f,96,96,,776862462066941249,20260826,leap_mid-rep02,2,1.0,1.0,,False,0.75,data/midi/full/model/leap_mid-rep02__t-staccato__d-f__p-constant.mid,data/model_audio/leap_mid-rep02__t-staccato__d-f__p-constant.wav,planned
leap_mid-rep03__t-staccato__d-f__p-constant,model,VIOLET,constant,leap_mid,leap,mid,staccato,40,f,96,96,,390391478077538168,20260826,leap_mid-rep03,3,1.0,1.0,,False,0.75,data/midi/full/model/leap_mid-rep03__t-staccato__d-f__p-constant.mid,data/model_audio/leap_mid-rep03__t-staccato__d-f__p-constant.wav,planned
leap_mid-rep04__t-staccato__d-f__p-constant,model,VIOLET,constant,leap_mid,leap,mid,staccato,40,f,96,96,,5802396823081732346,20260826,leap_mid-rep04,4,1.0,1.0,,False,0.75,data/midi/full/model/leap_mid-rep04__t-staccato__d-f__p-constant.mid,data/model_audio/leap_mid-rep04__t-staccato__d-f__p-constant.wav,planned
leap_mid-rep05__t-staccato__d-f__p-constant,model,VIOLET,constant,leap_mid,leap,mid,staccato,40,f,96,96,,2404699414586191264,20260826,leap_mid-rep05,5,1.0,1.0,,False,0.75,data/midi/full/model/leap_mid-rep05__t-staccato__d-f__p-constant.mid,data/model_audio/leap_mid-rep05__t-staccato__d-f__p-constant.wav,planned
leap_mid-rep01__t-pizzicato__d-p__p-constant,model,VIOLET,constant,leap_mid,leap,mid,pizzicato,43,p,32,32,,1696578163170386211,20260826,leap_mid-rep01,1,1.0,1.0,,False,0.75,data/midi/full/model/leap_mid-rep01__t-pizzicato__d-p__p-constant.mid,data/model_audio/leap_mid-rep01__t-pizzicato__d-p__p-constant.wav,planned
leap_mid-rep02__t-pizzicato__d-p__p-constant,model,VIOLET,constant,leap_mid,leap,mid,pizzicato,43,p,32,32,,776862462066941249,20260826,leap_mid-rep02,2,1.0,1.0,,False,0.75,data/midi/full/model/leap_mid-rep02__t-pizzicato__d-p__p-constant.mid,data/model_audio/leap_mid-rep02__t-pizzicato__d-p__p-constant.wav,planned
leap_mid-rep03__t-pizzicato__d-p__p-constant,model,VIOLET,constant,leap_mid,leap,mid,pizzicato,43,p,32,32,,390391478077538168,20260826,leap_mid-rep03,3,1.0,1.0,,False,0.75,data/midi/full/model/leap_mid-rep03__t-pizzicato__d-p__p-constant.mid,data/model_audio/leap_mid-rep03__t-pizzicato__d-p__p-constant.wav,planned
leap_mid-rep04__t-pizzicato__d-p__p-constant,model,VIOLET,constant,leap_mid,leap,mid,pizzicato,43,p,32,32,,5802396823081732346,20260826,leap_mid-rep04,4,1.0,1.0,,False,0.75,data/midi/full/model/leap_mid-rep04__t-pizzicato__d-p__p-constant.mid,data/model_audio/leap_mid-rep04__t-pizzicato__d-p__p-constant.wav,planned
leap_mid-rep05__t-pizzicato__d-p__p-constant,model,VIOLET,constant,leap_mid,leap,mid,pizzicato,43,p,32,32,,2404699414586191264,20260826,leap_mid-rep05,5,1.0,1.0,,False,0.75,data/midi/full/model/leap_mid-rep05__t-pizzicato__d-p__p-constant.mid,data/model_audio/leap_mid-rep05__t-pizzicato__d-p__p-constant.wav,planned
leap_mid-rep01__t-pizzicato__d-mf__p-constant,model,VIOLET,constant,leap_mid,leap,mid,pizzicato,43,mf,64,64,,1696578163170386211,20260826,leap_mid-rep01,1,1.0,1.0,,False,0.75,data/midi/full/model/leap_mid-rep01__t-pizzicato__d-mf__p-constant.mid,data/model_audio/leap_mid-rep01__t-pizzicato__d-mf__p-constant.wav,planned
leap_mid-rep02__t-pizzicato__d-mf__p-constant,model,VIOLET,constant,leap_mid,leap,mid,pizzicato,43,mf,64,64,,776862462066941249,20260826,leap_mid-rep02,2,1.0,1.0,,False,0.75,data/midi/full/model/leap_mid-rep02__t-pizzicato__d-mf__p-constant.mid,data/model_audio/leap_mid-rep02__t-pizzicato__d-mf__p-constant.wav,planned
leap_mid-rep03__t-pizzicato__d-mf__p-constant,model,VIOLET,constant,leap_mid,leap,mid,pizzicato,43,mf,64,64,,390391478077538168,20260826,leap_mid-rep03,3,1.0,1.0,,False,0.75,data/midi/full/model/leap_mid-rep03__t-pizzicato__d-mf__p-constant.mid,data/model_audio/leap_mid-rep03__t-pizzicato__d-mf__p-constant.wav,planned
leap_mid-rep04__t-pizzicato__d-mf__p-constant,model,VIOLET,constant,leap_mid,leap,mid,pizzicato,43,mf,64,64,,5802396823081732346,20260826,leap_mid-rep04,4,1.0,1.0,,False,0.75,data/midi/full/model/leap_mid-rep04__t-pizzicato__d-mf__p-constant.mid,data/model_audio/leap_mid-rep04__t-pizzicato__d-mf__p-constant.wav,planned
leap_mid-rep05__t-pizzicato__d-mf__p-constant,model,VIOLET,constant,leap_mid,leap,mid,pizzicato,43,mf,64,64,,2404699414586191264,20260826,leap_mid-rep05,5,1.0,1.0,,False,0.75,data/midi/full/model/leap_mid-rep05__t-pizzicato__d-mf__p-constant.mid,data/model_audio/leap_mid-rep05__t-pizzicato__d-mf__p-constant.wav,planned
leap_mid-rep01__t-pizzicato__d-f__p-constant,model,VIOLET,constant,leap_mid,leap,mid,pizzicato,43,f,96,96,,1696578163170386211,20260826,leap_mid-rep01,1,1.0,1.0,,False,0.75,data/midi/full/model/leap_mid-rep01__t-pizzicato__d-f__p-constant.mid,data/model_audio/leap_mid-rep01__t-pizzicato__d-f__p-constant.wav,planned
leap_mid-rep02__t-pizzicato__d-f__p-constant,model,VIOLET,constant,leap_mid,leap,mid,pizzicato,43,f,96,96,,776862462066941249,20260826,leap_mid-rep02,2,1.0,1.0,,False,0.75,data/midi/full/model/leap_mid-rep02__t-pizzicato__d-f__p-constant.mid,data/model_audio/leap_mid-rep02__t-pizzicato__d-f__p-constant.wav,planned
leap_mid-rep03__t-pizzicato__d-f__p-constant,model,VIOLET,constant,leap_mid,leap,mid,pizzicato,43,f,96,96,,390391478077538168,20260826,leap_mid-rep03,3,1.0,1.0,,False,0.75,data/midi/full/model/leap_mid-rep03__t-pizzicato__d-f__p-constant.mid,data/model_audio/leap_mid-rep03__t-pizzicato__d-f__p-constant.wav,planned
leap_mid-rep04__t-pizzicato__d-f__p-constant,model,VIOLET,constant,leap_mid,leap,mid,pizzicato,43,f,96,96,,5802396823081732346,20260826,leap_mid-rep04,4,1.0,1.0,,False,0.75,data/midi/full/model/leap_mid-rep04__t-pizzicato__d-f__p-constant.mid,data/model_audio/leap_mid-rep04__t-pizzicato__d-f__p-constant.wav,planned
leap_mid-rep05__t-pizzicato__d-f__p-constant,model,VIOLET,constant,leap_mid,leap,mid,pizzicato,43,f,96,96,,2404699414586191264,20260826,leap_mid-rep05,5,1.0,1.0,,False,0.75,data/midi/full/model/leap_mid-rep05__t-pizzicato__d-f__p-constant.mid,data/model_audio/leap_mid-rep05__t-pizzicato__d-f__p-constant.wav,planned
leap_mid-rep01__t-legato_slur__d-p__p-constant,model,VIOLET,constant,leap_mid,leap,mid,legato_slur,49,p,32,32,,1696578163170386211,20260826,leap_mid-rep01,1,1.0,1.0,,False,0.75,data/midi/full/model/leap_mid-rep01__t-legato_slur__d-p__p-constant.mid,data/model_audio/leap_mid-rep01__t-legato_slur__d-p__p-constant.wav,planned
leap_mid-rep02__t-legato_slur__d-p__p-constant,model,VIOLET,constant,leap_mid,leap,mid,legato_slur,49,p,32,32,,776862462066941249,20260826,leap_mid-rep02,2,1.0,1.0,,False,0.75,data/midi/full/model/leap_mid-rep02__t-legato_slur__d-p__p-constant.mid,data/model_audio/leap_mid-rep02__t-legato_slur__d-p__p-constant.wav,planned
leap_mid-rep03__t-legato_slur__d-p__p-constant,model,VIOLET,constant,leap_mid,leap,mid,legato_slur,49,p,32,32,,390391478077538168,20260826,leap_mid-rep03,3,1.0,1.0,,False,0.75,data/midi/full/model/leap_mid-rep03__t-legato_slur__d-p__p-constant.mid,data/model_audio/leap_mid-rep03__t-legato_slur__d-p__p-constant.wav,planned
leap_mid-rep04__t-legato_slur__d-p__p-constant,model,VIOLET,constant,leap_mid,leap,mid,legato_slur,49,p,32,32,,5802396823081732346,20260826,leap_mid-rep04,4,1.0,1.0,,False,0.75,data/midi/full/model/leap_mid-rep04__t-legato_slur__d-p__p-constant.mid,data/model_audio/leap_mid-rep04__t-legato_slur__d-p__p-constant.wav,planned
leap_mid-rep05__t-legato_slur__d-p__p-constant,model,VIOLET,constant,leap_mid,leap,mid,legato_slur,49,p,32,32,,2404699414586191264,20260826,leap_mid-rep05,5,1.0,1.0,,False,0.75,data/midi/full/model/leap_mid-rep05__t-legato_slur__d-p__p-constant.mid,data/model_audio/leap_mid-rep05__t-legato_slur__d-p__p-constant.wav,planned
leap_mid-rep01__t-legato_slur__d-mf__p-constant,model,VIOLET,constant,leap_mid,leap,mid,legato_slur,49,mf,64,64,,1696578163170386211,20260826,leap_mid-rep01,1,1.0,1.0,,False,0.75,data/midi/full/model/leap_mid-rep01__t-legato_slur__d-mf__p-constant.mid,data/model_audio/leap_mid-rep01__t-legato_slur__d-mf__p-constant.wav,planned
leap_mid-rep02__t-legato_slur__d-mf__p-constant,model,VIOLET,constant,leap_mid,leap,mid,legato_slur,49,mf,64,64,,776862462066941249,20260826,leap_mid-rep02,2,1.0,1.0,,False,0.75,data/midi/full/model/leap_mid-rep02__t-legato_slur__d-mf__p-constant.mid,data/model_audio/leap_mid-rep02__t-legato_slur__d-mf__p-constant.wav,planned
leap_mid-rep03__t-legato_slur__d-mf__p-constant,model,VIOLET,constant,leap_mid,leap,mid,legato_slur,49,mf,64,64,,390391478077538168,20260826,leap_mid-rep03,3,1.0,1.0,,False,0.75,data/midi/full/model/leap_mid-rep03__t-legato_slur__d-mf__p-constant.mid,data/model_audio/leap_mid-rep03__t-legato_slur__d-mf__p-constant.wav,planned
leap_mid-rep04__t-legato_slur__d-mf__p-constant,model,VIOLET,constant,leap_mid,leap,mid,legato_slur,49,mf,64,64,,5802396823081732346,20260826,leap_mid-rep04,4,1.0,1.0,,False,0.75,data/midi/full/model/leap_mid-rep04__t-legato_slur__d-mf__p-constant.mid,data/model_audio/leap_mid-rep04__t-legato_slur__d-mf__p-constant.wav,planned
leap_mid-rep05__t-legato_slur__d-mf__p-constant,model,VIOLET,constant,leap_mid,leap,mid,legato_slur,49,mf,64,64,,2404699414586191264,20260826,leap_mid-rep05,5,1.0,1.0,,False,0.75,data/midi/full/model/leap_mid-rep05__t-legato_slur__d-mf__p-constant.mid,data/model_audio/leap_mid-rep05__t-legato_slur__d-mf__p-constant.wav,planned
leap_mid-rep01__t-legato_slur__d-f__p-constant,model,VIOLET,constant,leap_mid,leap,mid,legato_slur,49,f,96,96,,1696578163170386211,20260826,leap_mid-rep01,1,1.0,1.0,,False,0.75,data/midi/full/model/leap_mid-rep01__t-legato_slur__d-f__p-constant.mid,data/model_audio/leap_mid-rep01__t-legato_slur__d-f__p-constant.wav,planned
leap_mid-rep02__t-legato_slur__d-f__p-constant,model,VIOLET,constant,leap_mid,leap,mid,legato_slur,49,f,96,96,,776862462066941249,20260826,leap_mid-rep02,2,1.0,1.0,,False,0.75,data/midi/full/model/leap_mid-rep02__t-legato_slur__d-f__p-constant.mid,data/model_audio/leap_mid-rep02__t-legato_slur__d-f__p-constant.wav,planned
leap_mid-rep03__t-legato_slur__d-f__p-constant,model,VIOLET,constant,leap_mid,leap,mid,legato_slur,49,f,96,96,,390391478077538168,20260826,leap_mid-rep03,3,1.0,1.0,,False,0.75,data/midi/full/model/leap_mid-rep03__t-legato_slur__d-f__p-constant.mid,data/model_audio/leap_mid-rep03__t-legato_slur__d-f__p-constant.wav,planned
leap_mid-rep04__t-legato_slur__d-f__p-constant,model,VIOLET,constant,leap_mid,leap,mid,legato_slur,49,f,96,96,,5802396823081732346,20260826,leap_mid-rep04,4,1.0,1.0,,False,0.75,data/midi/full/model/leap_mid-rep04__t-legato_slur__d-f__p-constant.mid,data/model_audio/leap_mid-rep04__t-legato_slur__d-f__p-constant.wav,planned
leap_mid-rep05__t-legato_slur__d-f__p-constant,model,VIOLET,constant,leap_mid,leap,mid,legato_slur,49,f,96,96,,2404699414586191264,20260826,leap_mid-rep05,5,1.0,1.0,,False,0.75,data/midi/full/model/leap_mid-rep05__t-legato_slur__d-f__p-constant.mid,data/model_audio/leap_mid-rep05__t-legato_slur__d-f__p-constant.wav,planned
leap_high-rep01__t-sustain__d-p__p-constant,model,VIOLET,constant,leap_high,leap,high,sustain,36,p,32,32,,368432532708204254,20260826,leap_high-rep01,1,1.0,1.0,,False,0.75,data/midi/full/model/leap_high-rep01__t-sustain__d-p__p-constant.mid,data/model_audio/leap_high-rep01__t-sustain__d-p__p-constant.wav,planned
leap_high-rep02__t-sustain__d-p__p-constant,model,VIOLET,constant,leap_high,leap,high,sustain,36,p,32,32,,1169280363807593364,20260826,leap_high-rep02,2,1.0,1.0,,False,0.75,data/midi/full/model/leap_high-rep02__t-sustain__d-p__p-constant.mid,data/model_audio/leap_high-rep02__t-sustain__d-p__p-constant.wav,planned
leap_high-rep03__t-sustain__d-p__p-constant,model,VIOLET,constant,leap_high,leap,high,sustain,36,p,32,32,,2887256122212755483,20260826,leap_high-rep03,3,1.0,1.0,,False,0.75,data/midi/full/model/leap_high-rep03__t-sustain__d-p__p-constant.mid,data/model_audio/leap_high-rep03__t-sustain__d-p__p-constant.wav,planned
leap_high-rep04__t-sustain__d-p__p-constant,model,VIOLET,constant,leap_high,leap,high,sustain,36,p,32,32,,5103941715816279302,20260826,leap_high-rep04,4,1.0,1.0,,False,0.75,data/midi/full/model/leap_high-rep04__t-sustain__d-p__p-constant.mid,data/model_audio/leap_high-rep04__t-sustain__d-p__p-constant.wav,planned
leap_high-rep05__t-sustain__d-p__p-constant,model,VIOLET,constant,leap_high,leap,high,sustain,36,p,32,32,,2314698857761139347,20260826,leap_high-rep05,5,1.0,1.0,,False,0.75,data/midi/full/model/leap_high-rep05__t-sustain__d-p__p-constant.mid,data/model_audio/leap_high-rep05__t-sustain__d-p__p-constant.wav,planned
leap_high-rep01__t-sustain__d-mf__p-constant,model,VIOLET,constant,leap_high,leap,high,sustain,36,mf,64,64,,368432532708204254,20260826,leap_high-rep01,1,1.0,1.0,,False,0.75,data/midi/full/model/leap_high-rep01__t-sustain__d-mf__p-constant.mid,data/model_audio/leap_high-rep01__t-sustain__d-mf__p-constant.wav,planned
leap_high-rep02__t-sustain__d-mf__p-constant,model,VIOLET,constant,leap_high,leap,high,sustain,36,mf,64,64,,1169280363807593364,20260826,leap_high-rep02,2,1.0,1.0,,False,0.75,data/midi/full/model/leap_high-rep02__t-sustain__d-mf__p-constant.mid,data/model_audio/leap_high-rep02__t-sustain__d-mf__p-constant.wav,planned
leap_high-rep03__t-sustain__d-mf__p-constant,model,VIOLET,constant,leap_high,leap,high,sustain,36,mf,64,64,,2887256122212755483,20260826,leap_high-rep03,3,1.0,1.0,,False,0.75,data/midi/full/model/leap_high-rep03__t-sustain__d-mf__p-constant.mid,data/model_audio/leap_high-rep03__t-sustain__d-mf__p-constant.wav,planned
leap_high-rep04__t-sustain__d-mf__p-constant,model,VIOLET,constant,leap_high,leap,high,sustain,36,mf,64,64,,5103941715816279302,20260826,leap_high-rep04,4,1.0,1.0,,False,0.75,data/midi/full/model/leap_high-rep04__t-sustain__d-mf__p-constant.mid,data/model_audio/leap_high-rep04__t-sustain__d-mf__p-constant.wav,planned
leap_high-rep05__t-sustain__d-mf__p-constant,model,VIOLET,constant,leap_high,leap,high,sustain,36,mf,64,64,,2314698857761139347,20260826,leap_high-rep05,5,1.0,1.0,,False,0.75,data/midi/full/model/leap_high-rep05__t-sustain__d-mf__p-constant.mid,data/model_audio/leap_high-rep05__t-sustain__d-mf__p-constant.wav,planned
leap_high-rep01__t-sustain__d-f__p-constant,model,VIOLET,constant,leap_high,leap,high,sustain,36,f,96,96,,368432532708204254,20260826,leap_high-rep01,1,1.0,1.0,,False,0.75,data/midi/full/model/leap_high-rep01__t-sustain__d-f__p-constant.mid,data/model_audio/leap_high-rep01__t-sustain__d-f__p-constant.wav,planned
leap_high-rep02__t-sustain__d-f__p-constant,model,VIOLET,constant,leap_high,leap,high,sustain,36,f,96,96,,1169280363807593364,20260826,leap_high-rep02,2,1.0,1.0,,False,0.75,data/midi/full/model/leap_high-rep02__t-sustain__d-f__p-constant.mid,data/model_audio/leap_high-rep02__t-sustain__d-f__p-constant.wav,planned
leap_high-rep03__t-sustain__d-f__p-constant,model,VIOLET,constant,leap_high,leap,high,sustain,36,f,96,96,,2887256122212755483,20260826,leap_high-rep03,3,1.0,1.0,,False,0.75,data/midi/full/model/leap_high-rep03__t-sustain__d-f__p-constant.mid,data/model_audio/leap_high-rep03__t-sustain__d-f__p-constant.wav,planned
leap_high-rep04__t-sustain__d-f__p-constant,model,VIOLET,constant,leap_high,leap,high,sustain,36,f,96,96,,5103941715816279302,20260826,leap_high-rep04,4,1.0,1.0,,False,0.75,data/midi/full/model/leap_high-rep04__t-sustain__d-f__p-constant.mid,data/model_audio/leap_high-rep04__t-sustain__d-f__p-constant.wav,planned
leap_high-rep05__t-sustain__d-f__p-constant,model,VIOLET,constant,leap_high,leap,high,sustain,36,f,96,96,,2314698857761139347,20260826,leap_high-rep05,5,1.0,1.0,,False,0.75,data/midi/full/model/leap_high-rep05__t-sustain__d-f__p-constant.mid,data/model_audio/leap_high-rep05__t-sustain__d-f__p-constant.wav,planned
leap_high-rep01__t-staccato__d-p__p-constant,model,VIOLET,constant,leap_high,leap,high,staccato,40,p,32,32,,368432532708204254,20260826,leap_high-rep01,1,1.0,1.0,,False,0.75,data/midi/full/model/leap_high-rep01__t-staccato__d-p__p-constant.mid,data/model_audio/leap_high-rep01__t-staccato__d-p__p-constant.wav,planned
leap_high-rep02__t-staccato__d-p__p-constant,model,VIOLET,constant,leap_high,leap,high,staccato,40,p,32,32,,1169280363807593364,20260826,leap_high-rep02,2,1.0,1.0,,False,0.75,data/midi/full/model/leap_high-rep02__t-staccato__d-p__p-constant.mid,data/model_audio/leap_high-rep02__t-staccato__d-p__p-constant.wav,planned
leap_high-rep03__t-staccato__d-p__p-constant,model,VIOLET,constant,leap_high,leap,high,staccato,40,p,32,32,,2887256122212755483,20260826,leap_high-rep03,3,1.0,1.0,,False,0.75,data/midi/full/model/leap_high-rep03__t-staccato__d-p__p-constant.mid,data/model_audio/leap_high-rep03__t-staccato__d-p__p-constant.wav,planned
leap_high-rep04__t-staccato__d-p__p-constant,model,VIOLET,constant,leap_high,leap,high,staccato,40,p,32,32,,5103941715816279302,20260826,leap_high-rep04,4,1.0,1.0,,False,0.75,data/midi/full/model/leap_high-rep04__t-staccato__d-p__p-constant.mid,data/model_audio/leap_high-rep04__t-staccato__d-p__p-constant.wav,planned
leap_high-rep05__t-staccato__d-p__p-constant,model,VIOLET,constant,leap_high,leap,high,staccato,40,p,32,32,,2314698857761139347,20260826,leap_high-rep05,5,1.0,1.0,,False,0.75,data/midi/full/model/leap_high-rep05__t-staccato__d-p__p-constant.mid,data/model_audio/leap_high-rep05__t-staccato__d-p__p-constant.wav,planned
leap_high-rep01__t-staccato__d-mf__p-constant,model,VIOLET,constant,leap_high,leap,high,staccato,40,mf,64,64,,368432532708204254,20260826,leap_high-rep01,1,1.0,1.0,,False,0.75,data/midi/full/model/leap_high-rep01__t-staccato__d-mf__p-constant.mid,data/model_audio/leap_high-rep01__t-staccato__d-mf__p-constant.wav,planned
leap_high-rep02__t-staccato__d-mf__p-constant,model,VIOLET,constant,leap_high,leap,high,staccato,40,mf,64,64,,1169280363807593364,20260826,leap_high-rep02,2,1.0,1.0,,False,0.75,data/midi/full/model/leap_high-rep02__t-staccato__d-mf__p-constant.mid,data/model_audio/leap_high-rep02__t-staccato__d-mf__p-constant.wav,planned
leap_high-rep03__t-staccato__d-mf__p-constant,model,VIOLET,constant,leap_high,leap,high,staccato,40,mf,64,64,,2887256122212755483,20260826,leap_high-rep03,3,1.0,1.0,,False,0.75,data/midi/full/model/leap_high-rep03__t-staccato__d-mf__p-constant.mid,data/model_audio/leap_high-rep03__t-staccato__d-mf__p-constant.wav,planned
leap_high-rep04__t-staccato__d-mf__p-constant,model,VIOLET,constant,leap_high,leap,high,staccato,40,mf,64,64,,5103941715816279302,20260826,leap_high-rep04,4,1.0,1.0,,False,0.75,data/midi/full/model/leap_high-rep04__t-staccato__d-mf__p-constant.mid,data/model_audio/leap_high-rep04__t-staccato__d-mf__p-constant.wav,planned
leap_high-rep05__t-staccato__d-mf__p-constant,model,VIOLET,constant,leap_high,leap,high,staccato,40,mf,64,64,,2314698857761139347,20260826,leap_high-rep05,5,1.0,1.0,,False,0.75,data/midi/full/model/leap_high-rep05__t-staccato__d-mf__p-constant.mid,data/model_audio/leap_high-rep05__t-staccato__d-mf__p-constant.wav,planned
leap_high-rep01__t-staccato__d-f__p-constant,model,VIOLET,constant,leap_high,leap,high,staccato,40,f,96,96,,368432532708204254,20260826,leap_high-rep01,1,1.0,1.0,,False,0.75,data/midi/full/model/leap_high-rep01__t-staccato__d-f__p-constant.mid,data/model_audio/leap_high-rep01__t-staccato__d-f__p-constant.wav,planned
leap_high-rep02__t-staccato__d-f__p-constant,model,VIOLET,constant,leap_high,leap,high,staccato,40,f,96,96,,1169280363807593364,20260826,leap_high-rep02,2,1.0,1.0,,False,0.75,data/midi/full/model/leap_high-rep02__t-staccato__d-f__p-constant.mid,data/model_audio/leap_high-rep02__t-staccato__d-f__p-constant.wav,planned
leap_high-rep03__t-staccato__d-f__p-constant,model,VIOLET,constant,leap_high,leap,high,staccato,40,f,96,96,,2887256122212755483,20260826,leap_high-rep03,3,1.0,1.0,,False,0.75,data/midi/full/model/leap_high-rep03__t-staccato__d-f__p-constant.mid,data/model_audio/leap_high-rep03__t-staccato__d-f__p-constant.wav,planned
leap_high-rep04__t-staccato__d-f__p-constant,model,VIOLET,constant,leap_high,leap,high,staccato,40,f,96,96,,5103941715816279302,20260826,leap_high-rep04,4,1.0,1.0,,False,0.75,data/midi/full/model/leap_high-rep04__t-staccato__d-f__p-constant.mid,data/model_audio/leap_high-rep04__t-staccato__d-f__p-constant.wav,planned
leap_high-rep05__t-staccato__d-f__p-constant,model,VIOLET,constant,leap_high,leap,high,staccato,40,f,96,96,,2314698857761139347,20260826,leap_high-rep05,5,1.0,1.0,,False,0.75,data/midi/full/model/leap_high-rep05__t-staccato__d-f__p-constant.mid,data/model_audio/leap_high-rep05__t-staccato__d-f__p-constant.wav,planned
leap_high-rep01__t-pizzicato__d-p__p-constant,model,VIOLET,constant,leap_high,leap,high,pizzicato,43,p,32,32,,368432532708204254,20260826,leap_high-rep01,1,1.0,1.0,,False,0.75,data/midi/full/model/leap_high-rep01__t-pizzicato__d-p__p-constant.mid,data/model_audio/leap_high-rep01__t-pizzicato__d-p__p-constant.wav,planned
leap_high-rep02__t-pizzicato__d-p__p-constant,model,VIOLET,constant,leap_high,leap,high,pizzicato,43,p,32,32,,1169280363807593364,20260826,leap_high-rep02,2,1.0,1.0,,False,0.75,data/midi/full/model/leap_high-rep02__t-pizzicato__d-p__p-constant.mid,data/model_audio/leap_high-rep02__t-pizzicato__d-p__p-constant.wav,planned
leap_high-rep03__t-pizzicato__d-p__p-constant,model,VIOLET,constant,leap_high,leap,high,pizzicato,43,p,32,32,,2887256122212755483,20260826,leap_high-rep03,3,1.0,1.0,,False,0.75,data/midi/full/model/leap_high-rep03__t-pizzicato__d-p__p-constant.mid,data/model_audio/leap_high-rep03__t-pizzicato__d-p__p-constant.wav,planned
leap_high-rep04__t-pizzicato__d-p__p-constant,model,VIOLET,constant,leap_high,leap,high,pizzicato,43,p,32,32,,5103941715816279302,20260826,leap_high-rep04,4,1.0,1.0,,False,0.75,data/midi/full/model/leap_high-rep04__t-pizzicato__d-p__p-constant.mid,data/model_audio/leap_high-rep04__t-pizzicato__d-p__p-constant.wav,planned
leap_high-rep05__t-pizzicato__d-p__p-constant,model,VIOLET,constant,leap_high,leap,high,pizzicato,43,p,32,32,,2314698857761139347,20260826,leap_high-rep05,5,1.0,1.0,,False,0.75,data/midi/full/model/leap_high-rep05__t-pizzicato__d-p__p-constant.mid,data/model_audio/leap_high-rep05__t-pizzicato__d-p__p-constant.wav,planned
leap_high-rep01__t-pizzicato__d-mf__p-constant,model,VIOLET,constant,leap_high,leap,high,pizzicato,43,mf,64,64,,368432532708204254,20260826,leap_high-rep01,1,1.0,1.0,,False,0.75,data/midi/full/model/leap_high-rep01__t-pizzicato__d-mf__p-constant.mid,data/model_audio/leap_high-rep01__t-pizzicato__d-mf__p-constant.wav,planned
leap_high-rep02__t-pizzicato__d-mf__p-constant,model,VIOLET,constant,leap_high,leap,high,pizzicato,43,mf,64,64,,1169280363807593364,20260826,leap_high-rep02,2,1.0,1.0,,False,0.75,data/midi/full/model/leap_high-rep02__t-pizzicato__d-mf__p-constant.mid,data/model_audio/leap_high-rep02__t-pizzicato__d-mf__p-constant.wav,planned
leap_high-rep03__t-pizzicato__d-mf__p-constant,model,VIOLET,constant,leap_high,leap,high,pizzicato,43,mf,64,64,,2887256122212755483,20260826,leap_high-rep03,3,1.0,1.0,,False,0.75,data/midi/full/model/leap_high-rep03__t-pizzicato__d-mf__p-constant.mid,data/model_audio/leap_high-rep03__t-pizzicato__d-mf__p-constant.wav,planned
leap_high-rep04__t-pizzicato__d-mf__p-constant,model,VIOLET,constant,leap_high,leap,high,pizzicato,43,mf,64,64,,5103941715816279302,20260826,leap_high-rep04,4,1.0,1.0,,False,0.75,data/midi/full/model/leap_high-rep04__t-pizzicato__d-mf__p-constant.mid,data/model_audio/leap_high-rep04__t-pizzicato__d-mf__p-constant.wav,planned
leap_high-rep05__t-pizzicato__d-mf__p-constant,model,VIOLET,constant,leap_high,leap,high,pizzicato,43,mf,64,64,,2314698857761139347,20260826,leap_high-rep05,5,1.0,1.0,,False,0.75,data/midi/full/model/leap_high-rep05__t-pizzicato__d-mf__p-constant.mid,data/model_audio/leap_high-rep05__t-pizzicato__d-mf__p-constant.wav,planned
leap_high-rep01__t-pizzicato__d-f__p-constant,model,VIOLET,constant,leap_high,leap,high,pizzicato,43,f,96,96,,368432532708204254,20260826,leap_high-rep01,1,1.0,1.0,,False,0.75,data/midi/full/model/leap_high-rep01__t-pizzicato__d-f__p-constant.mid,data/model_audio/leap_high-rep01__t-pizzicato__d-f__p-constant.wav,planned
leap_high-rep02__t-pizzicato__d-f__p-constant,model,VIOLET,constant,leap_high,leap,high,pizzicato,43,f,96,96,,1169280363807593364,20260826,leap_high-rep02,2,1.0,1.0,,False,0.75,data/midi/full/model/leap_high-rep02__t-pizzicato__d-f__p-constant.mid,data/model_audio/leap_high-rep02__t-pizzicato__d-f__p-constant.wav,planned
leap_high-rep03__t-pizzicato__d-f__p-constant,model,VIOLET,constant,leap_high,leap,high,pizzicato,43,f,96,96,,2887256122212755483,20260826,leap_high-rep03,3,1.0,1.0,,False,0.75,data/midi/full/model/leap_high-rep03__t-pizzicato__d-f__p-constant.mid,data/model_audio/leap_high-rep03__t-pizzicato__d-f__p-constant.wav,planned
leap_high-rep04__t-pizzicato__d-f__p-constant,model,VIOLET,constant,leap_high,leap,high,pizzicato,43,f,96,96,,5103941715816279302,20260826,leap_high-rep04,4,1.0,1.0,,False,0.75,data/midi/full/model/leap_high-rep04__t-pizzicato__d-f__p-constant.mid,data/model_audio/leap_high-rep04__t-pizzicato__d-f__p-constant.wav,planned
leap_high-rep05__t-pizzicato__d-f__p-constant,model,VIOLET,constant,leap_high,leap,high,pizzicato,43,f,96,96,,2314698857761139347,20260826,leap_high-rep05,5,1.0,1.0,,False,0.75,data/midi/full/model/leap_high-rep05__t-pizzicato__d-f__p-constant.mid,data/model_audio/leap_high-rep05__t-pizzicato__d-f__p-constant.wav,planned
leap_high-rep01__t-legato_slur__d-p__p-constant,model,VIOLET,constant,leap_high,leap,high,legato_slur,49,p,32,32,,368432532708204254,20260826,leap_high-rep01,1,1.0,1.0,,False,0.75,data/midi/full/model/leap_high-rep01__t-legato_slur__d-p__p-constant.mid,data/model_audio/leap_high-rep01__t-legato_slur__d-p__p-constant.wav,planned
leap_high-rep02__t-legato_slur__d-p__p-constant,model,VIOLET,constant,leap_high,leap,high,legato_slur,49,p,32,32,,1169280363807593364,20260826,leap_high-rep02,2,1.0,1.0,,False,0.75,data/midi/full/model/leap_high-rep02__t-legato_slur__d-p__p-constant.mid,data/model_audio/leap_high-rep02__t-legato_slur__d-p__p-constant.wav,planned
leap_high-rep03__t-legato_slur__d-p__p-constant,model,VIOLET,constant,leap_high,leap,high,legato_slur,49,p,32,32,,2887256122212755483,20260826,leap_high-rep03,3,1.0,1.0,,False,0.75,data/midi/full/model/leap_high-rep03__t-legato_slur__d-p__p-constant.mid,data/model_audio/leap_high-rep03__t-legato_slur__d-p__p-constant.wav,planned
leap_high-rep04__t-legato_slur__d-p__p-constant,model,VIOLET,constant,leap_high,leap,high,legato_slur,49,p,32,32,,5103941715816279302,20260826,leap_high-rep04,4,1.0,1.0,,False,0.75,data/midi/full/model/leap_high-rep04__t-legato_slur__d-p__p-constant.mid,data/model_audio/leap_high-rep04__t-legato_slur__d-p__p-constant.wav,planned
leap_high-rep05__t-legato_slur__d-p__p-constant,model,VIOLET,constant,leap_high,leap,high,legato_slur,49,p,32,32,,2314698857761139347,20260826,leap_high-rep05,5,1.0,1.0,,False,0.75,data/midi/full/model/leap_high-rep05__t-legato_slur__d-p__p-constant.mid,data/model_audio/leap_high-rep05__t-legato_slur__d-p__p-constant.wav,planned
leap_high-rep01__t-legato_slur__d-mf__p-constant,model,VIOLET,constant,leap_high,leap,high,legato_slur,49,mf,64,64,,368432532708204254,20260826,leap_high-rep01,1,1.0,1.0,,False,0.75,data/midi/full/model/leap_high-rep01__t-legato_slur__d-mf__p-constant.mid,data/model_audio/leap_high-rep01__t-legato_slur__d-mf__p-constant.wav,planned
leap_high-rep02__t-legato_slur__d-mf__p-constant,model,VIOLET,constant,leap_high,leap,high,legato_slur,49,mf,64,64,,1169280363807593364,20260826,leap_high-rep02,2,1.0,1.0,,False,0.75,data/midi/full/model/leap_high-rep02__t-legato_slur__d-mf__p-constant.mid,data/model_audio/leap_high-rep02__t-legato_slur__d-mf__p-constant.wav,planned
leap_high-rep03__t-legato_slur__d-mf__p-constant,model,VIOLET,constant,leap_high,leap,high,legato_slur,49,mf,64,64,,2887256122212755483,20260826,leap_high-rep03,3,1.0,1.0,,False,0.75,data/midi/full/model/leap_high-rep03__t-legato_slur__d-mf__p-constant.mid,data/model_audio/leap_high-rep03__t-legato_slur__d-mf__p-constant.wav,planned
leap_high-rep04__t-legato_slur__d-mf__p-constant,model,VIOLET,constant,leap_high,leap,high,legato_slur,49,mf,64,64,,5103941715816279302,20260826,leap_high-rep04,4,1.0,1.0,,False,0.75,data/midi/full/model/leap_high-rep04__t-legato_slur__d-mf__p-constant.mid,data/model_audio/leap_high-rep04__t-legato_slur__d-mf__p-constant.wav,planned
leap_high-rep05__t-legato_slur__d-mf__p-constant,model,VIOLET,constant,leap_high,leap,high,legato_slur,49,mf,64,64,,2314698857761139347,20260826,leap_high-rep05,5,1.0,1.0,,False,0.75,data/midi/full/model/leap_high-rep05__t-legato_slur__d-mf__p-constant.mid,data/model_audio/leap_high-rep05__t-legato_slur__d-mf__p-constant.wav,planned
leap_high-rep01__t-legato_slur__d-f__p-constant,model,VIOLET,constant,leap_high,leap,high,legato_slur,49,f,96,96,,368432532708204254,20260826,leap_high-rep01,1,1.0,1.0,,False,0.75,data/midi/full/model/leap_high-rep01__t-legato_slur__d-f__p-constant.mid,data/model_audio/leap_high-rep01__t-legato_slur__d-f__p-constant.wav,planned
leap_high-rep02__t-legato_slur__d-f__p-constant,model,VIOLET,constant,leap_high,leap,high,legato_slur,49,f,96,96,,1169280363807593364,20260826,leap_high-rep02,2,1.0,1.0,,False,0.75,data/midi/full/model/leap_high-rep02__t-legato_slur__d-f__p-constant.mid,data/model_audio/leap_high-rep02__t-legato_slur__d-f__p-constant.wav,planned
leap_high-rep03__t-legato_slur__d-f__p-constant,model,VIOLET,constant,leap_high,leap,high,legato_slur,49,f,96,96,,2887256122212755483,20260826,leap_high-rep03,3,1.0,1.0,,False,0.75,data/midi/full/model/leap_high-rep03__t-legato_slur__d-f__p-constant.mid,data/model_audio/leap_high-rep03__t-legato_slur__d-f__p-constant.wav,planned
leap_high-rep04__t-legato_slur__d-f__p-constant,model,VIOLET,constant,leap_high,leap,high,legato_slur,49,f,96,96,,5103941715816279302,20260826,leap_high-rep04,4,1.0,1.0,,False,0.75,data/midi/full/model/leap_high-rep04__t-legato_slur__d-f__p-constant.mid,data/model_audio/leap_high-rep04__t-legato_slur__d-f__p-constant.wav,planned
leap_high-rep05__t-legato_slur__d-f__p-constant,model,VIOLET,constant,leap_high,leap,high,legato_slur,49,f,96,96,,2314698857761139347,20260826,leap_high-rep05,5,1.0,1.0,,False,0.75,data/midi/full/model/leap_high-rep05__t-legato_slur__d-f__p-constant.mid,data/model_audio/leap_high-rep05__t-legato_slur__d-f__p-constant.wav,planned
