clip_id,source,model,profile,prompt_id,pattern,register,technique,analysis_tier,technique_keyswitch,dynamic_label,cc1_initial,cc1_final,branch_offset_s,violin_id,performer_id,take,replicate,reference_midi,single_pitch,note_onset_s,midi_path,audio_path,raw_audio_path,status,recording_order
r__scale_mid__t-legato_slur__d-mf__p-constant__v-V1__take01,real,real_violin,constant,scale_mid,scale,mid,legato_slur,real_counterfactual_primary,49,mf,64,64,,V1,P1,1,1,,False,0.75,data/midi/full/reference/ref__scale_mid__t-legato_slur__d-mf__p-constant.mid,data/real_48k/r__scale_mid__t-legato_slur__d-mf__p-constant__v-V1__take01.wav,data/real_raw/r__scale_mid__t-legato_slur__d-mf__p-constant__v-V1__take01.wav,planned,1
r__leap_high__t-legato_slur__d-mf__p-constant__v-V2__take01,real,real_violin,constant,leap_high,leap,high,legato_slur,real_counterfactual_primary,49,mf,64,64,,V2,P1,1,1,,False,0.75,data/midi/full/reference/ref__leap_high__t-legato_slur__d-mf__p-constant.mid,data/real_48k/r__leap_high__t-legato_slur__d-mf__p-constant__v-V2__take01.wav,data/real_raw/r__leap_high__t-legato_slur__d-mf__p-constant__v-V2__take01.wav,planned,2
r__scale_high__t-pizzicato__d-mf__p-constant__v-V1__take02,real,real_violin,constant,scale_high,scale,high,pizzicato,real_counterfactual_primary,43,mf,64,64,,V1,P1,2,2,,False,0.75,data/midi/full/reference/ref__scale_high__t-pizzicato__d-mf__p-constant.mid,data/real_48k/r__scale_high__t-pizzicato__d-mf__p-constant__v-V1__take02.wav,data/real_raw/r__scale_high__t-pizzicato__d-mf__p-constant__v-V1__take02.wav,planned,3
r__leap_high__t-pizzicato__d-f__p-constant__v-V2__take01,real,real_violin,constant,leap_high,leap,high,pizzicato,real_counterfactual_primary,43,f,96,96,,V2,P1,1,1,,False,0.75,data/midi/full/reference/ref__leap_high__t-pizzicato__d-f__p-constant.mid,data/real_48k/r__leap_high__t-pizzicato__d-f__p-constant__v-V2__take01.wav,data/real_raw/r__leap_high__t-pizzicato__d-f__p-constant__v-V2__take01.wav,planned,4
r__long_mid__t-legato_slur__d-f__p-constant__v-V1__take02,real,real_violin,constant,long_mid,long,mid,legato_slur,real_counterfactual_primary,49,f,96,96,,V1,P1,2,2,69.0,True,0.75,data/midi/full/reference/ref__long_mid__t-legato_slur__d-f__p-constant.mid,data/real_48k/r__long_mid__t-legato_slur__d-f__p-constant__v-V1__take02.wav,data/real_raw/r__long_mid__t-legato_slur__d-f__p-constant__v-V1__take02.wav,planned,5
r__leap_low__t-sustain__d-p__p-constant__v-V2__take02,real,real_violin,constant,leap_low,leap,low,sustain,real_counterfactual_primary,36,p,32,32,,V2,P1,2,2,,False,0.75,data/midi/full/reference/ref__leap_low__t-sustain__d-p__p-constant.mid,data/real_48k/r__leap_low__t-sustain__d-p__p-constant__v-V2__take02.wav,data/real_raw/r__leap_low__t-sustain__d-p__p-constant__v-V2__take02.wav,planned,6
r__repeat_mid__t-staccato__d-f__p-constant__v-V2__take01,real,real_violin,constant,repeat_mid,repeat,mid,staccato,real_counterfactual_primary,40,f,96,96,,V2,P1,1,1,74.0,True,0.75,data/midi/full/reference/ref__repeat_mid__t-staccato__d-f__p-constant.mid,data/real_48k/r__repeat_mid__t-staccato__d-f__p-constant__v-V2__take01.wav,data/real_raw/r__repeat_mid__t-staccato__d-f__p-constant__v-V2__take01.wav,planned,7
r__repeat_low__t-staccato__d-mf__p-constant__v-V2__take01,real,real_violin,constant,repeat_low,repeat,low,staccato,real_counterfactual_primary,40,mf,64,64,,V2,P1,1,1,62.0,True,0.75,data/midi/full/reference/ref__repeat_low__t-staccato__d-mf__p-constant.mid,data/real_48k/r__repeat_low__t-staccato__d-mf__p-constant__v-V2__take01.wav,data/real_raw/r__repeat_low__t-staccato__d-mf__p-constant__v-V2__take01.wav,planned,8
r__repeat_mid__t-pizzicato__d-f__p-constant__v-V3__take01,real,real_violin,constant,repeat_mid,repeat,mid,pizzicato,real_counterfactual_primary,43,f,96,96,,V3,P1,1,1,74.0,True,0.75,data/midi/full/reference/ref__repeat_mid__t-pizzicato__d-f__p-constant.mid,data/real_48k/r__repeat_mid__t-pizzicato__d-f__p-constant__v-V3__take01.wav,data/real_raw/r__repeat_mid__t-pizzicato__d-f__p-constant__v-V3__take01.wav,planned,9
r__scale_low__t-legato_slur__d-f__p-constant__v-V3__take02,real,real_violin,constant,scale_low,scale,low,legato_slur,real_counterfactual_primary,49,f,96,96,,V3,P1,2,2,,False,0.75,data/midi/full/reference/ref__scale_low__t-legato_slur__d-f__p-constant.mid,data/real_48k/r__scale_low__t-legato_slur__d-f__p-constant__v-V3__take02.wav,data/real_raw/r__scale_low__t-legato_slur__d-f__p-constant__v-V3__take02.wav,planned,10
r__scale_low__t-staccato__d-p__p-constant__v-V1__take02,real,real_violin,constant,scale_low,scale,low,staccato,real_counterfactual_primary,40,p,32,32,,V1,P1,2,2,,False,0.75,data/midi/full/reference/ref__scale_low__t-staccato__d-p__p-constant.mid,data/real_48k/r__scale_low__t-staccato__d-p__p-constant__v-V1__take02.wav,data/real_raw/r__scale_low__t-staccato__d-p__p-constant__v-V1__take02.wav,planned,11
r__leap_low__t-staccato__d-mf__p-constant__v-V3__take02,real,real_violin,constant,leap_low,leap,low,staccato,real_counterfactual_primary,40,mf,64,64,,V3,P1,2,2,,False,0.75,data/midi/full/reference/ref__leap_low__t-staccato__d-mf__p-constant.mid,data/real_48k/r__leap_low__t-staccato__d-mf__p-constant__v-V3__take02.wav,data/real_raw/r__leap_low__t-staccato__d-mf__p-constant__v-V3__take02.wav,planned,12
r__long_high__t-pizzicato__d-f__p-constant__v-V3__take02,real,real_violin,constant,long_high,long,high,pizzicato,real_counterfactual_primary,43,f,96,96,,V3,P1,2,2,81.0,True,0.75,data/midi/full/reference/ref__long_high__t-pizzicato__d-f__p-constant.mid,data/real_48k/r__long_high__t-pizzicato__d-f__p-constant__v-V3__take02.wav,data/real_raw/r__long_high__t-pizzicato__d-f__p-constant__v-V3__take02.wav,planned,13
r__long_low__t-sustain__d-mf__p-constant__v-V2__take02,real,real_violin,constant,long_low,long,low,sustain,real_counterfactual_primary,36,mf,64,64,,V2,P1,2,2,57.0,True,0.75,data/midi/full/reference/ref__long_low__t-sustain__d-mf__p-constant.mid,data/real_48k/r__long_low__t-sustain__d-mf__p-constant__v-V2__take02.wav,data/real_raw/r__long_low__t-sustain__d-mf__p-constant__v-V2__take02.wav,planned,14
r__long_high__t-pizzicato__d-f__p-constant__v-V1__take02,real,real_violin,constant,long_high,long,high,pizzicato,real_counterfactual_primary,43,f,96,96,,V1,P1,2,2,81.0,True,0.75,data/midi/full/reference/ref__long_high__t-pizzicato__d-f__p-constant.mid,data/real_48k/r__long_high__t-pizzicato__d-f__p-constant__v-V1__take02.wav,data/real_raw/r__long_high__t-pizzicato__d-f__p-constant__v-V1__take02.wav,planned,15
r__leap_low__t-pizzicato__d-f__p-constant__v-V1__take02,real,real_violin,constant,leap_low,leap,low,pizzicato,real_counterfactual_primary,43,f,96,96,,V1,P1,2,2,,False,0.75,data/midi/full/reference/ref__leap_low__t-pizzicato__d-f__p-constant.mid,data/real_48k/r__leap_low__t-pizzicato__d-f__p-constant__v-V1__take02.wav,data/real_raw/r__leap_low__t-pizzicato__d-f__p-constant__v-V1__take02.wav,planned,16
r__scale_high__t-pizzicato__d-p__p-constant__v-V2__take01,real,real_violin,constant,scale_high,scale,high,pizzicato,real_counterfactual_primary,43,p,32,32,,V2,P1,1,1,,False,0.75,data/midi/full/reference/ref__scale_high__t-pizzicato__d-p__p-constant.mid,data/real_48k/r__scale_high__t-pizzicato__d-p__p-constant__v-V2__take01.wav,data/real_raw/r__scale_high__t-pizzicato__d-p__p-constant__v-V2__take01.wav,planned,17
r__repeat_mid__t-legato_slur__d-mf__p-constant__v-V3__take01,real,real_violin,constant,repeat_mid,repeat,mid,legato_slur,real_counterfactual_primary,49,mf,64,64,,V3,P1,1,1,74.0,True,0.75,data/midi/full/reference/ref__repeat_mid__t-legato_slur__d-mf__p-constant.mid,data/real_48k/r__repeat_mid__t-legato_slur__d-mf__p-constant__v-V3__take01.wav,data/real_raw/r__repeat_mid__t-legato_slur__d-mf__p-constant__v-V3__take01.wav,planned,18
r__scale_low__t-sustain__d-f__p-constant__v-V1__take01,real,real_violin,constant,scale_low,scale,low,sustain,real_counterfactual_primary,36,f,96,96,,V1,P1,1,1,,False,0.75,data/midi/full/reference/ref__scale_low__t-sustain__d-f__p-constant.mid,data/real_48k/r__scale_low__t-sustain__d-f__p-constant__v-V1__take01.wav,data/real_raw/r__scale_low__t-sustain__d-f__p-constant__v-V1__take01.wav,planned,19
r__repeat_low__t-sustain__d-mf__p-constant__v-V3__take02,real,real_violin,constant,repeat_low,repeat,low,sustain,real_counterfactual_primary,36,mf,64,64,,V3,P1,2,2,62.0,True,0.75,data/midi/full/reference/ref__repeat_low__t-sustain__d-mf__p-constant.mid,data/real_48k/r__repeat_low__t-sustain__d-mf__p-constant__v-V3__take02.wav,data/real_raw/r__repeat_low__t-sustain__d-mf__p-constant__v-V3__take02.wav,planned,20
r__leap_mid__t-staccato__d-mf__p-constant__v-V1__take02,real,real_violin,constant,leap_mid,leap,mid,staccato,real_counterfactual_primary,40,mf,64,64,,V1,P1,2,2,,False,0.75,data/midi/full/reference/ref__leap_mid__t-staccato__d-mf__p-constant.mid,data/real_48k/r__leap_mid__t-staccato__d-mf__p-constant__v-V1__take02.wav,data/real_raw/r__leap_mid__t-staccato__d-mf__p-constant__v-V1__take02.wav,planned,21
r__scale_low__t-pizzicato__d-p__p-constant__v-V3__take01,real,real_violin,constant,scale_low,scale,low,pizzicato,real_counterfactual_primary,43,p,32,32,,V3,P1,1,1,,False,0.75,data/midi/full/reference/ref__scale_low__t-pizzicato__d-p__p-constant.mid,data/real_48k/r__scale_low__t-pizzicato__d-p__p-constant__v-V3__take01.wav,data/real_raw/r__scale_low__t-pizzicato__d-p__p-constant__v-V3__take01.wav,planned,22
r__long_high__t-pizzicato__d-p__p-constant__v-V1__take01,real,real_violin,constant,long_high,long,high,pizzicato,real_counterfactual_primary,43,p,32,32,,V1,P1,1,1,81.0,True,0.75,data/midi/full/reference/ref__long_high__t-pizzicato__d-p__p-constant.mid,data/real_48k/r__long_high__t-pizzicato__d-p__p-constant__v-V1__take01.wav,data/real_raw/r__long_high__t-pizzicato__d-p__p-constant__v-V1__take01.wav,planned,23
r__leap_high__t-staccato__d-p__p-constant__v-V1__take01,real,real_violin,constant,leap_high,leap,high,staccato,real_counterfactual_primary,40,p,32,32,,V1,P1,1,1,,False,0.75,data/midi/full/reference/ref__leap_high__t-staccato__d-p__p-constant.mid,data/real_48k/r__leap_high__t-staccato__d-p__p-constant__v-V1__take01.wav,data/real_raw/r__leap_high__t-staccato__d-p__p-constant__v-V1__take01.wav,planned,24
r__repeat_high__t-staccato__d-f__p-constant__v-V1__take02,real,real_violin,constant,repeat_high,repeat,high,staccato,real_counterfactual_primary,40,f,96,96,,V1,P1,2,2,86.0,True,0.75,data/midi/full/reference/ref__repeat_high__t-staccato__d-f__p-constant.mid,data/real_48k/r__repeat_high__t-staccato__d-f__p-constant__v-V1__take02.wav,data/real_raw/r__repeat_high__t-staccato__d-f__p-constant__v-V1__take02.wav,planned,25
r__scale_mid__t-legato_slur__d-p__p-constant__v-V1__take02,real,real_violin,constant,scale_mid,scale,mid,legato_slur,real_counterfactual_primary,49,p,32,32,,V1,P1,2,2,,False,0.75,data/midi/full/reference/ref__scale_mid__t-legato_slur__d-p__p-constant.mid,data/real_48k/r__scale_mid__t-legato_slur__d-p__p-constant__v-V1__take02.wav,data/real_raw/r__scale_mid__t-legato_slur__d-p__p-constant__v-V1__take02.wav,planned,26
r__scale_high__t-pizzicato__d-p__p-constant__v-V2__take02,real,real_violin,constant,scale_high,scale,high,pizzicato,real_counterfactual_primary,43,p,32,32,,V2,P1,2,2,,False,0.75,data/midi/full/reference/ref__scale_high__t-pizzicato__d-p__p-constant.mid,data/real_48k/r__scale_high__t-pizzicato__d-p__p-constant__v-V2__take02.wav,data/real_raw/r__scale_high__t-pizzicato__d-p__p-constant__v-V2__take02.wav,planned,27
r__leap_low__t-pizzicato__d-mf__p-constant__v-V1__take02,real,real_violin,constant,leap_low,leap,low,pizzicato,real_counterfactual_primary,43,mf,64,64,,V1,P1,2,2,,False,0.75,data/midi/full/reference/ref__leap_low__t-pizzicato__d-mf__p-constant.mid,data/real_48k/r__leap_low__t-pizzicato__d-mf__p-constant__v-V1__take02.wav,data/real_raw/r__leap_low__t-pizzicato__d-mf__p-constant__v-V1__take02.wav,planned,28
r__repeat_mid__t-legato_slur__d-mf__p-constant__v-V1__take02,real,real_violin,constant,repeat_mid,repeat,mid,legato_slur,real_counterfactual_primary,49,mf,64,64,,V1,P1,2,2,74.0,True,0.75,data/midi/full/reference/ref__repeat_mid__t-legato_slur__d-mf__p-constant.mid,data/real_48k/r__repeat_mid__t-legato_slur__d-mf__p-constant__v-V1__take02.wav,data/real_raw/r__repeat_mid__t-legato_slur__d-mf__p-constant__v-V1__take02.wav,planned,29
r__leap_mid__t-legato_slur__d-f__p-constant__v-V2__take01,real,real_violin,constant,leap_mid,leap,mid,legato_slur,real_counterfactual_primary,49,f,96,96,,V2,P1,1,1,,False,0.75,data/midi/full/reference/ref__leap_mid__t-legato_slur__d-f__p-constant.mid,data/real_48k/r__leap_mid__t-legato_slur__d-f__p-constant__v-V2__take01.wav,data/real_raw/r__leap_mid__t-legato_slur__d-f__p-constant__v-V2__take01.wav,planned,30
r__scale_low__t-staccato__d-mf__p-constant__v-V2__take01,real,real_violin,constant,scale_low,scale,low,staccato,real_counterfactual_primary,40,mf,64,64,,V2,P1,1,1,,False,0.75,data/midi/full/reference/ref__scale_low__t-staccato__d-mf__p-constant.mid,data/real_48k/r__scale_low__t-staccato__d-mf__p-constant__v-V2__take01.wav,data/real_raw/r__scale_low__t-staccato__d-mf__p-constant__v-V2__take01.wav,planned,31
r__scale_mid__t-sustain__d-p__p-constant__v-V1__take02,real,real_violin,constant,scale_mid,scale,mid,sustain,real_counterfactual_primary,36,p,32,32,,V1,P1,2,2,,False,0.75,data/midi/full/reference/ref__scale_mid__t-sustain__d-p__p-constant.mid,data/real_48k/r__scale_mid__t-sustain__d-p__p-constant__v-V1__take02.wav,data/real_raw/r__scale_mid__t-sustain__d-p__p-constant__v-V1__take02.wav,planned,32
r__long_low__t-pizzicato__d-mf__p-constant__v-V1__take01,real,real_violin,constant,long_low,long,low,pizzicato,real_counterfactual_primary,43,mf,64,64,,V1,P1,1,1,57.0,True,0.75,data/midi/full/reference/ref__long_low__t-pizzicato__d-mf__p-constant.mid,data/real_48k/r__long_low__t-pizzicato__d-mf__p-constant__v-V1__take01.wav,data/real_raw/r__long_low__t-pizzicato__d-mf__p-constant__v-V1__take01.wav,planned,33
r__leap_low__t-pizzicato__d-p__p-constant__v-V2__take01,real,real_violin,constant,leap_low,leap,low,pizzicato,real_counterfactual_primary,43,p,32,32,,V2,P1,1,1,,False,0.75,data/midi/full/reference/ref__leap_low__t-pizzicato__d-p__p-constant.mid,data/real_48k/r__leap_low__t-pizzicato__d-p__p-constant__v-V2__take01.wav,data/real_raw/r__leap_low__t-pizzicato__d-p__p-constant__v-V2__take01.wav,planned,34
r__long_low__t-legato_slur__d-f__p-constant__v-V3__take01,real,real_violin,constant,long_low,long,low,legato_slur,real_counterfactual_primary,49,f,96,96,,V3,P1,1,1,57.0,True,0.75,data/midi/full/reference/ref__long_low__t-legato_slur__d-f__p-constant.mid,data/real_48k/r__long_low__t-legato_slur__d-f__p-constant__v-V3__take01.wav,data/real_raw/r__long_low__t-legato_slur__d-f__p-constant__v-V3__take01.wav,planned,35
r__scale_mid__t-legato_slur__d-f__p-constant__v-V3__take02,real,real_violin,constant,scale_mid,scale,mid,legato_slur,real_counterfactual_primary,49,f,96,96,,V3,P1,2,2,,False,0.75,data/midi/full/reference/ref__scale_mid__t-legato_slur__d-f__p-constant.mid,data/real_48k/r__scale_mid__t-legato_slur__d-f__p-constant__v-V3__take02.wav,data/real_raw/r__scale_mid__t-legato_slur__d-f__p-constant__v-V3__take02.wav,planned,36
r__leap_low__t-legato_slur__d-mf__p-constant__v-V1__take01,real,real_violin,constant,leap_low,leap,low,legato_slur,real_counterfactual_primary,49,mf,64,64,,V1,P1,1,1,,False,0.75,data/midi/full/reference/ref__leap_low__t-legato_slur__d-mf__p-constant.mid,data/real_48k/r__leap_low__t-legato_slur__d-mf__p-constant__v-V1__take01.wav,data/real_raw/r__leap_low__t-legato_slur__d-mf__p-constant__v-V1__take01.wav,planned,37
r__long_high__t-pizzicato__d-mf__p-constant__v-V2__take01,real,real_violin,constant,long_high,long,high,pizzicato,real_counterfactual_primary,43,mf,64,64,,V2,P1,1,1,81.0,True,0.75,data/midi/full/reference/ref__long_high__t-pizzicato__d-mf__p-constant.mid,data/real_48k/r__long_high__t-pizzicato__d-mf__p-constant__v-V2__take01.wav,data/real_raw/r__long_high__t-pizzicato__d-mf__p-constant__v-V2__take01.wav,planned,38
r__repeat_low__t-staccato__d-p__p-constant__v-V1__take01,real,real_violin,constant,repeat_low,repeat,low,staccato,real_counterfactual_primary,40,p,32,32,,V1,P1,1,1,62.0,True,0.75,data/midi/full/reference/ref__repeat_low__t-staccato__d-p__p-constant.mid,data/real_48k/r__repeat_low__t-staccato__d-p__p-constant__v-V1__take01.wav,data/real_raw/r__repeat_low__t-staccato__d-p__p-constant__v-V1__take01.wav,planned,39
r__long_mid__t-sustain__d-p__p-constant__v-V1__take01,real,real_violin,constant,long_mid,long,mid,sustain,real_counterfactual_primary,36,p,32,32,,V1,P1,1,1,69.0,True,0.75,data/midi/full/reference/ref__long_mid__t-sustain__d-p__p-constant.mid,data/real_48k/r__long_mid__t-sustain__d-p__p-constant__v-V1__take01.wav,data/real_raw/r__long_mid__t-sustain__d-p__p-constant__v-V1__take01.wav,planned,40
r__leap_low__t-pizzicato__d-f__p-constant__v-V3__take02,real,real_violin,constant,leap_low,leap,low,pizzicato,real_counterfactual_primary,43,f,96,96,,V3,P1,2,2,,False,0.75,data/midi/full/reference/ref__leap_low__t-pizzicato__d-f__p-constant.mid,data/real_48k/r__leap_low__t-pizzicato__d-f__p-constant__v-V3__take02.wav,data/real_raw/r__leap_low__t-pizzicato__d-f__p-constant__v-V3__take02.wav,planned,41
r__leap_mid__t-pizzicato__d-p__p-constant__v-V3__take01,real,real_violin,constant,leap_mid,leap,mid,pizzicato,real_counterfactual_primary,43,p,32,32,,V3,P1,1,1,,False,0.75,data/midi/full/reference/ref__leap_mid__t-pizzicato__d-p__p-constant.mid,data/real_48k/r__leap_mid__t-pizzicato__d-p__p-constant__v-V3__take01.wav,data/real_raw/r__leap_mid__t-pizzicato__d-p__p-constant__v-V3__take01.wav,planned,42
r__long_low__t-sustain__d-p__p-constant__v-V3__take01,real,real_violin,constant,long_low,long,low,sustain,real_counterfactual_primary,36,p,32,32,,V3,P1,1,1,57.0,True,0.75,data/midi/full/reference/ref__long_low__t-sustain__d-p__p-constant.mid,data/real_48k/r__long_low__t-sustain__d-p__p-constant__v-V3__take01.wav,data/real_raw/r__long_low__t-sustain__d-p__p-constant__v-V3__take01.wav,planned,43
r__repeat_low__t-sustain__d-f__p-constant__v-V3__take01,real,real_violin,constant,repeat_low,repeat,low,sustain,real_counterfactual_primary,36,f,96,96,,V3,P1,1,1,62.0,True,0.75,data/midi/full/reference/ref__repeat_low__t-sustain__d-f__p-constant.mid,data/real_48k/r__repeat_low__t-sustain__d-f__p-constant__v-V3__take01.wav,data/real_raw/r__repeat_low__t-sustain__d-f__p-constant__v-V3__take01.wav,planned,44
r__scale_mid__t-sustain__d-f__p-constant__v-V2__take02,real,real_violin,constant,scale_mid,scale,mid,sustain,real_counterfactual_primary,36,f,96,96,,V2,P1,2,2,,False,0.75,data/midi/full/reference/ref__scale_mid__t-sustain__d-f__p-constant.mid,data/real_48k/r__scale_mid__t-sustain__d-f__p-constant__v-V2__take02.wav,data/real_raw/r__scale_mid__t-sustain__d-f__p-constant__v-V2__take02.wav,planned,45
r__repeat_mid__t-pizzicato__d-mf__p-constant__v-V1__take01,real,real_violin,constant,repeat_mid,repeat,mid,pizzicato,real_counterfactual_primary,43,mf,64,64,,V1,P1,1,1,74.0,True,0.75,data/midi/full/reference/ref__repeat_mid__t-pizzicato__d-mf__p-constant.mid,data/real_48k/r__repeat_mid__t-pizzicato__d-mf__p-constant__v-V1__take01.wav,data/real_raw/r__repeat_mid__t-pizzicato__d-mf__p-constant__v-V1__take01.wav,planned,46
r__repeat_mid__t-sustain__d-mf__p-constant__v-V2__take01,real,real_violin,constant,repeat_mid,repeat,mid,sustain,real_counterfactual_primary,36,mf,64,64,,V2,P1,1,1,74.0,True,0.75,data/midi/full/reference/ref__repeat_mid__t-sustain__d-mf__p-constant.mid,data/real_48k/r__repeat_mid__t-sustain__d-mf__p-constant__v-V2__take01.wav,data/real_raw/r__repeat_mid__t-sustain__d-mf__p-constant__v-V2__take01.wav,planned,47
r__scale_high__t-legato_slur__d-p__p-constant__v-V1__take01,real,real_violin,constant,scale_high,scale,high,legato_slur,real_counterfactual_primary,49,p,32,32,,V1,P1,1,1,,False,0.75,data/midi/full/reference/ref__scale_high__t-legato_slur__d-p__p-constant.mid,data/real_48k/r__scale_high__t-legato_slur__d-p__p-constant__v-V1__take01.wav,data/real_raw/r__scale_high__t-legato_slur__d-p__p-constant__v-V1__take01.wav,planned,48
r__long_low__t-staccato__d-mf__p-constant__v-V2__take02,real,real_violin,constant,long_low,long,low,staccato,real_counterfactual_primary,40,mf,64,64,,V2,P1,2,2,57.0,True,0.75,data/midi/full/reference/ref__long_low__t-staccato__d-mf__p-constant.mid,data/real_48k/r__long_low__t-staccato__d-mf__p-constant__v-V2__take02.wav,data/real_raw/r__long_low__t-staccato__d-mf__p-constant__v-V2__take02.wav,planned,49
r__long_mid__t-pizzicato__d-mf__p-constant__v-V3__take01,real,real_violin,constant,long_mid,long,mid,pizzicato,real_counterfactual_primary,43,mf,64,64,,V3,P1,1,1,69.0,True,0.75,data/midi/full/reference/ref__long_mid__t-pizzicato__d-mf__p-constant.mid,data/real_48k/r__long_mid__t-pizzicato__d-mf__p-constant__v-V3__take01.wav,data/real_raw/r__long_mid__t-pizzicato__d-mf__p-constant__v-V3__take01.wav,planned,50
r__long_high__t-legato_slur__d-mf__p-constant__v-V2__take01,real,real_violin,constant,long_high,long,high,legato_slur,real_counterfactual_primary,49,mf,64,64,,V2,P1,1,1,81.0,True,0.75,data/midi/full/reference/ref__long_high__t-legato_slur__d-mf__p-constant.mid,data/real_48k/r__long_high__t-legato_slur__d-mf__p-constant__v-V2__take01.wav,data/real_raw/r__long_high__t-legato_slur__d-mf__p-constant__v-V2__take01.wav,planned,51
r__long_high__t-legato_slur__d-f__p-constant__v-V1__take01,real,real_violin,constant,long_high,long,high,legato_slur,real_counterfactual_primary,49,f,96,96,,V1,P1,1,1,81.0,True,0.75,data/midi/full/reference/ref__long_high__t-legato_slur__d-f__p-constant.mid,data/real_48k/r__long_high__t-legato_slur__d-f__p-constant__v-V1__take01.wav,data/real_raw/r__long_high__t-legato_slur__d-f__p-constant__v-V1__take01.wav,planned,52
r__repeat_mid__t-legato_slur__d-mf__p-constant__v-V3__take02,real,real_violin,constant,repeat_mid,repeat,mid,legato_slur,real_counterfactual_primary,49,mf,64,64,,V3,P1,2,2,74.0,True,0.75,data/midi/full/reference/ref__repeat_mid__t-legato_slur__d-mf__p-constant.mid,data/real_48k/r__repeat_mid__t-legato_slur__d-mf__p-constant__v-V3__take02.wav,data/real_raw/r__repeat_mid__t-legato_slur__d-mf__p-constant__v-V3__take02.wav,planned,53
r__long_mid__t-pizzicato__d-mf__p-constant__v-V1__take02,real,real_violin,constant,long_mid,long,mid,pizzicato,real_counterfactual_primary,43,mf,64,64,,V1,P1,2,2,69.0,True,0.75,data/midi/full/reference/ref__long_mid__t-pizzicato__d-mf__p-constant.mid,data/real_48k/r__long_mid__t-pizzicato__d-mf__p-constant__v-V1__take02.wav,data/real_raw/r__long_mid__t-pizzicato__d-mf__p-constant__v-V1__take02.wav,planned,54
r__long_low__t-sustain__d-f__p-constant__v-V2__take01,real,real_violin,constant,long_low,long,low,sustain,real_counterfactual_primary,36,f,96,96,,V2,P1,1,1,57.0,True,0.75,data/midi/full/reference/ref__long_low__t-sustain__d-f__p-constant.mid,data/real_48k/r__long_low__t-sustain__d-f__p-constant__v-V2__take01.wav,data/real_raw/r__long_low__t-sustain__d-f__p-constant__v-V2__take01.wav,planned,55
r__scale_low__t-sustain__d-p__p-constant__v-V1__take01,real,real_violin,constant,scale_low,scale,low,sustain,real_counterfactual_primary,36,p,32,32,,V1,P1,1,1,,False,0.75,data/midi/full/reference/ref__scale_low__t-sustain__d-p__p-constant.mid,data/real_48k/r__scale_low__t-sustain__d-p__p-constant__v-V1__take01.wav,data/real_raw/r__scale_low__t-sustain__d-p__p-constant__v-V1__take01.wav,planned,56
r__repeat_high__t-legato_slur__d-mf__p-constant__v-V3__take02,real,real_violin,constant,repeat_high,repeat,high,legato_slur,real_counterfactual_primary,49,mf,64,64,,V3,P1,2,2,86.0,True,0.75,data/midi/full/reference/ref__repeat_high__t-legato_slur__d-mf__p-constant.mid,data/real_48k/r__repeat_high__t-legato_slur__d-mf__p-constant__v-V3__take02.wav,data/real_raw/r__repeat_high__t-legato_slur__d-mf__p-constant__v-V3__take02.wav,planned,57
r__leap_low__t-legato_slur__d-f__p-constant__v-V2__take01,real,real_violin,constant,leap_low,leap,low,legato_slur,real_counterfactual_primary,49,f,96,96,,V2,P1,1,1,,False,0.75,data/midi/full/reference/ref__leap_low__t-legato_slur__d-f__p-constant.mid,data/real_48k/r__leap_low__t-legato_slur__d-f__p-constant__v-V2__take01.wav,data/real_raw/r__leap_low__t-legato_slur__d-f__p-constant__v-V2__take01.wav,planned,58
r__long_mid__t-legato_slur__d-f__p-constant__v-V2__take01,real,real_violin,constant,long_mid,long,mid,legato_slur,real_counterfactual_primary,49,f,96,96,,V2,P1,1,1,69.0,True,0.75,data/midi/full/reference/ref__long_mid__t-legato_slur__d-f__p-constant.mid,data/real_48k/r__long_mid__t-legato_slur__d-f__p-constant__v-V2__take01.wav,data/real_raw/r__long_mid__t-legato_slur__d-f__p-constant__v-V2__take01.wav,planned,59
r__leap_low__t-sustain__d-f__p-constant__v-V2__take02,real,real_violin,constant,leap_low,leap,low,sustain,real_counterfactual_primary,36,f,96,96,,V2,P1,2,2,,False,0.75,data/midi/full/reference/ref__leap_low__t-sustain__d-f__p-constant.mid,data/real_48k/r__leap_low__t-sustain__d-f__p-constant__v-V2__take02.wav,data/real_raw/r__leap_low__t-sustain__d-f__p-constant__v-V2__take02.wav,planned,60
r__scale_low__t-sustain__d-f__p-constant__v-V2__take02,real,real_violin,constant,scale_low,scale,low,sustain,real_counterfactual_primary,36,f,96,96,,V2,P1,2,2,,False,0.75,data/midi/full/reference/ref__scale_low__t-sustain__d-f__p-constant.mid,data/real_48k/r__scale_low__t-sustain__d-f__p-constant__v-V2__take02.wav,data/real_raw/r__scale_low__t-sustain__d-f__p-constant__v-V2__take02.wav,planned,61
r__leap_mid__t-staccato__d-p__p-constant__v-V3__take01,real,real_violin,constant,leap_mid,leap,mid,staccato,real_counterfactual_primary,40,p,32,32,,V3,P1,1,1,,False,0.75,data/midi/full/reference/ref__leap_mid__t-staccato__d-p__p-constant.mid,data/real_48k/r__leap_mid__t-staccato__d-p__p-constant__v-V3__take01.wav,data/real_raw/r__leap_mid__t-staccato__d-p__p-constant__v-V3__take01.wav,planned,62
r__long_low__t-pizzicato__d-f__p-constant__v-V2__take02,real,real_violin,constant,long_low,long,low,pizzicato,real_counterfactual_primary,43,f,96,96,,V2,P1,2,2,57.0,True,0.75,data/midi/full/reference/ref__long_low__t-pizzicato__d-f__p-constant.mid,data/real_48k/r__long_low__t-pizzicato__d-f__p-constant__v-V2__take02.wav,data/real_raw/r__long_low__t-pizzicato__d-f__p-constant__v-V2__take02.wav,planned,63
r__leap_mid__t-staccato__d-f__p-constant__v-V2__take02,real,real_violin,constant,leap_mid,leap,mid,staccato,real_counterfactual_primary,40,f,96,96,,V2,P1,2,2,,False,0.75,data/midi/full/reference/ref__leap_mid__t-staccato__d-f__p-constant.mid,data/real_48k/r__leap_mid__t-staccato__d-f__p-constant__v-V2__take02.wav,data/real_raw/r__leap_mid__t-staccato__d-f__p-constant__v-V2__take02.wav,planned,64
r__long_mid__t-legato_slur__d-mf__p-constant__v-V3__take01,real,real_violin,constant,long_mid,long,mid,legato_slur,real_counterfactual_primary,49,mf,64,64,,V3,P1,1,1,69.0,True,0.75,data/midi/full/reference/ref__long_mid__t-legato_slur__d-mf__p-constant.mid,data/real_48k/r__long_mid__t-legato_slur__d-mf__p-constant__v-V3__take01.wav,data/real_raw/r__long_mid__t-legato_slur__d-mf__p-constant__v-V3__take01.wav,planned,65
r__repeat_high__t-legato_slur__d-f__p-constant__v-V3__take02,real,real_violin,constant,repeat_high,repeat,high,legato_slur,real_counterfactual_primary,49,f,96,96,,V3,P1,2,2,86.0,True,0.75,data/midi/full/reference/ref__repeat_high__t-legato_slur__d-f__p-constant.mid,data/real_48k/r__repeat_high__t-legato_slur__d-f__p-constant__v-V3__take02.wav,data/real_raw/r__repeat_high__t-legato_slur__d-f__p-constant__v-V3__take02.wav,planned,66
r__leap_mid__t-staccato__d-f__p-constant__v-V3__take01,real,real_violin,constant,leap_mid,leap,mid,staccato,real_counterfactual_primary,40,f,96,96,,V3,P1,1,1,,False,0.75,data/midi/full/reference/ref__leap_mid__t-staccato__d-f__p-constant.mid,data/real_48k/r__leap_mid__t-staccato__d-f__p-constant__v-V3__take01.wav,data/real_raw/r__leap_mid__t-staccato__d-f__p-constant__v-V3__take01.wav,planned,67
r__leap_high__t-staccato__d-p__p-constant__v-V3__take01,real,real_violin,constant,leap_high,leap,high,staccato,real_counterfactual_primary,40,p,32,32,,V3,P1,1,1,,False,0.75,data/midi/full/reference/ref__leap_high__t-staccato__d-p__p-constant.mid,data/real_48k/r__leap_high__t-staccato__d-p__p-constant__v-V3__take01.wav,data/real_raw/r__leap_high__t-staccato__d-p__p-constant__v-V3__take01.wav,planned,68
r__scale_high__t-sustain__d-p__p-constant__v-V3__take01,real,real_violin,constant,scale_high,scale,high,sustain,real_counterfactual_primary,36,p,32,32,,V3,P1,1,1,,False,0.75,data/midi/full/reference/ref__scale_high__t-sustain__d-p__p-constant.mid,data/real_48k/r__scale_high__t-sustain__d-p__p-constant__v-V3__take01.wav,data/real_raw/r__scale_high__t-sustain__d-p__p-constant__v-V3__take01.wav,planned,69
r__repeat_high__t-staccato__d-f__p-constant__v-V2__take01,real,real_violin,constant,repeat_high,repeat,high,staccato,real_counterfactual_primary,40,f,96,96,,V2,P1,1,1,86.0,True,0.75,data/midi/full/reference/ref__repeat_high__t-staccato__d-f__p-constant.mid,data/real_48k/r__repeat_high__t-staccato__d-f__p-constant__v-V2__take01.wav,data/real_raw/r__repeat_high__t-staccato__d-f__p-constant__v-V2__take01.wav,planned,70
r__leap_high__t-pizzicato__d-mf__p-constant__v-V1__take01,real,real_violin,constant,leap_high,leap,high,pizzicato,real_counterfactual_primary,43,mf,64,64,,V1,P1,1,1,,False,0.75,data/midi/full/reference/ref__leap_high__t-pizzicato__d-mf__p-constant.mid,data/real_48k/r__leap_high__t-pizzicato__d-mf__p-constant__v-V1__take01.wav,data/real_raw/r__leap_high__t-pizzicato__d-mf__p-constant__v-V1__take01.wav,planned,71
r__leap_high__t-legato_slur__d-mf__p-constant__v-V3__take01,real,real_violin,constant,leap_high,leap,high,legato_slur,real_counterfactual_primary,49,mf,64,64,,V3,P1,1,1,,False,0.75,data/midi/full/reference/ref__leap_high__t-legato_slur__d-mf__p-constant.mid,data/real_48k/r__leap_high__t-legato_slur__d-mf__p-constant__v-V3__take01.wav,data/real_raw/r__leap_high__t-legato_slur__d-mf__p-constant__v-V3__take01.wav,planned,72
r__scale_low__t-pizzicato__d-p__p-constant__v-V2__take01,real,real_violin,constant,scale_low,scale,low,pizzicato,real_counterfactual_primary,43,p,32,32,,V2,P1,1,1,,False,0.75,data/midi/full/reference/ref__scale_low__t-pizzicato__d-p__p-constant.mid,data/real_48k/r__scale_low__t-pizzicato__d-p__p-constant__v-V2__take01.wav,data/real_raw/r__scale_low__t-pizzicato__d-p__p-constant__v-V2__take01.wav,planned,73
r__scale_high__t-staccato__d-f__p-constant__v-V3__take01,real,real_violin,constant,scale_high,scale,high,staccato,real_counterfactual_primary,40,f,96,96,,V3,P1,1,1,,False,0.75,data/midi/full/reference/ref__scale_high__t-staccato__d-f__p-constant.mid,data/real_48k/r__scale_high__t-staccato__d-f__p-constant__v-V3__take01.wav,data/real_raw/r__scale_high__t-staccato__d-f__p-constant__v-V3__take01.wav,planned,74
r__long_mid__t-pizzicato__d-p__p-constant__v-V3__take02,real,real_violin,constant,long_mid,long,mid,pizzicato,real_counterfactual_primary,43,p,32,32,,V3,P1,2,2,69.0,True,0.75,data/midi/full/reference/ref__long_mid__t-pizzicato__d-p__p-constant.mid,data/real_48k/r__long_mid__t-pizzicato__d-p__p-constant__v-V3__take02.wav,data/real_raw/r__long_mid__t-pizzicato__d-p__p-constant__v-V3__take02.wav,planned,75
r__repeat_high__t-pizzicato__d-f__p-constant__v-V2__take01,real,real_violin,constant,repeat_high,repeat,high,pizzicato,real_counterfactual_primary,43,f,96,96,,V2,P1,1,1,86.0,True,0.75,data/midi/full/reference/ref__repeat_high__t-pizzicato__d-f__p-constant.mid,data/real_48k/r__repeat_high__t-pizzicato__d-f__p-constant__v-V2__take01.wav,data/real_raw/r__repeat_high__t-pizzicato__d-f__p-constant__v-V2__take01.wav,planned,76
r__leap_high__t-legato_slur__d-f__p-constant__v-V1__take02,real,real_violin,constant,leap_high,leap,high,legato_slur,real_counterfactual_primary,49,f,96,96,,V1,P1,2,2,,False,0.75,data/midi/full/reference/ref__leap_high__t-legato_slur__d-f__p-constant.mid,data/real_48k/r__leap_high__t-legato_slur__d-f__p-constant__v-V1__take02.wav,data/real_raw/r__leap_high__t-legato_slur__d-f__p-constant__v-V1__take02.wav,planned,77
r__scale_mid__t-staccato__d-p__p-constant__v-V3__take02,real,real_violin,constant,scale_mid,scale,mid,staccato,real_counterfactual_primary,40,p,32,32,,V3,P1,2,2,,False,0.75,data/midi/full/reference/ref__scale_mid__t-staccato__d-p__p-constant.mid,data/real_48k/r__scale_mid__t-staccato__d-p__p-constant__v-V3__take02.wav,data/real_raw/r__scale_mid__t-staccato__d-p__p-constant__v-V3__take02.wav,planned,78
r__leap_low__t-sustain__d-p__p-constant__v-V3__take01,real,real_violin,constant,leap_low,leap,low,sustain,real_counterfactual_primary,36,p,32,32,,V3,P1,1,1,,False,0.75,data/midi/full/reference/ref__leap_low__t-sustain__d-p__p-constant.mid,data/real_48k/r__leap_low__t-sustain__d-p__p-constant__v-V3__take01.wav,data/real_raw/r__leap_low__t-sustain__d-p__p-constant__v-V3__take01.wav,planned,79
r__scale_high__t-sustain__d-f__p-constant__v-V1__take01,real,real_violin,constant,scale_high,scale,high,sustain,real_counterfactual_primary,36,f,96,96,,V1,P1,1,1,,False,0.75,data/midi/full/reference/ref__scale_high__t-sustain__d-f__p-constant.mid,data/real_48k/r__scale_high__t-sustain__d-f__p-constant__v-V1__take01.wav,data/real_raw/r__scale_high__t-sustain__d-f__p-constant__v-V1__take01.wav,planned,80
r__repeat_low__t-pizzicato__d-f__p-constant__v-V1__take01,real,real_violin,constant,repeat_low,repeat,low,pizzicato,real_counterfactual_primary,43,f,96,96,,V1,P1,1,1,62.0,True,0.75,data/midi/full/reference/ref__repeat_low__t-pizzicato__d-f__p-constant.mid,data/real_48k/r__repeat_low__t-pizzicato__d-f__p-constant__v-V1__take01.wav,data/real_raw/r__repeat_low__t-pizzicato__d-f__p-constant__v-V1__take01.wav,planned,81
r__leap_mid__t-sustain__d-mf__p-constant__v-V1__take02,real,real_violin,constant,leap_mid,leap,mid,sustain,real_counterfactual_primary,36,mf,64,64,,V1,P1,2,2,,False,0.75,data/midi/full/reference/ref__leap_mid__t-sustain__d-mf__p-constant.mid,data/real_48k/r__leap_mid__t-sustain__d-mf__p-constant__v-V1__take02.wav,data/real_raw/r__leap_mid__t-sustain__d-mf__p-constant__v-V1__take02.wav,planned,82
r__leap_low__t-legato_slur__d-mf__p-constant__v-V3__take01,real,real_violin,constant,leap_low,leap,low,legato_slur,real_counterfactual_primary,49,mf,64,64,,V3,P1,1,1,,False,0.75,data/midi/full/reference/ref__leap_low__t-legato_slur__d-mf__p-constant.mid,data/real_48k/r__leap_low__t-legato_slur__d-mf__p-constant__v-V3__take01.wav,data/real_raw/r__leap_low__t-legato_slur__d-mf__p-constant__v-V3__take01.wav,planned,83
r__leap_high__t-sustain__d-p__p-constant__v-V3__take01,real,real_violin,constant,leap_high,leap,high,sustain,real_counterfactual_primary,36,p,32,32,,V3,P1,1,1,,False,0.75,data/midi/full/reference/ref__leap_high__t-sustain__d-p__p-constant.mid,data/real_48k/r__leap_high__t-sustain__d-p__p-constant__v-V3__take01.wav,data/real_raw/r__leap_high__t-sustain__d-p__p-constant__v-V3__take01.wav,planned,84
r__repeat_high__t-legato_slur__d-f__p-constant__v-V2__take01,real,real_violin,constant,repeat_high,repeat,high,legato_slur,real_counterfactual_primary,49,f,96,96,,V2,P1,1,1,86.0,True,0.75,data/midi/full/reference/ref__repeat_high__t-legato_slur__d-f__p-constant.mid,data/real_48k/r__repeat_high__t-legato_slur__d-f__p-constant__v-V2__take01.wav,data/real_raw/r__repeat_high__t-legato_slur__d-f__p-constant__v-V2__take01.wav,planned,85
r__repeat_high__t-staccato__d-p__p-constant__v-V2__take01,real,real_violin,constant,repeat_high,repeat,high,staccato,real_counterfactual_primary,40,p,32,32,,V2,P1,1,1,86.0,True,0.75,data/midi/full/reference/ref__repeat_high__t-staccato__d-p__p-constant.mid,data/real_48k/r__repeat_high__t-staccato__d-p__p-constant__v-V2__take01.wav,data/real_raw/r__repeat_high__t-staccato__d-p__p-constant__v-V2__take01.wav,planned,86
r__repeat_mid__t-sustain__d-f__p-constant__v-V1__take02,real,real_violin,constant,repeat_mid,repeat,mid,sustain,real_counterfactual_primary,36,f,96,96,,V1,P1,2,2,74.0,True,0.75,data/midi/full/reference/ref__repeat_mid__t-sustain__d-f__p-constant.mid,data/real_48k/r__repeat_mid__t-sustain__d-f__p-constant__v-V1__take02.wav,data/real_raw/r__repeat_mid__t-sustain__d-f__p-constant__v-V1__take02.wav,planned,87
r__scale_mid__t-pizzicato__d-p__p-constant__v-V3__take01,real,real_violin,constant,scale_mid,scale,mid,pizzicato,real_counterfactual_primary,43,p,32,32,,V3,P1,1,1,,False,0.75,data/midi/full/reference/ref__scale_mid__t-pizzicato__d-p__p-constant.mid,data/real_48k/r__scale_mid__t-pizzicato__d-p__p-constant__v-V3__take01.wav,data/real_raw/r__scale_mid__t-pizzicato__d-p__p-constant__v-V3__take01.wav,planned,88
r__scale_mid__t-sustain__d-mf__p-constant__v-V3__take02,real,real_violin,constant,scale_mid,scale,mid,sustain,real_counterfactual_primary,36,mf,64,64,,V3,P1,2,2,,False,0.75,data/midi/full/reference/ref__scale_mid__t-sustain__d-mf__p-constant.mid,data/real_48k/r__scale_mid__t-sustain__d-mf__p-constant__v-V3__take02.wav,data/real_raw/r__scale_mid__t-sustain__d-mf__p-constant__v-V3__take02.wav,planned,89
r__long_high__t-legato_slur__d-mf__p-constant__v-V3__take01,real,real_violin,constant,long_high,long,high,legato_slur,real_counterfactual_primary,49,mf,64,64,,V3,P1,1,1,81.0,True,0.75,data/midi/full/reference/ref__long_high__t-legato_slur__d-mf__p-constant.mid,data/real_48k/r__long_high__t-legato_slur__d-mf__p-constant__v-V3__take01.wav,data/real_raw/r__long_high__t-legato_slur__d-mf__p-constant__v-V3__take01.wav,planned,90
r__scale_high__t-sustain__d-p__p-constant__v-V3__take02,real,real_violin,constant,scale_high,scale,high,sustain,real_counterfactual_primary,36,p,32,32,,V3,P1,2,2,,False,0.75,data/midi/full/reference/ref__scale_high__t-sustain__d-p__p-constant.mid,data/real_48k/r__scale_high__t-sustain__d-p__p-constant__v-V3__take02.wav,data/real_raw/r__scale_high__t-sustain__d-p__p-constant__v-V3__take02.wav,planned,91
r__long_high__t-staccato__d-p__p-constant__v-V2__take02,real,real_violin,constant,long_high,long,high,staccato,real_counterfactual_primary,40,p,32,32,,V2,P1,2,2,81.0,True,0.75,data/midi/full/reference/ref__long_high__t-staccato__d-p__p-constant.mid,data/real_48k/r__long_high__t-staccato__d-p__p-constant__v-V2__take02.wav,data/real_raw/r__long_high__t-staccato__d-p__p-constant__v-V2__take02.wav,planned,92
r__long_low__t-legato_slur__d-p__p-constant__v-V2__take01,real,real_violin,constant,long_low,long,low,legato_slur,real_counterfactual_primary,49,p,32,32,,V2,P1,1,1,57.0,True,0.75,data/midi/full/reference/ref__long_low__t-legato_slur__d-p__p-constant.mid,data/real_48k/r__long_low__t-legato_slur__d-p__p-constant__v-V2__take01.wav,data/real_raw/r__long_low__t-legato_slur__d-p__p-constant__v-V2__take01.wav,planned,93
r__long_mid__t-staccato__d-p__p-constant__v-V1__take01,real,real_violin,constant,long_mid,long,mid,staccato,real_counterfactual_primary,40,p,32,32,,V1,P1,1,1,69.0,True,0.75,data/midi/full/reference/ref__long_mid__t-staccato__d-p__p-constant.mid,data/real_48k/r__long_mid__t-staccato__d-p__p-constant__v-V1__take01.wav,data/real_raw/r__long_mid__t-staccato__d-p__p-constant__v-V1__take01.wav,planned,94
r__repeat_mid__t-legato_slur__d-f__p-constant__v-V1__take02,real,real_violin,constant,repeat_mid,repeat,mid,legato_slur,real_counterfactual_primary,49,f,96,96,,V1,P1,2,2,74.0,True,0.75,data/midi/full/reference/ref__repeat_mid__t-legato_slur__d-f__p-constant.mid,data/real_48k/r__repeat_mid__t-legato_slur__d-f__p-constant__v-V1__take02.wav,data/real_raw/r__repeat_mid__t-legato_slur__d-f__p-constant__v-V1__take02.wav,planned,95
r__repeat_high__t-sustain__d-p__p-constant__v-V2__take01,real,real_violin,constant,repeat_high,repeat,high,sustain,real_counterfactual_primary,36,p,32,32,,V2,P1,1,1,86.0,True,0.75,data/midi/full/reference/ref__repeat_high__t-sustain__d-p__p-constant.mid,data/real_48k/r__repeat_high__t-sustain__d-p__p-constant__v-V2__take01.wav,data/real_raw/r__repeat_high__t-sustain__d-p__p-constant__v-V2__take01.wav,planned,96
r__scale_high__t-pizzicato__d-mf__p-constant__v-V3__take01,real,real_violin,constant,scale_high,scale,high,pizzicato,real_counterfactual_primary,43,mf,64,64,,V3,P1,1,1,,False,0.75,data/midi/full/reference/ref__scale_high__t-pizzicato__d-mf__p-constant.mid,data/real_48k/r__scale_high__t-pizzicato__d-mf__p-constant__v-V3__take01.wav,data/real_raw/r__scale_high__t-pizzicato__d-mf__p-constant__v-V3__take01.wav,planned,97
r__scale_high__t-sustain__d-mf__p-constant__v-V2__take01,real,real_violin,constant,scale_high,scale,high,sustain,real_counterfactual_primary,36,mf,64,64,,V2,P1,1,1,,False,0.75,data/midi/full/reference/ref__scale_high__t-sustain__d-mf__p-constant.mid,data/real_48k/r__scale_high__t-sustain__d-mf__p-constant__v-V2__take01.wav,data/real_raw/r__scale_high__t-sustain__d-mf__p-constant__v-V2__take01.wav,planned,98
r__scale_mid__t-staccato__d-mf__p-constant__v-V1__take02,real,real_violin,constant,scale_mid,scale,mid,staccato,real_counterfactual_primary,40,mf,64,64,,V1,P1,2,2,,False,0.75,data/midi/full/reference/ref__scale_mid__t-staccato__d-mf__p-constant.mid,data/real_48k/r__scale_mid__t-staccato__d-mf__p-constant__v-V1__take02.wav,data/real_raw/r__scale_mid__t-staccato__d-mf__p-constant__v-V1__take02.wav,planned,99
r__leap_high__t-pizzicato__d-f__p-constant__v-V1__take02,real,real_violin,constant,leap_high,leap,high,pizzicato,real_counterfactual_primary,43,f,96,96,,V1,P1,2,2,,False,0.75,data/midi/full/reference/ref__leap_high__t-pizzicato__d-f__p-constant.mid,data/real_48k/r__leap_high__t-pizzicato__d-f__p-constant__v-V1__take02.wav,data/real_raw/r__leap_high__t-pizzicato__d-f__p-constant__v-V1__take02.wav,planned,100
r__scale_high__t-staccato__d-p__p-constant__v-V3__take02,real,real_violin,constant,scale_high,scale,high,staccato,real_counterfactual_primary,40,p,32,32,,V3,P1,2,2,,False,0.75,data/midi/full/reference/ref__scale_high__t-staccato__d-p__p-constant.mid,data/real_48k/r__scale_high__t-staccato__d-p__p-constant__v-V3__take02.wav,data/real_raw/r__scale_high__t-staccato__d-p__p-constant__v-V3__take02.wav,planned,101
r__long_mid__t-pizzicato__d-mf__p-constant__v-V3__take02,real,real_violin,constant,long_mid,long,mid,pizzicato,real_counterfactual_primary,43,mf,64,64,,V3,P1,2,2,69.0,True,0.75,data/midi/full/reference/ref__long_mid__t-pizzicato__d-mf__p-constant.mid,data/real_48k/r__long_mid__t-pizzicato__d-mf__p-constant__v-V3__take02.wav,data/real_raw/r__long_mid__t-pizzicato__d-mf__p-constant__v-V3__take02.wav,planned,102
r__repeat_mid__t-staccato__d-p__p-constant__v-V2__take01,real,real_violin,constant,repeat_mid,repeat,mid,staccato,real_counterfactual_primary,40,p,32,32,,V2,P1,1,1,74.0,True,0.75,data/midi/full/reference/ref__repeat_mid__t-staccato__d-p__p-constant.mid,data/real_48k/r__repeat_mid__t-staccato__d-p__p-constant__v-V2__take01.wav,data/real_raw/r__repeat_mid__t-staccato__d-p__p-constant__v-V2__take01.wav,planned,103
r__leap_low__t-staccato__d-f__p-constant__v-V1__take01,real,real_violin,constant,leap_low,leap,low,staccato,real_counterfactual_primary,40,f,96,96,,V1,P1,1,1,,False,0.75,data/midi/full/reference/ref__leap_low__t-staccato__d-f__p-constant.mid,data/real_48k/r__leap_low__t-staccato__d-f__p-constant__v-V1__take01.wav,data/real_raw/r__leap_low__t-staccato__d-f__p-constant__v-V1__take01.wav,planned,104
r__scale_mid__t-pizzicato__d-p__p-constant__v-V3__take02,real,real_violin,constant,scale_mid,scale,mid,pizzicato,real_counterfactual_primary,43,p,32,32,,V3,P1,2,2,,False,0.75,data/midi/full/reference/ref__scale_mid__t-pizzicato__d-p__p-constant.mid,data/real_48k/r__scale_mid__t-pizzicato__d-p__p-constant__v-V3__take02.wav,data/real_raw/r__scale_mid__t-pizzicato__d-p__p-constant__v-V3__take02.wav,planned,105
r__scale_high__t-sustain__d-f__p-constant__v-V2__take01,real,real_violin,constant,scale_high,scale,high,sustain,real_counterfactual_primary,36,f,96,96,,V2,P1,1,1,,False,0.75,data/midi/full/reference/ref__scale_high__t-sustain__d-f__p-constant.mid,data/real_48k/r__scale_high__t-sustain__d-f__p-constant__v-V2__take01.wav,data/real_raw/r__scale_high__t-sustain__d-f__p-constant__v-V2__take01.wav,planned,106
r__long_mid__t-pizzicato__d-mf__p-constant__v-V2__take01,real,real_violin,constant,long_mid,long,mid,pizzicato,real_counterfactual_primary,43,mf,64,64,,V2,P1,1,1,69.0,True,0.75,data/midi/full/reference/ref__long_mid__t-pizzicato__d-mf__p-constant.mid,data/real_48k/r__long_mid__t-pizzicato__d-mf__p-constant__v-V2__take01.wav,data/real_raw/r__long_mid__t-pizzicato__d-mf__p-constant__v-V2__take01.wav,planned,107
r__scale_low__t-staccato__d-mf__p-constant__v-V3__take01,real,real_violin,constant,scale_low,scale,low,staccato,real_counterfactual_primary,40,mf,64,64,,V3,P1,1,1,,False,0.75,data/midi/full/reference/ref__scale_low__t-staccato__d-mf__p-constant.mid,data/real_48k/r__scale_low__t-staccato__d-mf__p-constant__v-V3__take01.wav,data/real_raw/r__scale_low__t-staccato__d-mf__p-constant__v-V3__take01.wav,planned,108
r__scale_low__t-sustain__d-p__p-constant__v-V2__take02,real,real_violin,constant,scale_low,scale,low,sustain,real_counterfactual_primary,36,p,32,32,,V2,P1,2,2,,False,0.75,data/midi/full/reference/ref__scale_low__t-sustain__d-p__p-constant.mid,data/real_48k/r__scale_low__t-sustain__d-p__p-constant__v-V2__take02.wav,data/real_raw/r__scale_low__t-sustain__d-p__p-constant__v-V2__take02.wav,planned,109
r__leap_low__t-sustain__d-mf__p-constant__v-V1__take01,real,real_violin,constant,leap_low,leap,low,sustain,real_counterfactual_primary,36,mf,64,64,,V1,P1,1,1,,False,0.75,data/midi/full/reference/ref__leap_low__t-sustain__d-mf__p-constant.mid,data/real_48k/r__leap_low__t-sustain__d-mf__p-constant__v-V1__take01.wav,data/real_raw/r__leap_low__t-sustain__d-mf__p-constant__v-V1__take01.wav,planned,110
r__scale_high__t-staccato__d-f__p-constant__v-V2__take01,real,real_violin,constant,scale_high,scale,high,staccato,real_counterfactual_primary,40,f,96,96,,V2,P1,1,1,,False,0.75,data/midi/full/reference/ref__scale_high__t-staccato__d-f__p-constant.mid,data/real_48k/r__scale_high__t-staccato__d-f__p-constant__v-V2__take01.wav,data/real_raw/r__scale_high__t-staccato__d-f__p-constant__v-V2__take01.wav,planned,111
r__long_high__t-pizzicato__d-p__p-constant__v-V2__take01,real,real_violin,constant,long_high,long,high,pizzicato,real_counterfactual_primary,43,p,32,32,,V2,P1,1,1,81.0,True,0.75,data/midi/full/reference/ref__long_high__t-pizzicato__d-p__p-constant.mid,data/real_48k/r__long_high__t-pizzicato__d-p__p-constant__v-V2__take01.wav,data/real_raw/r__long_high__t-pizzicato__d-p__p-constant__v-V2__take01.wav,planned,112
r__leap_mid__t-staccato__d-p__p-constant__v-V1__take01,real,real_violin,constant,leap_mid,leap,mid,staccato,real_counterfactual_primary,40,p,32,32,,V1,P1,1,1,,False,0.75,data/midi/full/reference/ref__leap_mid__t-staccato__d-p__p-constant.mid,data/real_48k/r__leap_mid__t-staccato__d-p__p-constant__v-V1__take01.wav,data/real_raw/r__leap_mid__t-staccato__d-p__p-constant__v-V1__take01.wav,planned,113
r__scale_low__t-pizzicato__d-f__p-constant__v-V3__take01,real,real_violin,constant,scale_low,scale,low,pizzicato,real_counterfactual_primary,43,f,96,96,,V3,P1,1,1,,False,0.75,data/midi/full/reference/ref__scale_low__t-pizzicato__d-f__p-constant.mid,data/real_48k/r__scale_low__t-pizzicato__d-f__p-constant__v-V3__take01.wav,data/real_raw/r__scale_low__t-pizzicato__d-f__p-constant__v-V3__take01.wav,planned,114
r__repeat_high__t-pizzicato__d-p__p-constant__v-V3__take02,real,real_violin,constant,repeat_high,repeat,high,pizzicato,real_counterfactual_primary,43,p,32,32,,V3,P1,2,2,86.0,True,0.75,data/midi/full/reference/ref__repeat_high__t-pizzicato__d-p__p-constant.mid,data/real_48k/r__repeat_high__t-pizzicato__d-p__p-constant__v-V3__take02.wav,data/real_raw/r__repeat_high__t-pizzicato__d-p__p-constant__v-V3__take02.wav,planned,115
r__scale_mid__t-legato_slur__d-f__p-constant__v-V1__take01,real,real_violin,constant,scale_mid,scale,mid,legato_slur,real_counterfactual_primary,49,f,96,96,,V1,P1,1,1,,False,0.75,data/midi/full/reference/ref__scale_mid__t-legato_slur__d-f__p-constant.mid,data/real_48k/r__scale_mid__t-legato_slur__d-f__p-constant__v-V1__take01.wav,data/real_raw/r__scale_mid__t-legato_slur__d-f__p-constant__v-V1__take01.wav,planned,116
r__scale_mid__t-pizzicato__d-f__p-constant__v-V2__take01,real,real_violin,constant,scale_mid,scale,mid,pizzicato,real_counterfactual_primary,43,f,96,96,,V2,P1,1,1,,False,0.75,data/midi/full/reference/ref__scale_mid__t-pizzicato__d-f__p-constant.mid,data/real_48k/r__scale_mid__t-pizzicato__d-f__p-constant__v-V2__take01.wav,data/real_raw/r__scale_mid__t-pizzicato__d-f__p-constant__v-V2__take01.wav,planned,117
r__leap_mid__t-pizzicato__d-p__p-constant__v-V1__take02,real,real_violin,constant,leap_mid,leap,mid,pizzicato,real_counterfactual_primary,43,p,32,32,,V1,P1,2,2,,False,0.75,data/midi/full/reference/ref__leap_mid__t-pizzicato__d-p__p-constant.mid,data/real_48k/r__leap_mid__t-pizzicato__d-p__p-constant__v-V1__take02.wav,data/real_raw/r__leap_mid__t-pizzicato__d-p__p-constant__v-V1__take02.wav,planned,118
r__repeat_high__t-pizzicato__d-mf__p-constant__v-V3__take02,real,real_violin,constant,repeat_high,repeat,high,pizzicato,real_counterfactual_primary,43,mf,64,64,,V3,P1,2,2,86.0,True,0.75,data/midi/full/reference/ref__repeat_high__t-pizzicato__d-mf__p-constant.mid,data/real_48k/r__repeat_high__t-pizzicato__d-mf__p-constant__v-V3__take02.wav,data/real_raw/r__repeat_high__t-pizzicato__d-mf__p-constant__v-V3__take02.wav,planned,119
r__scale_high__t-sustain__d-f__p-constant__v-V1__take02,real,real_violin,constant,scale_high,scale,high,sustain,real_counterfactual_primary,36,f,96,96,,V1,P1,2,2,,False,0.75,data/midi/full/reference/ref__scale_high__t-sustain__d-f__p-constant.mid,data/real_48k/r__scale_high__t-sustain__d-f__p-constant__v-V1__take02.wav,data/real_raw/r__scale_high__t-sustain__d-f__p-constant__v-V1__take02.wav,planned,120
r__leap_high__t-legato_slur__d-p__p-constant__v-V2__take02,real,real_violin,constant,leap_high,leap,high,legato_slur,real_counterfactual_primary,49,p,32,32,,V2,P1,2,2,,False,0.75,data/midi/full/reference/ref__leap_high__t-legato_slur__d-p__p-constant.mid,data/real_48k/r__leap_high__t-legato_slur__d-p__p-constant__v-V2__take02.wav,data/real_raw/r__leap_high__t-legato_slur__d-p__p-constant__v-V2__take02.wav,planned,121
r__long_low__t-legato_slur__d-f__p-constant__v-V2__take01,real,real_violin,constant,long_low,long,low,legato_slur,real_counterfactual_primary,49,f,96,96,,V2,P1,1,1,57.0,True,0.75,data/midi/full/reference/ref__long_low__t-legato_slur__d-f__p-constant.mid,data/real_48k/r__long_low__t-legato_slur__d-f__p-constant__v-V2__take01.wav,data/real_raw/r__long_low__t-legato_slur__d-f__p-constant__v-V2__take01.wav,planned,122
r__leap_mid__t-sustain__d-p__p-constant__v-V2__take02,real,real_violin,constant,leap_mid,leap,mid,sustain,real_counterfactual_primary,36,p,32,32,,V2,P1,2,2,,False,0.75,data/midi/full/reference/ref__leap_mid__t-sustain__d-p__p-constant.mid,data/real_48k/r__leap_mid__t-sustain__d-p__p-constant__v-V2__take02.wav,data/real_raw/r__leap_mid__t-sustain__d-p__p-constant__v-V2__take02.wav,planned,123
r__leap_low__t-legato_slur__d-f__p-constant__v-V3__take01,real,real_violin,constant,leap_low,leap,low,legato_slur,real_counterfactual_primary,49,f,96,96,,V3,P1,1,1,,False,0.75,data/midi/full/reference/ref__leap_low__t-legato_slur__d-f__p-constant.mid,data/real_48k/r__leap_low__t-legato_slur__d-f__p-constant__v-V3__take01.wav,data/real_raw/r__leap_low__t-legato_slur__d-f__p-constant__v-V3__take01.wav,planned,124
r__scale_mid__t-staccato__d-mf__p-constant__v-V2__take02,real,real_violin,constant,scale_mid,scale,mid,staccato,real_counterfactual_primary,40,mf,64,64,,V2,P1,2,2,,False,0.75,data/midi/full/reference/ref__scale_mid__t-staccato__d-mf__p-constant.mid,data/real_48k/r__scale_mid__t-staccato__d-mf__p-constant__v-V2__take02.wav,data/real_raw/r__scale_mid__t-staccato__d-mf__p-constant__v-V2__take02.wav,planned,125
r__scale_high__t-legato_slur__d-f__p-constant__v-V3__take02,real,real_violin,constant,scale_high,scale,high,legato_slur,real_counterfactual_primary,49,f,96,96,,V3,P1,2,2,,False,0.75,data/midi/full/reference/ref__scale_high__t-legato_slur__d-f__p-constant.mid,data/real_48k/r__scale_high__t-legato_slur__d-f__p-constant__v-V3__take02.wav,data/real_raw/r__scale_high__t-legato_slur__d-f__p-constant__v-V3__take02.wav,planned,126
r__scale_low__t-legato_slur__d-p__p-constant__v-V3__take01,real,real_violin,constant,scale_low,scale,low,legato_slur,real_counterfactual_primary,49,p,32,32,,V3,P1,1,1,,False,0.75,data/midi/full/reference/ref__scale_low__t-legato_slur__d-p__p-constant.mid,data/real_48k/r__scale_low__t-legato_slur__d-p__p-constant__v-V3__take01.wav,data/real_raw/r__scale_low__t-legato_slur__d-p__p-constant__v-V3__take01.wav,planned,127
r__repeat_low__t-legato_slur__d-f__p-constant__v-V3__take01,real,real_violin,constant,repeat_low,repeat,low,legato_slur,real_counterfactual_primary,49,f,96,96,,V3,P1,1,1,62.0,True,0.75,data/midi/full/reference/ref__repeat_low__t-legato_slur__d-f__p-constant.mid,data/real_48k/r__repeat_low__t-legato_slur__d-f__p-constant__v-V3__take01.wav,data/real_raw/r__repeat_low__t-legato_slur__d-f__p-constant__v-V3__take01.wav,planned,128
r__leap_high__t-legato_slur__d-f__p-constant__v-V1__take01,real,real_violin,constant,leap_high,leap,high,legato_slur,real_counterfactual_primary,49,f,96,96,,V1,P1,1,1,,False,0.75,data/midi/full/reference/ref__leap_high__t-legato_slur__d-f__p-constant.mid,data/real_48k/r__leap_high__t-legato_slur__d-f__p-constant__v-V1__take01.wav,data/real_raw/r__leap_high__t-legato_slur__d-f__p-constant__v-V1__take01.wav,planned,129
r__long_low__t-staccato__d-p__p-constant__v-V1__take02,real,real_violin,constant,long_low,long,low,staccato,real_counterfactual_primary,40,p,32,32,,V1,P1,2,2,57.0,True,0.75,data/midi/full/reference/ref__long_low__t-staccato__d-p__p-constant.mid,data/real_48k/r__long_low__t-staccato__d-p__p-constant__v-V1__take02.wav,data/real_raw/r__long_low__t-staccato__d-p__p-constant__v-V1__take02.wav,planned,130
r__leap_low__t-sustain__d-mf__p-constant__v-V1__take02,real,real_violin,constant,leap_low,leap,low,sustain,real_counterfactual_primary,36,mf,64,64,,V1,P1,2,2,,False,0.75,data/midi/full/reference/ref__leap_low__t-sustain__d-mf__p-constant.mid,data/real_48k/r__leap_low__t-sustain__d-mf__p-constant__v-V1__take02.wav,data/real_raw/r__leap_low__t-sustain__d-mf__p-constant__v-V1__take02.wav,planned,131
r__repeat_low__t-staccato__d-f__p-constant__v-V1__take02,real,real_violin,constant,repeat_low,repeat,low,staccato,real_counterfactual_primary,40,f,96,96,,V1,P1,2,2,62.0,True,0.75,data/midi/full/reference/ref__repeat_low__t-staccato__d-f__p-constant.mid,data/real_48k/r__repeat_low__t-staccato__d-f__p-constant__v-V1__take02.wav,data/real_raw/r__repeat_low__t-staccato__d-f__p-constant__v-V1__take02.wav,planned,132
r__leap_high__t-pizzicato__d-f__p-constant__v-V3__take02,real,real_violin,constant,leap_high,leap,high,pizzicato,real_counterfactual_primary,43,f,96,96,,V3,P1,2,2,,False,0.75,data/midi/full/reference/ref__leap_high__t-pizzicato__d-f__p-constant.mid,data/real_48k/r__leap_high__t-pizzicato__d-f__p-constant__v-V3__take02.wav,data/real_raw/r__leap_high__t-pizzicato__d-f__p-constant__v-V3__take02.wav,planned,133
r__leap_high__t-legato_slur__d-f__p-constant__v-V3__take01,real,real_violin,constant,leap_high,leap,high,legato_slur,real_counterfactual_primary,49,f,96,96,,V3,P1,1,1,,False,0.75,data/midi/full/reference/ref__leap_high__t-legato_slur__d-f__p-constant.mid,data/real_48k/r__leap_high__t-legato_slur__d-f__p-constant__v-V3__take01.wav,data/real_raw/r__leap_high__t-legato_slur__d-f__p-constant__v-V3__take01.wav,planned,134
r__scale_mid__t-staccato__d-mf__p-constant__v-V3__take02,real,real_violin,constant,scale_mid,scale,mid,staccato,real_counterfactual_primary,40,mf,64,64,,V3,P1,2,2,,False,0.75,data/midi/full/reference/ref__scale_mid__t-staccato__d-mf__p-constant.mid,data/real_48k/r__scale_mid__t-staccato__d-mf__p-constant__v-V3__take02.wav,data/real_raw/r__scale_mid__t-staccato__d-mf__p-constant__v-V3__take02.wav,planned,135
r__leap_high__t-sustain__d-mf__p-constant__v-V1__take01,real,real_violin,constant,leap_high,leap,high,sustain,real_counterfactual_primary,36,mf,64,64,,V1,P1,1,1,,False,0.75,data/midi/full/reference/ref__leap_high__t-sustain__d-mf__p-constant.mid,data/real_48k/r__leap_high__t-sustain__d-mf__p-constant__v-V1__take01.wav,data/real_raw/r__leap_high__t-sustain__d-mf__p-constant__v-V1__take01.wav,planned,136
r__long_mid__t-staccato__d-p__p-constant__v-V3__take01,real,real_violin,constant,long_mid,long,mid,staccato,real_counterfactual_primary,40,p,32,32,,V3,P1,1,1,69.0,True,0.75,data/midi/full/reference/ref__long_mid__t-staccato__d-p__p-constant.mid,data/real_48k/r__long_mid__t-staccato__d-p__p-constant__v-V3__take01.wav,data/real_raw/r__long_mid__t-staccato__d-p__p-constant__v-V3__take01.wav,planned,137
r__scale_mid__t-legato_slur__d-p__p-constant__v-V1__take01,real,real_violin,constant,scale_mid,scale,mid,legato_slur,real_counterfactual_primary,49,p,32,32,,V1,P1,1,1,,False,0.75,data/midi/full/reference/ref__scale_mid__t-legato_slur__d-p__p-constant.mid,data/real_48k/r__scale_mid__t-legato_slur__d-p__p-constant__v-V1__take01.wav,data/real_raw/r__scale_mid__t-legato_slur__d-p__p-constant__v-V1__take01.wav,planned,138
r__long_low__t-sustain__d-f__p-constant__v-V3__take02,real,real_violin,constant,long_low,long,low,sustain,real_counterfactual_primary,36,f,96,96,,V3,P1,2,2,57.0,True,0.75,data/midi/full/reference/ref__long_low__t-sustain__d-f__p-constant.mid,data/real_48k/r__long_low__t-sustain__d-f__p-constant__v-V3__take02.wav,data/real_raw/r__long_low__t-sustain__d-f__p-constant__v-V3__take02.wav,planned,139
r__scale_high__t-sustain__d-p__p-constant__v-V1__take01,real,real_violin,constant,scale_high,scale,high,sustain,real_counterfactual_primary,36,p,32,32,,V1,P1,1,1,,False,0.75,data/midi/full/reference/ref__scale_high__t-sustain__d-p__p-constant.mid,data/real_48k/r__scale_high__t-sustain__d-p__p-constant__v-V1__take01.wav,data/real_raw/r__scale_high__t-sustain__d-p__p-constant__v-V1__take01.wav,planned,140
r__repeat_low__t-sustain__d-f__p-constant__v-V3__take02,real,real_violin,constant,repeat_low,repeat,low,sustain,real_counterfactual_primary,36,f,96,96,,V3,P1,2,2,62.0,True,0.75,data/midi/full/reference/ref__repeat_low__t-sustain__d-f__p-constant.mid,data/real_48k/r__repeat_low__t-sustain__d-f__p-constant__v-V3__take02.wav,data/real_raw/r__repeat_low__t-sustain__d-f__p-constant__v-V3__take02.wav,planned,141
r__repeat_low__t-sustain__d-f__p-constant__v-V1__take02,real,real_violin,constant,repeat_low,repeat,low,sustain,real_counterfactual_primary,36,f,96,96,,V1,P1,2,2,62.0,True,0.75,data/midi/full/reference/ref__repeat_low__t-sustain__d-f__p-constant.mid,data/real_48k/r__repeat_low__t-sustain__d-f__p-constant__v-V1__take02.wav,data/real_raw/r__repeat_low__t-sustain__d-f__p-constant__v-V1__take02.wav,planned,142
r__scale_mid__t-legato_slur__d-mf__p-constant__v-V3__take01,real,real_violin,constant,scale_mid,scale,mid,legato_slur,real_counterfactual_primary,49,mf,64,64,,V3,P1,1,1,,False,0.75,data/midi/full/reference/ref__scale_mid__t-legato_slur__d-mf__p-constant.mid,data/real_48k/r__scale_mid__t-legato_slur__d-mf__p-constant__v-V3__take01.wav,data/real_raw/r__scale_mid__t-legato_slur__d-mf__p-constant__v-V3__take01.wav,planned,143
r__scale_high__t-staccato__d-f__p-constant__v-V3__take02,real,real_violin,constant,scale_high,scale,high,staccato,real_counterfactual_primary,40,f,96,96,,V3,P1,2,2,,False,0.75,data/midi/full/reference/ref__scale_high__t-staccato__d-f__p-constant.mid,data/real_48k/r__scale_high__t-staccato__d-f__p-constant__v-V3__take02.wav,data/real_raw/r__scale_high__t-staccato__d-f__p-constant__v-V3__take02.wav,planned,144
r__leap_low__t-pizzicato__d-p__p-constant__v-V2__take02,real,real_violin,constant,leap_low,leap,low,pizzicato,real_counterfactual_primary,43,p,32,32,,V2,P1,2,2,,False,0.75,data/midi/full/reference/ref__leap_low__t-pizzicato__d-p__p-constant.mid,data/real_48k/r__leap_low__t-pizzicato__d-p__p-constant__v-V2__take02.wav,data/real_raw/r__leap_low__t-pizzicato__d-p__p-constant__v-V2__take02.wav,planned,145
r__scale_mid__t-pizzicato__d-mf__p-constant__v-V2__take02,real,real_violin,constant,scale_mid,scale,mid,pizzicato,real_counterfactual_primary,43,mf,64,64,,V2,P1,2,2,,False,0.75,data/midi/full/reference/ref__scale_mid__t-pizzicato__d-mf__p-constant.mid,data/real_48k/r__scale_mid__t-pizzicato__d-mf__p-constant__v-V2__take02.wav,data/real_raw/r__scale_mid__t-pizzicato__d-mf__p-constant__v-V2__take02.wav,planned,146
r__scale_mid__t-pizzicato__d-p__p-constant__v-V1__take01,real,real_violin,constant,scale_mid,scale,mid,pizzicato,real_counterfactual_primary,43,p,32,32,,V1,P1,1,1,,False,0.75,data/midi/full/reference/ref__scale_mid__t-pizzicato__d-p__p-constant.mid,data/real_48k/r__scale_mid__t-pizzicato__d-p__p-constant__v-V1__take01.wav,data/real_raw/r__scale_mid__t-pizzicato__d-p__p-constant__v-V1__take01.wav,planned,147
r__leap_low__t-staccato__d-f__p-constant__v-V3__take02,real,real_violin,constant,leap_low,leap,low,staccato,real_counterfactual_primary,40,f,96,96,,V3,P1,2,2,,False,0.75,data/midi/full/reference/ref__leap_low__t-staccato__d-f__p-constant.mid,data/real_48k/r__leap_low__t-staccato__d-f__p-constant__v-V3__take02.wav,data/real_raw/r__leap_low__t-staccato__d-f__p-constant__v-V3__take02.wav,planned,148
r__long_high__t-pizzicato__d-mf__p-constant__v-V3__take02,real,real_violin,constant,long_high,long,high,pizzicato,real_counterfactual_primary,43,mf,64,64,,V3,P1,2,2,81.0,True,0.75,data/midi/full/reference/ref__long_high__t-pizzicato__d-mf__p-constant.mid,data/real_48k/r__long_high__t-pizzicato__d-mf__p-constant__v-V3__take02.wav,data/real_raw/r__long_high__t-pizzicato__d-mf__p-constant__v-V3__take02.wav,planned,149
r__repeat_low__t-pizzicato__d-f__p-constant__v-V2__take01,real,real_violin,constant,repeat_low,repeat,low,pizzicato,real_counterfactual_primary,43,f,96,96,,V2,P1,1,1,62.0,True,0.75,data/midi/full/reference/ref__repeat_low__t-pizzicato__d-f__p-constant.mid,data/real_48k/r__repeat_low__t-pizzicato__d-f__p-constant__v-V2__take01.wav,data/real_raw/r__repeat_low__t-pizzicato__d-f__p-constant__v-V2__take01.wav,planned,150
r__long_low__t-staccato__d-mf__p-constant__v-V1__take02,real,real_violin,constant,long_low,long,low,staccato,real_counterfactual_primary,40,mf,64,64,,V1,P1,2,2,57.0,True,0.75,data/midi/full/reference/ref__long_low__t-staccato__d-mf__p-constant.mid,data/real_48k/r__long_low__t-staccato__d-mf__p-constant__v-V1__take02.wav,data/real_raw/r__long_low__t-staccato__d-mf__p-constant__v-V1__take02.wav,planned,151
r__leap_mid__t-legato_slur__d-p__p-constant__v-V2__take02,real,real_violin,constant,leap_mid,leap,mid,legato_slur,real_counterfactual_primary,49,p,32,32,,V2,P1,2,2,,False,0.75,data/midi/full/reference/ref__leap_mid__t-legato_slur__d-p__p-constant.mid,data/real_48k/r__leap_mid__t-legato_slur__d-p__p-constant__v-V2__take02.wav,data/real_raw/r__leap_mid__t-legato_slur__d-p__p-constant__v-V2__take02.wav,planned,152
r__leap_high__t-pizzicato__d-p__p-constant__v-V3__take01,real,real_violin,constant,leap_high,leap,high,pizzicato,real_counterfactual_primary,43,p,32,32,,V3,P1,1,1,,False,0.75,data/midi/full/reference/ref__leap_high__t-pizzicato__d-p__p-constant.mid,data/real_48k/r__leap_high__t-pizzicato__d-p__p-constant__v-V3__take01.wav,data/real_raw/r__leap_high__t-pizzicato__d-p__p-constant__v-V3__take01.wav,planned,153
r__repeat_high__t-sustain__d-p__p-constant__v-V2__take02,real,real_violin,constant,repeat_high,repeat,high,sustain,real_counterfactual_primary,36,p,32,32,,V2,P1,2,2,86.0,True,0.75,data/midi/full/reference/ref__repeat_high__t-sustain__d-p__p-constant.mid,data/real_48k/r__repeat_high__t-sustain__d-p__p-constant__v-V2__take02.wav,data/real_raw/r__repeat_high__t-sustain__d-p__p-constant__v-V2__take02.wav,planned,154
r__leap_high__t-pizzicato__d-f__p-constant__v-V2__take02,real,real_violin,constant,leap_high,leap,high,pizzicato,real_counterfactual_primary,43,f,96,96,,V2,P1,2,2,,False,0.75,data/midi/full/reference/ref__leap_high__t-pizzicato__d-f__p-constant.mid,data/real_48k/r__leap_high__t-pizzicato__d-f__p-constant__v-V2__take02.wav,data/real_raw/r__leap_high__t-pizzicato__d-f__p-constant__v-V2__take02.wav,planned,155
r__leap_high__t-pizzicato__d-mf__p-constant__v-V2__take01,real,real_violin,constant,leap_high,leap,high,pizzicato,real_counterfactual_primary,43,mf,64,64,,V2,P1,1,1,,False,0.75,data/midi/full/reference/ref__leap_high__t-pizzicato__d-mf__p-constant.mid,data/real_48k/r__leap_high__t-pizzicato__d-mf__p-constant__v-V2__take01.wav,data/real_raw/r__leap_high__t-pizzicato__d-mf__p-constant__v-V2__take01.wav,planned,156
r__scale_high__t-legato_slur__d-f__p-constant__v-V1__take01,real,real_violin,constant,scale_high,scale,high,legato_slur,real_counterfactual_primary,49,f,96,96,,V1,P1,1,1,,False,0.75,data/midi/full/reference/ref__scale_high__t-legato_slur__d-f__p-constant.mid,data/real_48k/r__scale_high__t-legato_slur__d-f__p-constant__v-V1__take01.wav,data/real_raw/r__scale_high__t-legato_slur__d-f__p-constant__v-V1__take01.wav,planned,157
r__long_high__t-sustain__d-f__p-constant__v-V1__take01,real,real_violin,constant,long_high,long,high,sustain,real_counterfactual_primary,36,f,96,96,,V1,P1,1,1,81.0,True,0.75,data/midi/full/reference/ref__long_high__t-sustain__d-f__p-constant.mid,data/real_48k/r__long_high__t-sustain__d-f__p-constant__v-V1__take01.wav,data/real_raw/r__long_high__t-sustain__d-f__p-constant__v-V1__take01.wav,planned,158
r__scale_high__t-staccato__d-p__p-constant__v-V1__take02,real,real_violin,constant,scale_high,scale,high,staccato,real_counterfactual_primary,40,p,32,32,,V1,P1,2,2,,False,0.75,data/midi/full/reference/ref__scale_high__t-staccato__d-p__p-constant.mid,data/real_48k/r__scale_high__t-staccato__d-p__p-constant__v-V1__take02.wav,data/real_raw/r__scale_high__t-staccato__d-p__p-constant__v-V1__take02.wav,planned,159
r__repeat_low__t-legato_slur__d-p__p-constant__v-V3__take02,real,real_violin,constant,repeat_low,repeat,low,legato_slur,real_counterfactual_primary,49,p,32,32,,V3,P1,2,2,62.0,True,0.75,data/midi/full/reference/ref__repeat_low__t-legato_slur__d-p__p-constant.mid,data/real_48k/r__repeat_low__t-legato_slur__d-p__p-constant__v-V3__take02.wav,data/real_raw/r__repeat_low__t-legato_slur__d-p__p-constant__v-V3__take02.wav,planned,160
r__leap_low__t-sustain__d-mf__p-constant__v-V2__take02,real,real_violin,constant,leap_low,leap,low,sustain,real_counterfactual_primary,36,mf,64,64,,V2,P1,2,2,,False,0.75,data/midi/full/reference/ref__leap_low__t-sustain__d-mf__p-constant.mid,data/real_48k/r__leap_low__t-sustain__d-mf__p-constant__v-V2__take02.wav,data/real_raw/r__leap_low__t-sustain__d-mf__p-constant__v-V2__take02.wav,planned,161
r__long_mid__t-sustain__d-f__p-constant__v-V3__take02,real,real_violin,constant,long_mid,long,mid,sustain,real_counterfactual_primary,36,f,96,96,,V3,P1,2,2,69.0,True,0.75,data/midi/full/reference/ref__long_mid__t-sustain__d-f__p-constant.mid,data/real_48k/r__long_mid__t-sustain__d-f__p-constant__v-V3__take02.wav,data/real_raw/r__long_mid__t-sustain__d-f__p-constant__v-V3__take02.wav,planned,162
r__long_mid__t-sustain__d-f__p-constant__v-V2__take02,real,real_violin,constant,long_mid,long,mid,sustain,real_counterfactual_primary,36,f,96,96,,V2,P1,2,2,69.0,True,0.75,data/midi/full/reference/ref__long_mid__t-sustain__d-f__p-constant.mid,data/real_48k/r__long_mid__t-sustain__d-f__p-constant__v-V2__take02.wav,data/real_raw/r__long_mid__t-sustain__d-f__p-constant__v-V2__take02.wav,planned,163
r__leap_low__t-sustain__d-f__p-constant__v-V3__take02,real,real_violin,constant,leap_low,leap,low,sustain,real_counterfactual_primary,36,f,96,96,,V3,P1,2,2,,False,0.75,data/midi/full/reference/ref__leap_low__t-sustain__d-f__p-constant.mid,data/real_48k/r__leap_low__t-sustain__d-f__p-constant__v-V3__take02.wav,data/real_raw/r__leap_low__t-sustain__d-f__p-constant__v-V3__take02.wav,planned,164
r__repeat_mid__t-pizzicato__d-p__p-constant__v-V1__take02,real,real_violin,constant,repeat_mid,repeat,mid,pizzicato,real_counterfactual_primary,43,p,32,32,,V1,P1,2,2,74.0,True,0.75,data/midi/full/reference/ref__repeat_mid__t-pizzicato__d-p__p-constant.mid,data/real_48k/r__repeat_mid__t-pizzicato__d-p__p-constant__v-V1__take02.wav,data/real_raw/r__repeat_mid__t-pizzicato__d-p__p-constant__v-V1__take02.wav,planned,165
r__long_high__t-legato_slur__d-mf__p-constant__v-V1__take02,real,real_violin,constant,long_high,long,high,legato_slur,real_counterfactual_primary,49,mf,64,64,,V1,P1,2,2,81.0,True,0.75,data/midi/full/reference/ref__long_high__t-legato_slur__d-mf__p-constant.mid,data/real_48k/r__long_high__t-legato_slur__d-mf__p-constant__v-V1__take02.wav,data/real_raw/r__long_high__t-legato_slur__d-mf__p-constant__v-V1__take02.wav,planned,166
r__leap_mid__t-legato_slur__d-mf__p-constant__v-V3__take01,real,real_violin,constant,leap_mid,leap,mid,legato_slur,real_counterfactual_primary,49,mf,64,64,,V3,P1,1,1,,False,0.75,data/midi/full/reference/ref__leap_mid__t-legato_slur__d-mf__p-constant.mid,data/real_48k/r__leap_mid__t-legato_slur__d-mf__p-constant__v-V3__take01.wav,data/real_raw/r__leap_mid__t-legato_slur__d-mf__p-constant__v-V3__take01.wav,planned,167
r__leap_high__t-staccato__d-f__p-constant__v-V2__take01,real,real_violin,constant,leap_high,leap,high,staccato,real_counterfactual_primary,40,f,96,96,,V2,P1,1,1,,False,0.75,data/midi/full/reference/ref__leap_high__t-staccato__d-f__p-constant.mid,data/real_48k/r__leap_high__t-staccato__d-f__p-constant__v-V2__take01.wav,data/real_raw/r__leap_high__t-staccato__d-f__p-constant__v-V2__take01.wav,planned,168
r__repeat_high__t-staccato__d-p__p-constant__v-V2__take02,real,real_violin,constant,repeat_high,repeat,high,staccato,real_counterfactual_primary,40,p,32,32,,V2,P1,2,2,86.0,True,0.75,data/midi/full/reference/ref__repeat_high__t-staccato__d-p__p-constant.mid,data/real_48k/r__repeat_high__t-staccato__d-p__p-constant__v-V2__take02.wav,data/real_raw/r__repeat_high__t-staccato__d-p__p-constant__v-V2__take02.wav,planned,169
r__long_low__t-staccato__d-f__p-constant__v-V2__take01,real,real_violin,constant,long_low,long,low,staccato,real_counterfactual_primary,40,f,96,96,,V2,P1,1,1,57.0,True,0.75,data/midi/full/reference/ref__long_low__t-staccato__d-f__p-constant.mid,data/real_48k/r__long_low__t-staccato__d-f__p-constant__v-V2__take01.wav,data/real_raw/r__long_low__t-staccato__d-f__p-constant__v-V2__take01.wav,planned,170
r__scale_low__t-staccato__d-f__p-constant__v-V1__take02,real,real_violin,constant,scale_low,scale,low,staccato,real_counterfactual_primary,40,f,96,96,,V1,P1,2,2,,False,0.75,data/midi/full/reference/ref__scale_low__t-staccato__d-f__p-constant.mid,data/real_48k/r__scale_low__t-staccato__d-f__p-constant__v-V1__take02.wav,data/real_raw/r__scale_low__t-staccato__d-f__p-constant__v-V1__take02.wav,planned,171
r__leap_low__t-staccato__d-p__p-constant__v-V3__take01,real,real_violin,constant,leap_low,leap,low,staccato,real_counterfactual_primary,40,p,32,32,,V3,P1,1,1,,False,0.75,data/midi/full/reference/ref__leap_low__t-staccato__d-p__p-constant.mid,data/real_48k/r__leap_low__t-staccato__d-p__p-constant__v-V3__take01.wav,data/real_raw/r__leap_low__t-staccato__d-p__p-constant__v-V3__take01.wav,planned,172
r__repeat_low__t-staccato__d-mf__p-constant__v-V3__take01,real,real_violin,constant,repeat_low,repeat,low,staccato,real_counterfactual_primary,40,mf,64,64,,V3,P1,1,1,62.0,True,0.75,data/midi/full/reference/ref__repeat_low__t-staccato__d-mf__p-constant.mid,data/real_48k/r__repeat_low__t-staccato__d-mf__p-constant__v-V3__take01.wav,data/real_raw/r__repeat_low__t-staccato__d-mf__p-constant__v-V3__take01.wav,planned,173
r__scale_high__t-pizzicato__d-f__p-constant__v-V3__take01,real,real_violin,constant,scale_high,scale,high,pizzicato,real_counterfactual_primary,43,f,96,96,,V3,P1,1,1,,False,0.75,data/midi/full/reference/ref__scale_high__t-pizzicato__d-f__p-constant.mid,data/real_48k/r__scale_high__t-pizzicato__d-f__p-constant__v-V3__take01.wav,data/real_raw/r__scale_high__t-pizzicato__d-f__p-constant__v-V3__take01.wav,planned,174
r__leap_high__t-staccato__d-mf__p-constant__v-V3__take01,real,real_violin,constant,leap_high,leap,high,staccato,real_counterfactual_primary,40,mf,64,64,,V3,P1,1,1,,False,0.75,data/midi/full/reference/ref__leap_high__t-staccato__d-mf__p-constant.mid,data/real_48k/r__leap_high__t-staccato__d-mf__p-constant__v-V3__take01.wav,data/real_raw/r__leap_high__t-staccato__d-mf__p-constant__v-V3__take01.wav,planned,175
r__leap_high__t-pizzicato__d-mf__p-constant__v-V3__take01,real,real_violin,constant,leap_high,leap,high,pizzicato,real_counterfactual_primary,43,mf,64,64,,V3,P1,1,1,,False,0.75,data/midi/full/reference/ref__leap_high__t-pizzicato__d-mf__p-constant.mid,data/real_48k/r__leap_high__t-pizzicato__d-mf__p-constant__v-V3__take01.wav,data/real_raw/r__leap_high__t-pizzicato__d-mf__p-constant__v-V3__take01.wav,planned,176
r__repeat_low__t-pizzicato__d-mf__p-constant__v-V1__take01,real,real_violin,constant,repeat_low,repeat,low,pizzicato,real_counterfactual_primary,43,mf,64,64,,V1,P1,1,1,62.0,True,0.75,data/midi/full/reference/ref__repeat_low__t-pizzicato__d-mf__p-constant.mid,data/real_48k/r__repeat_low__t-pizzicato__d-mf__p-constant__v-V1__take01.wav,data/real_raw/r__repeat_low__t-pizzicato__d-mf__p-constant__v-V1__take01.wav,planned,177
r__repeat_mid__t-pizzicato__d-p__p-constant__v-V1__take01,real,real_violin,constant,repeat_mid,repeat,mid,pizzicato,real_counterfactual_primary,43,p,32,32,,V1,P1,1,1,74.0,True,0.75,data/midi/full/reference/ref__repeat_mid__t-pizzicato__d-p__p-constant.mid,data/real_48k/r__repeat_mid__t-pizzicato__d-p__p-constant__v-V1__take01.wav,data/real_raw/r__repeat_mid__t-pizzicato__d-p__p-constant__v-V1__take01.wav,planned,178
r__scale_low__t-legato_slur__d-mf__p-constant__v-V3__take01,real,real_violin,constant,scale_low,scale,low,legato_slur,real_counterfactual_primary,49,mf,64,64,,V3,P1,1,1,,False,0.75,data/midi/full/reference/ref__scale_low__t-legato_slur__d-mf__p-constant.mid,data/real_48k/r__scale_low__t-legato_slur__d-mf__p-constant__v-V3__take01.wav,data/real_raw/r__scale_low__t-legato_slur__d-mf__p-constant__v-V3__take01.wav,planned,179
r__scale_mid__t-sustain__d-f__p-constant__v-V3__take02,real,real_violin,constant,scale_mid,scale,mid,sustain,real_counterfactual_primary,36,f,96,96,,V3,P1,2,2,,False,0.75,data/midi/full/reference/ref__scale_mid__t-sustain__d-f__p-constant.mid,data/real_48k/r__scale_mid__t-sustain__d-f__p-constant__v-V3__take02.wav,data/real_raw/r__scale_mid__t-sustain__d-f__p-constant__v-V3__take02.wav,planned,180
r__scale_mid__t-pizzicato__d-f__p-constant__v-V1__take01,real,real_violin,constant,scale_mid,scale,mid,pizzicato,real_counterfactual_primary,43,f,96,96,,V1,P1,1,1,,False,0.75,data/midi/full/reference/ref__scale_mid__t-pizzicato__d-f__p-constant.mid,data/real_48k/r__scale_mid__t-pizzicato__d-f__p-constant__v-V1__take01.wav,data/real_raw/r__scale_mid__t-pizzicato__d-f__p-constant__v-V1__take01.wav,planned,181
r__long_high__t-legato_slur__d-p__p-constant__v-V3__take01,real,real_violin,constant,long_high,long,high,legato_slur,real_counterfactual_primary,49,p,32,32,,V3,P1,1,1,81.0,True,0.75,data/midi/full/reference/ref__long_high__t-legato_slur__d-p__p-constant.mid,data/real_48k/r__long_high__t-legato_slur__d-p__p-constant__v-V3__take01.wav,data/real_raw/r__long_high__t-legato_slur__d-p__p-constant__v-V3__take01.wav,planned,182
r__leap_low__t-staccato__d-p__p-constant__v-V2__take02,real,real_violin,constant,leap_low,leap,low,staccato,real_counterfactual_primary,40,p,32,32,,V2,P1,2,2,,False,0.75,data/midi/full/reference/ref__leap_low__t-staccato__d-p__p-constant.mid,data/real_48k/r__leap_low__t-staccato__d-p__p-constant__v-V2__take02.wav,data/real_raw/r__leap_low__t-staccato__d-p__p-constant__v-V2__take02.wav,planned,183
r__repeat_high__t-legato_slur__d-mf__p-constant__v-V1__take02,real,real_violin,constant,repeat_high,repeat,high,legato_slur,real_counterfactual_primary,49,mf,64,64,,V1,P1,2,2,86.0,True,0.75,data/midi/full/reference/ref__repeat_high__t-legato_slur__d-mf__p-constant.mid,data/real_48k/r__repeat_high__t-legato_slur__d-mf__p-constant__v-V1__take02.wav,data/real_raw/r__repeat_high__t-legato_slur__d-mf__p-constant__v-V1__take02.wav,planned,184
r__leap_low__t-pizzicato__d-f__p-constant__v-V3__take01,real,real_violin,constant,leap_low,leap,low,pizzicato,real_counterfactual_primary,43,f,96,96,,V3,P1,1,1,,False,0.75,data/midi/full/reference/ref__leap_low__t-pizzicato__d-f__p-constant.mid,data/real_48k/r__leap_low__t-pizzicato__d-f__p-constant__v-V3__take01.wav,data/real_raw/r__leap_low__t-pizzicato__d-f__p-constant__v-V3__take01.wav,planned,185
r__repeat_mid__t-legato_slur__d-f__p-constant__v-V2__take01,real,real_violin,constant,repeat_mid,repeat,mid,legato_slur,real_counterfactual_primary,49,f,96,96,,V2,P1,1,1,74.0,True,0.75,data/midi/full/reference/ref__repeat_mid__t-legato_slur__d-f__p-constant.mid,data/real_48k/r__repeat_mid__t-legato_slur__d-f__p-constant__v-V2__take01.wav,data/real_raw/r__repeat_mid__t-legato_slur__d-f__p-constant__v-V2__take01.wav,planned,186
r__leap_low__t-staccato__d-p__p-constant__v-V2__take01,real,real_violin,constant,leap_low,leap,low,staccato,real_counterfactual_primary,40,p,32,32,,V2,P1,1,1,,False,0.75,data/midi/full/reference/ref__leap_low__t-staccato__d-p__p-constant.mid,data/real_48k/r__leap_low__t-staccato__d-p__p-constant__v-V2__take01.wav,data/real_raw/r__leap_low__t-staccato__d-p__p-constant__v-V2__take01.wav,planned,187
r__repeat_low__t-staccato__d-p__p-constant__v-V2__take01,real,real_violin,constant,repeat_low,repeat,low,staccato,real_counterfactual_primary,40,p,32,32,,V2,P1,1,1,62.0,True,0.75,data/midi/full/reference/ref__repeat_low__t-staccato__d-p__p-constant.mid,data/real_48k/r__repeat_low__t-staccato__d-p__p-constant__v-V2__take01.wav,data/real_raw/r__repeat_low__t-staccato__d-p__p-constant__v-V2__take01.wav,planned,188
r__scale_low__t-sustain__d-mf__p-constant__v-V1__take02,real,real_violin,constant,scale_low,scale,low,sustain,real_counterfactual_primary,36,mf,64,64,,V1,P1,2,2,,False,0.75,data/midi/full/reference/ref__scale_low__t-sustain__d-mf__p-constant.mid,data/real_48k/r__scale_low__t-sustain__d-mf__p-constant__v-V1__take02.wav,data/real_raw/r__scale_low__t-sustain__d-mf__p-constant__v-V1__take02.wav,planned,189
r__leap_mid__t-sustain__d-f__p-constant__v-V3__take01,real,real_violin,constant,leap_mid,leap,mid,sustain,real_counterfactual_primary,36,f,96,96,,V3,P1,1,1,,False,0.75,data/midi/full/reference/ref__leap_mid__t-sustain__d-f__p-constant.mid,data/real_48k/r__leap_mid__t-sustain__d-f__p-constant__v-V3__take01.wav,data/real_raw/r__leap_mid__t-sustain__d-f__p-constant__v-V3__take01.wav,planned,190
r__repeat_low__t-legato_slur__d-p__p-constant__v-V3__take01,real,real_violin,constant,repeat_low,repeat,low,legato_slur,real_counterfactual_primary,49,p,32,32,,V3,P1,1,1,62.0,True,0.75,data/midi/full/reference/ref__repeat_low__t-legato_slur__d-p__p-constant.mid,data/real_48k/r__repeat_low__t-legato_slur__d-p__p-constant__v-V3__take01.wav,data/real_raw/r__repeat_low__t-legato_slur__d-p__p-constant__v-V3__take01.wav,planned,191
r__repeat_mid__t-sustain__d-mf__p-constant__v-V2__take02,real,real_violin,constant,repeat_mid,repeat,mid,sustain,real_counterfactual_primary,36,mf,64,64,,V2,P1,2,2,74.0,True,0.75,data/midi/full/reference/ref__repeat_mid__t-sustain__d-mf__p-constant.mid,data/real_48k/r__repeat_mid__t-sustain__d-mf__p-constant__v-V2__take02.wav,data/real_raw/r__repeat_mid__t-sustain__d-mf__p-constant__v-V2__take02.wav,planned,192
r__repeat_high__t-sustain__d-mf__p-constant__v-V3__take01,real,real_violin,constant,repeat_high,repeat,high,sustain,real_counterfactual_primary,36,mf,64,64,,V3,P1,1,1,86.0,True,0.75,data/midi/full/reference/ref__repeat_high__t-sustain__d-mf__p-constant.mid,data/real_48k/r__repeat_high__t-sustain__d-mf__p-constant__v-V3__take01.wav,data/real_raw/r__repeat_high__t-sustain__d-mf__p-constant__v-V3__take01.wav,planned,193
r__scale_low__t-legato_slur__d-mf__p-constant__v-V1__take01,real,real_violin,constant,scale_low,scale,low,legato_slur,real_counterfactual_primary,49,mf,64,64,,V1,P1,1,1,,False,0.75,data/midi/full/reference/ref__scale_low__t-legato_slur__d-mf__p-constant.mid,data/real_48k/r__scale_low__t-legato_slur__d-mf__p-constant__v-V1__take01.wav,data/real_raw/r__scale_low__t-legato_slur__d-mf__p-constant__v-V1__take01.wav,planned,194
r__repeat_high__t-staccato__d-f__p-constant__v-V3__take02,real,real_violin,constant,repeat_high,repeat,high,staccato,real_counterfactual_primary,40,f,96,96,,V3,P1,2,2,86.0,True,0.75,data/midi/full/reference/ref__repeat_high__t-staccato__d-f__p-constant.mid,data/real_48k/r__repeat_high__t-staccato__d-f__p-constant__v-V3__take02.wav,data/real_raw/r__repeat_high__t-staccato__d-f__p-constant__v-V3__take02.wav,planned,195
r__scale_low__t-pizzicato__d-mf__p-constant__v-V1__take01,real,real_violin,constant,scale_low,scale,low,pizzicato,real_counterfactual_primary,43,mf,64,64,,V1,P1,1,1,,False,0.75,data/midi/full/reference/ref__scale_low__t-pizzicato__d-mf__p-constant.mid,data/real_48k/r__scale_low__t-pizzicato__d-mf__p-constant__v-V1__take01.wav,data/real_raw/r__scale_low__t-pizzicato__d-mf__p-constant__v-V1__take01.wav,planned,196
r__leap_mid__t-staccato__d-mf__p-constant__v-V1__take01,real,real_violin,constant,leap_mid,leap,mid,staccato,real_counterfactual_primary,40,mf,64,64,,V1,P1,1,1,,False,0.75,data/midi/full/reference/ref__leap_mid__t-staccato__d-mf__p-constant.mid,data/real_48k/r__leap_mid__t-staccato__d-mf__p-constant__v-V1__take01.wav,data/real_raw/r__leap_mid__t-staccato__d-mf__p-constant__v-V1__take01.wav,planned,197
r__leap_high__t-pizzicato__d-mf__p-constant__v-V1__take02,real,real_violin,constant,leap_high,leap,high,pizzicato,real_counterfactual_primary,43,mf,64,64,,V1,P1,2,2,,False,0.75,data/midi/full/reference/ref__leap_high__t-pizzicato__d-mf__p-constant.mid,data/real_48k/r__leap_high__t-pizzicato__d-mf__p-constant__v-V1__take02.wav,data/real_raw/r__leap_high__t-pizzicato__d-mf__p-constant__v-V1__take02.wav,planned,198
r__long_low__t-pizzicato__d-f__p-constant__v-V1__take02,real,real_violin,constant,long_low,long,low,pizzicato,real_counterfactual_primary,43,f,96,96,,V1,P1,2,2,57.0,True,0.75,data/midi/full/reference/ref__long_low__t-pizzicato__d-f__p-constant.mid,data/real_48k/r__long_low__t-pizzicato__d-f__p-constant__v-V1__take02.wav,data/real_raw/r__long_low__t-pizzicato__d-f__p-constant__v-V1__take02.wav,planned,199
r__repeat_mid__t-pizzicato__d-mf__p-constant__v-V3__take02,real,real_violin,constant,repeat_mid,repeat,mid,pizzicato,real_counterfactual_primary,43,mf,64,64,,V3,P1,2,2,74.0,True,0.75,data/midi/full/reference/ref__repeat_mid__t-pizzicato__d-mf__p-constant.mid,data/real_48k/r__repeat_mid__t-pizzicato__d-mf__p-constant__v-V3__take02.wav,data/real_raw/r__repeat_mid__t-pizzicato__d-mf__p-constant__v-V3__take02.wav,planned,200
r__scale_high__t-pizzicato__d-p__p-constant__v-V3__take02,real,real_violin,constant,scale_high,scale,high,pizzicato,real_counterfactual_primary,43,p,32,32,,V3,P1,2,2,,False,0.75,data/midi/full/reference/ref__scale_high__t-pizzicato__d-p__p-constant.mid,data/real_48k/r__scale_high__t-pizzicato__d-p__p-constant__v-V3__take02.wav,data/real_raw/r__scale_high__t-pizzicato__d-p__p-constant__v-V3__take02.wav,planned,201
r__repeat_high__t-staccato__d-f__p-constant__v-V3__take01,real,real_violin,constant,repeat_high,repeat,high,staccato,real_counterfactual_primary,40,f,96,96,,V3,P1,1,1,86.0,True,0.75,data/midi/full/reference/ref__repeat_high__t-staccato__d-f__p-constant.mid,data/real_48k/r__repeat_high__t-staccato__d-f__p-constant__v-V3__take01.wav,data/real_raw/r__repeat_high__t-staccato__d-f__p-constant__v-V3__take01.wav,planned,202
r__long_high__t-pizzicato__d-p__p-constant__v-V2__take02,real,real_violin,constant,long_high,long,high,pizzicato,real_counterfactual_primary,43,p,32,32,,V2,P1,2,2,81.0,True,0.75,data/midi/full/reference/ref__long_high__t-pizzicato__d-p__p-constant.mid,data/real_48k/r__long_high__t-pizzicato__d-p__p-constant__v-V2__take02.wav,data/real_raw/r__long_high__t-pizzicato__d-p__p-constant__v-V2__take02.wav,planned,203
r__long_high__t-legato_slur__d-f__p-constant__v-V3__take02,real,real_violin,constant,long_high,long,high,legato_slur,real_counterfactual_primary,49,f,96,96,,V3,P1,2,2,81.0,True,0.75,data/midi/full/reference/ref__long_high__t-legato_slur__d-f__p-constant.mid,data/real_48k/r__long_high__t-legato_slur__d-f__p-constant__v-V3__take02.wav,data/real_raw/r__long_high__t-legato_slur__d-f__p-constant__v-V3__take02.wav,planned,204
r__scale_mid__t-pizzicato__d-mf__p-constant__v-V2__take01,real,real_violin,constant,scale_mid,scale,mid,pizzicato,real_counterfactual_primary,43,mf,64,64,,V2,P1,1,1,,False,0.75,data/midi/full/reference/ref__scale_mid__t-pizzicato__d-mf__p-constant.mid,data/real_48k/r__scale_mid__t-pizzicato__d-mf__p-constant__v-V2__take01.wav,data/real_raw/r__scale_mid__t-pizzicato__d-mf__p-constant__v-V2__take01.wav,planned,205
r__scale_high__t-legato_slur__d-f__p-constant__v-V1__take02,real,real_violin,constant,scale_high,scale,high,legato_slur,real_counterfactual_primary,49,f,96,96,,V1,P1,2,2,,False,0.75,data/midi/full/reference/ref__scale_high__t-legato_slur__d-f__p-constant.mid,data/real_48k/r__scale_high__t-legato_slur__d-f__p-constant__v-V1__take02.wav,data/real_raw/r__scale_high__t-legato_slur__d-f__p-constant__v-V1__take02.wav,planned,206
r__repeat_mid__t-sustain__d-p__p-constant__v-V1__take02,real,real_violin,constant,repeat_mid,repeat,mid,sustain,real_counterfactual_primary,36,p,32,32,,V1,P1,2,2,74.0,True,0.75,data/midi/full/reference/ref__repeat_mid__t-sustain__d-p__p-constant.mid,data/real_48k/r__repeat_mid__t-sustain__d-p__p-constant__v-V1__take02.wav,data/real_raw/r__repeat_mid__t-sustain__d-p__p-constant__v-V1__take02.wav,planned,207
r__scale_low__t-staccato__d-f__p-constant__v-V2__take02,real,real_violin,constant,scale_low,scale,low,staccato,real_counterfactual_primary,40,f,96,96,,V2,P1,2,2,,False,0.75,data/midi/full/reference/ref__scale_low__t-staccato__d-f__p-constant.mid,data/real_48k/r__scale_low__t-staccato__d-f__p-constant__v-V2__take02.wav,data/real_raw/r__scale_low__t-staccato__d-f__p-constant__v-V2__take02.wav,planned,208
r__leap_mid__t-pizzicato__d-p__p-constant__v-V2__take01,real,real_violin,constant,leap_mid,leap,mid,pizzicato,real_counterfactual_primary,43,p,32,32,,V2,P1,1,1,,False,0.75,data/midi/full/reference/ref__leap_mid__t-pizzicato__d-p__p-constant.mid,data/real_48k/r__leap_mid__t-pizzicato__d-p__p-constant__v-V2__take01.wav,data/real_raw/r__leap_mid__t-pizzicato__d-p__p-constant__v-V2__take01.wav,planned,209
r__long_low__t-pizzicato__d-f__p-constant__v-V1__take01,real,real_violin,constant,long_low,long,low,pizzicato,real_counterfactual_primary,43,f,96,96,,V1,P1,1,1,57.0,True,0.75,data/midi/full/reference/ref__long_low__t-pizzicato__d-f__p-constant.mid,data/real_48k/r__long_low__t-pizzicato__d-f__p-constant__v-V1__take01.wav,data/real_raw/r__long_low__t-pizzicato__d-f__p-constant__v-V1__take01.wav,planned,210
r__repeat_low__t-pizzicato__d-p__p-constant__v-V2__take02,real,real_violin,constant,repeat_low,repeat,low,pizzicato,real_counterfactual_primary,43,p,32,32,,V2,P1,2,2,62.0,True,0.75,data/midi/full/reference/ref__repeat_low__t-pizzicato__d-p__p-constant.mid,data/real_48k/r__repeat_low__t-pizzicato__d-p__p-constant__v-V2__take02.wav,data/real_raw/r__repeat_low__t-pizzicato__d-p__p-constant__v-V2__take02.wav,planned,211
r__long_mid__t-staccato__d-mf__p-constant__v-V1__take02,real,real_violin,constant,long_mid,long,mid,staccato,real_counterfactual_primary,40,mf,64,64,,V1,P1,2,2,69.0,True,0.75,data/midi/full/reference/ref__long_mid__t-staccato__d-mf__p-constant.mid,data/real_48k/r__long_mid__t-staccato__d-mf__p-constant__v-V1__take02.wav,data/real_raw/r__long_mid__t-staccato__d-mf__p-constant__v-V1__take02.wav,planned,212
r__long_low__t-legato_slur__d-f__p-constant__v-V1__take02,real,real_violin,constant,long_low,long,low,legato_slur,real_counterfactual_primary,49,f,96,96,,V1,P1,2,2,57.0,True,0.75,data/midi/full/reference/ref__long_low__t-legato_slur__d-f__p-constant.mid,data/real_48k/r__long_low__t-legato_slur__d-f__p-constant__v-V1__take02.wav,data/real_raw/r__long_low__t-legato_slur__d-f__p-constant__v-V1__take02.wav,planned,213
r__long_high__t-pizzicato__d-p__p-constant__v-V3__take01,real,real_violin,constant,long_high,long,high,pizzicato,real_counterfactual_primary,43,p,32,32,,V3,P1,1,1,81.0,True,0.75,data/midi/full/reference/ref__long_high__t-pizzicato__d-p__p-constant.mid,data/real_48k/r__long_high__t-pizzicato__d-p__p-constant__v-V3__take01.wav,data/real_raw/r__long_high__t-pizzicato__d-p__p-constant__v-V3__take01.wav,planned,214
r__leap_low__t-pizzicato__d-f__p-constant__v-V1__take01,real,real_violin,constant,leap_low,leap,low,pizzicato,real_counterfactual_primary,43,f,96,96,,V1,P1,1,1,,False,0.75,data/midi/full/reference/ref__leap_low__t-pizzicato__d-f__p-constant.mid,data/real_48k/r__leap_low__t-pizzicato__d-f__p-constant__v-V1__take01.wav,data/real_raw/r__leap_low__t-pizzicato__d-f__p-constant__v-V1__take01.wav,planned,215
r__leap_low__t-legato_slur__d-p__p-constant__v-V1__take01,real,real_violin,constant,leap_low,leap,low,legato_slur,real_counterfactual_primary,49,p,32,32,,V1,P1,1,1,,False,0.75,data/midi/full/reference/ref__leap_low__t-legato_slur__d-p__p-constant.mid,data/real_48k/r__leap_low__t-legato_slur__d-p__p-constant__v-V1__take01.wav,data/real_raw/r__leap_low__t-legato_slur__d-p__p-constant__v-V1__take01.wav,planned,216
r__repeat_high__t-legato_slur__d-f__p-constant__v-V2__take02,real,real_violin,constant,repeat_high,repeat,high,legato_slur,real_counterfactual_primary,49,f,96,96,,V2,P1,2,2,86.0,True,0.75,data/midi/full/reference/ref__repeat_high__t-legato_slur__d-f__p-constant.mid,data/real_48k/r__repeat_high__t-legato_slur__d-f__p-constant__v-V2__take02.wav,data/real_raw/r__repeat_high__t-legato_slur__d-f__p-constant__v-V2__take02.wav,planned,217
r__scale_low__t-sustain__d-f__p-constant__v-V3__take02,real,real_violin,constant,scale_low,scale,low,sustain,real_counterfactual_primary,36,f,96,96,,V3,P1,2,2,,False,0.75,data/midi/full/reference/ref__scale_low__t-sustain__d-f__p-constant.mid,data/real_48k/r__scale_low__t-sustain__d-f__p-constant__v-V3__take02.wav,data/real_raw/r__scale_low__t-sustain__d-f__p-constant__v-V3__take02.wav,planned,218
r__repeat_high__t-legato_slur__d-p__p-constant__v-V1__take02,real,real_violin,constant,repeat_high,repeat,high,legato_slur,real_counterfactual_primary,49,p,32,32,,V1,P1,2,2,86.0,True,0.75,data/midi/full/reference/ref__repeat_high__t-legato_slur__d-p__p-constant.mid,data/real_48k/r__repeat_high__t-legato_slur__d-p__p-constant__v-V1__take02.wav,data/real_raw/r__repeat_high__t-legato_slur__d-p__p-constant__v-V1__take02.wav,planned,219
r__repeat_mid__t-staccato__d-mf__p-constant__v-V3__take01,real,real_violin,constant,repeat_mid,repeat,mid,staccato,real_counterfactual_primary,40,mf,64,64,,V3,P1,1,1,74.0,True,0.75,data/midi/full/reference/ref__repeat_mid__t-staccato__d-mf__p-constant.mid,data/real_48k/r__repeat_mid__t-staccato__d-mf__p-constant__v-V3__take01.wav,data/real_raw/r__repeat_mid__t-staccato__d-mf__p-constant__v-V3__take01.wav,planned,220
r__leap_low__t-staccato__d-mf__p-constant__v-V3__take01,real,real_violin,constant,leap_low,leap,low,staccato,real_counterfactual_primary,40,mf,64,64,,V3,P1,1,1,,False,0.75,data/midi/full/reference/ref__leap_low__t-staccato__d-mf__p-constant.mid,data/real_48k/r__leap_low__t-staccato__d-mf__p-constant__v-V3__take01.wav,data/real_raw/r__leap_low__t-staccato__d-mf__p-constant__v-V3__take01.wav,planned,221
r__long_high__t-pizzicato__d-mf__p-constant__v-V1__take01,real,real_violin,constant,long_high,long,high,pizzicato,real_counterfactual_primary,43,mf,64,64,,V1,P1,1,1,81.0,True,0.75,data/midi/full/reference/ref__long_high__t-pizzicato__d-mf__p-constant.mid,data/real_48k/r__long_high__t-pizzicato__d-mf__p-constant__v-V1__take01.wav,data/real_raw/r__long_high__t-pizzicato__d-mf__p-constant__v-V1__take01.wav,planned,222
r__repeat_low__t-legato_slur__d-f__p-constant__v-V2__take01,real,real_violin,constant,repeat_low,repeat,low,legato_slur,real_counterfactual_primary,49,f,96,96,,V2,P1,1,1,62.0,True,0.75,data/midi/full/reference/ref__repeat_low__t-legato_slur__d-f__p-constant.mid,data/real_48k/r__repeat_low__t-legato_slur__d-f__p-constant__v-V2__take01.wav,data/real_raw/r__repeat_low__t-legato_slur__d-f__p-constant__v-V2__take01.wav,planned,223
r__scale_low__t-pizzicato__d-mf__p-constant__v-V2__take01,real,real_violin,constant,scale_low,scale,low,pizzicato,real_counterfactual_primary,43,mf,64,64,,V2,P1,1,1,,False,0.75,data/midi/full/reference/ref__scale_low__t-pizzicato__d-mf__p-constant.mid,data/real_48k/r__scale_low__t-pizzicato__d-mf__p-constant__v-V2__take01.wav,data/real_raw/r__scale_low__t-pizzicato__d-mf__p-constant__v-V2__take01.wav,planned,224
r__repeat_high__t-pizzicato__d-p__p-constant__v-V1__take01,real,real_violin,constant,repeat_high,repeat,high,pizzicato,real_counterfactual_primary,43,p,32,32,,V1,P1,1,1,86.0,True,0.75,data/midi/full/reference/ref__repeat_high__t-pizzicato__d-p__p-constant.mid,data/real_48k/r__repeat_high__t-pizzicato__d-p__p-constant__v-V1__take01.wav,data/real_raw/r__repeat_high__t-pizzicato__d-p__p-constant__v-V1__take01.wav,planned,225
r__long_mid__t-legato_slur__d-mf__p-constant__v-V2__take01,real,real_violin,constant,long_mid,long,mid,legato_slur,real_counterfactual_primary,49,mf,64,64,,V2,P1,1,1,69.0,True,0.75,data/midi/full/reference/ref__long_mid__t-legato_slur__d-mf__p-constant.mid,data/real_48k/r__long_mid__t-legato_slur__d-mf__p-constant__v-V2__take01.wav,data/real_raw/r__long_mid__t-legato_slur__d-mf__p-constant__v-V2__take01.wav,planned,226
r__repeat_low__t-staccato__d-p__p-constant__v-V3__take01,real,real_violin,constant,repeat_low,repeat,low,staccato,real_counterfactual_primary,40,p,32,32,,V3,P1,1,1,62.0,True,0.75,data/midi/full/reference/ref__repeat_low__t-staccato__d-p__p-constant.mid,data/real_48k/r__repeat_low__t-staccato__d-p__p-constant__v-V3__take01.wav,data/real_raw/r__repeat_low__t-staccato__d-p__p-constant__v-V3__take01.wav,planned,227
r__scale_high__t-legato_slur__d-mf__p-constant__v-V3__take01,real,real_violin,constant,scale_high,scale,high,legato_slur,real_counterfactual_primary,49,mf,64,64,,V3,P1,1,1,,False,0.75,data/midi/full/reference/ref__scale_high__t-legato_slur__d-mf__p-constant.mid,data/real_48k/r__scale_high__t-legato_slur__d-mf__p-constant__v-V3__take01.wav,data/real_raw/r__scale_high__t-legato_slur__d-mf__p-constant__v-V3__take01.wav,planned,228
r__repeat_mid__t-legato_slur__d-f__p-constant__v-V3__take02,real,real_violin,constant,repeat_mid,repeat,mid,legato_slur,real_counterfactual_primary,49,f,96,96,,V3,P1,2,2,74.0,True,0.75,data/midi/full/reference/ref__repeat_mid__t-legato_slur__d-f__p-constant.mid,data/real_48k/r__repeat_mid__t-legato_slur__d-f__p-constant__v-V3__take02.wav,data/real_raw/r__repeat_mid__t-legato_slur__d-f__p-constant__v-V3__take02.wav,planned,229
r__scale_mid__t-sustain__d-p__p-constant__v-V3__take02,real,real_violin,constant,scale_mid,scale,mid,sustain,real_counterfactual_primary,36,p,32,32,,V3,P1,2,2,,False,0.75,data/midi/full/reference/ref__scale_mid__t-sustain__d-p__p-constant.mid,data/real_48k/r__scale_mid__t-sustain__d-p__p-constant__v-V3__take02.wav,data/real_raw/r__scale_mid__t-sustain__d-p__p-constant__v-V3__take02.wav,planned,230
r__leap_high__t-staccato__d-mf__p-constant__v-V3__take02,real,real_violin,constant,leap_high,leap,high,staccato,real_counterfactual_primary,40,mf,64,64,,V3,P1,2,2,,False,0.75,data/midi/full/reference/ref__leap_high__t-staccato__d-mf__p-constant.mid,data/real_48k/r__leap_high__t-staccato__d-mf__p-constant__v-V3__take02.wav,data/real_raw/r__leap_high__t-staccato__d-mf__p-constant__v-V3__take02.wav,planned,231
r__long_low__t-legato_slur__d-f__p-constant__v-V2__take02,real,real_violin,constant,long_low,long,low,legato_slur,real_counterfactual_primary,49,f,96,96,,V2,P1,2,2,57.0,True,0.75,data/midi/full/reference/ref__long_low__t-legato_slur__d-f__p-constant.mid,data/real_48k/r__long_low__t-legato_slur__d-f__p-constant__v-V2__take02.wav,data/real_raw/r__long_low__t-legato_slur__d-f__p-constant__v-V2__take02.wav,planned,232
r__leap_mid__t-pizzicato__d-f__p-constant__v-V1__take02,real,real_violin,constant,leap_mid,leap,mid,pizzicato,real_counterfactual_primary,43,f,96,96,,V1,P1,2,2,,False,0.75,data/midi/full/reference/ref__leap_mid__t-pizzicato__d-f__p-constant.mid,data/real_48k/r__leap_mid__t-pizzicato__d-f__p-constant__v-V1__take02.wav,data/real_raw/r__leap_mid__t-pizzicato__d-f__p-constant__v-V1__take02.wav,planned,233
r__repeat_mid__t-sustain__d-mf__p-constant__v-V3__take02,real,real_violin,constant,repeat_mid,repeat,mid,sustain,real_counterfactual_primary,36,mf,64,64,,V3,P1,2,2,74.0,True,0.75,data/midi/full/reference/ref__repeat_mid__t-sustain__d-mf__p-constant.mid,data/real_48k/r__repeat_mid__t-sustain__d-mf__p-constant__v-V3__take02.wav,data/real_raw/r__repeat_mid__t-sustain__d-mf__p-constant__v-V3__take02.wav,planned,234
r__leap_mid__t-pizzicato__d-mf__p-constant__v-V3__take01,real,real_violin,constant,leap_mid,leap,mid,pizzicato,real_counterfactual_primary,43,mf,64,64,,V3,P1,1,1,,False,0.75,data/midi/full/reference/ref__leap_mid__t-pizzicato__d-mf__p-constant.mid,data/real_48k/r__leap_mid__t-pizzicato__d-mf__p-constant__v-V3__take01.wav,data/real_raw/r__leap_mid__t-pizzicato__d-mf__p-constant__v-V3__take01.wav,planned,235
r__scale_mid__t-legato_slur__d-f__p-constant__v-V1__take02,real,real_violin,constant,scale_mid,scale,mid,legato_slur,real_counterfactual_primary,49,f,96,96,,V1,P1,2,2,,False,0.75,data/midi/full/reference/ref__scale_mid__t-legato_slur__d-f__p-constant.mid,data/real_48k/r__scale_mid__t-legato_slur__d-f__p-constant__v-V1__take02.wav,data/real_raw/r__scale_mid__t-legato_slur__d-f__p-constant__v-V1__take02.wav,planned,236
r__long_low__t-pizzicato__d-f__p-constant__v-V3__take02,real,real_violin,constant,long_low,long,low,pizzicato,real_counterfactual_primary,43,f,96,96,,V3,P1,2,2,57.0,True,0.75,data/midi/full/reference/ref__long_low__t-pizzicato__d-f__p-constant.mid,data/real_48k/r__long_low__t-pizzicato__d-f__p-constant__v-V3__take02.wav,data/real_raw/r__long_low__t-pizzicato__d-f__p-constant__v-V3__take02.wav,planned,237
r__repeat_mid__t-staccato__d-f__p-constant__v-V3__take02,real,real_violin,constant,repeat_mid,repeat,mid,staccato,real_counterfactual_primary,40,f,96,96,,V3,P1,2,2,74.0,True,0.75,data/midi/full/reference/ref__repeat_mid__t-staccato__d-f__p-constant.mid,data/real_48k/r__repeat_mid__t-staccato__d-f__p-constant__v-V3__take02.wav,data/real_raw/r__repeat_mid__t-staccato__d-f__p-constant__v-V3__take02.wav,planned,238
r__long_low__t-legato_slur__d-p__p-constant__v-V1__take02,real,real_violin,constant,long_low,long,low,legato_slur,real_counterfactual_primary,49,p,32,32,,V1,P1,2,2,57.0,True,0.75,data/midi/full/reference/ref__long_low__t-legato_slur__d-p__p-constant.mid,data/real_48k/r__long_low__t-legato_slur__d-p__p-constant__v-V1__take02.wav,data/real_raw/r__long_low__t-legato_slur__d-p__p-constant__v-V1__take02.wav,planned,239
r__long_mid__t-sustain__d-f__p-constant__v-V1__take01,real,real_violin,constant,long_mid,long,mid,sustain,real_counterfactual_primary,36,f,96,96,,V1,P1,1,1,69.0,True,0.75,data/midi/full/reference/ref__long_mid__t-sustain__d-f__p-constant.mid,data/real_48k/r__long_mid__t-sustain__d-f__p-constant__v-V1__take01.wav,data/real_raw/r__long_mid__t-sustain__d-f__p-constant__v-V1__take01.wav,planned,240
r__leap_low__t-legato_slur__d-f__p-constant__v-V1__take02,real,real_violin,constant,leap_low,leap,low,legato_slur,real_counterfactual_primary,49,f,96,96,,V1,P1,2,2,,False,0.75,data/midi/full/reference/ref__leap_low__t-legato_slur__d-f__p-constant.mid,data/real_48k/r__leap_low__t-legato_slur__d-f__p-constant__v-V1__take02.wav,data/real_raw/r__leap_low__t-legato_slur__d-f__p-constant__v-V1__take02.wav,planned,241
r__long_low__t-sustain__d-mf__p-constant__v-V3__take01,real,real_violin,constant,long_low,long,low,sustain,real_counterfactual_primary,36,mf,64,64,,V3,P1,1,1,57.0,True,0.75,data/midi/full/reference/ref__long_low__t-sustain__d-mf__p-constant.mid,data/real_48k/r__long_low__t-sustain__d-mf__p-constant__v-V3__take01.wav,data/real_raw/r__long_low__t-sustain__d-mf__p-constant__v-V3__take01.wav,planned,242
r__repeat_low__t-sustain__d-mf__p-constant__v-V2__take02,real,real_violin,constant,repeat_low,repeat,low,sustain,real_counterfactual_primary,36,mf,64,64,,V2,P1,2,2,62.0,True,0.75,data/midi/full/reference/ref__repeat_low__t-sustain__d-mf__p-constant.mid,data/real_48k/r__repeat_low__t-sustain__d-mf__p-constant__v-V2__take02.wav,data/real_raw/r__repeat_low__t-sustain__d-mf__p-constant__v-V2__take02.wav,planned,243
r__leap_high__t-sustain__d-f__p-constant__v-V2__take01,real,real_violin,constant,leap_high,leap,high,sustain,real_counterfactual_primary,36,f,96,96,,V2,P1,1,1,,False,0.75,data/midi/full/reference/ref__leap_high__t-sustain__d-f__p-constant.mid,data/real_48k/r__leap_high__t-sustain__d-f__p-constant__v-V2__take01.wav,data/real_raw/r__leap_high__t-sustain__d-f__p-constant__v-V2__take01.wav,planned,244
r__long_mid__t-staccato__d-p__p-constant__v-V2__take02,real,real_violin,constant,long_mid,long,mid,staccato,real_counterfactual_primary,40,p,32,32,,V2,P1,2,2,69.0,True,0.75,data/midi/full/reference/ref__long_mid__t-staccato__d-p__p-constant.mid,data/real_48k/r__long_mid__t-staccato__d-p__p-constant__v-V2__take02.wav,data/real_raw/r__long_mid__t-staccato__d-p__p-constant__v-V2__take02.wav,planned,245
r__long_low__t-legato_slur__d-mf__p-constant__v-V3__take01,real,real_violin,constant,long_low,long,low,legato_slur,real_counterfactual_primary,49,mf,64,64,,V3,P1,1,1,57.0,True,0.75,data/midi/full/reference/ref__long_low__t-legato_slur__d-mf__p-constant.mid,data/real_48k/r__long_low__t-legato_slur__d-mf__p-constant__v-V3__take01.wav,data/real_raw/r__long_low__t-legato_slur__d-mf__p-constant__v-V3__take01.wav,planned,246
r__leap_low__t-pizzicato__d-f__p-constant__v-V2__take01,real,real_violin,constant,leap_low,leap,low,pizzicato,real_counterfactual_primary,43,f,96,96,,V2,P1,1,1,,False,0.75,data/midi/full/reference/ref__leap_low__t-pizzicato__d-f__p-constant.mid,data/real_48k/r__leap_low__t-pizzicato__d-f__p-constant__v-V2__take01.wav,data/real_raw/r__leap_low__t-pizzicato__d-f__p-constant__v-V2__take01.wav,planned,247
r__scale_low__t-sustain__d-p__p-constant__v-V3__take01,real,real_violin,constant,scale_low,scale,low,sustain,real_counterfactual_primary,36,p,32,32,,V3,P1,1,1,,False,0.75,data/midi/full/reference/ref__scale_low__t-sustain__d-p__p-constant.mid,data/real_48k/r__scale_low__t-sustain__d-p__p-constant__v-V3__take01.wav,data/real_raw/r__scale_low__t-sustain__d-p__p-constant__v-V3__take01.wav,planned,248
r__leap_high__t-legato_slur__d-mf__p-constant__v-V1__take02,real,real_violin,constant,leap_high,leap,high,legato_slur,real_counterfactual_primary,49,mf,64,64,,V1,P1,2,2,,False,0.75,data/midi/full/reference/ref__leap_high__t-legato_slur__d-mf__p-constant.mid,data/real_48k/r__leap_high__t-legato_slur__d-mf__p-constant__v-V1__take02.wav,data/real_raw/r__leap_high__t-legato_slur__d-mf__p-constant__v-V1__take02.wav,planned,249
r__long_low__t-pizzicato__d-f__p-constant__v-V3__take01,real,real_violin,constant,long_low,long,low,pizzicato,real_counterfactual_primary,43,f,96,96,,V3,P1,1,1,57.0,True,0.75,data/midi/full/reference/ref__long_low__t-pizzicato__d-f__p-constant.mid,data/real_48k/r__long_low__t-pizzicato__d-f__p-constant__v-V3__take01.wav,data/real_raw/r__long_low__t-pizzicato__d-f__p-constant__v-V3__take01.wav,planned,250
r__repeat_high__t-legato_slur__d-p__p-constant__v-V2__take01,real,real_violin,constant,repeat_high,repeat,high,legato_slur,real_counterfactual_primary,49,p,32,32,,V2,P1,1,1,86.0,True,0.75,data/midi/full/reference/ref__repeat_high__t-legato_slur__d-p__p-constant.mid,data/real_48k/r__repeat_high__t-legato_slur__d-p__p-constant__v-V2__take01.wav,data/real_raw/r__repeat_high__t-legato_slur__d-p__p-constant__v-V2__take01.wav,planned,251
r__repeat_high__t-legato_slur__d-p__p-constant__v-V2__take02,real,real_violin,constant,repeat_high,repeat,high,legato_slur,real_counterfactual_primary,49,p,32,32,,V2,P1,2,2,86.0,True,0.75,data/midi/full/reference/ref__repeat_high__t-legato_slur__d-p__p-constant.mid,data/real_48k/r__repeat_high__t-legato_slur__d-p__p-constant__v-V2__take02.wav,data/real_raw/r__repeat_high__t-legato_slur__d-p__p-constant__v-V2__take02.wav,planned,252
r__leap_mid__t-legato_slur__d-p__p-constant__v-V1__take02,real,real_violin,constant,leap_mid,leap,mid,legato_slur,real_counterfactual_primary,49,p,32,32,,V1,P1,2,2,,False,0.75,data/midi/full/reference/ref__leap_mid__t-legato_slur__d-p__p-constant.mid,data/real_48k/r__leap_mid__t-legato_slur__d-p__p-constant__v-V1__take02.wav,data/real_raw/r__leap_mid__t-legato_slur__d-p__p-constant__v-V1__take02.wav,planned,253
r__long_mid__t-sustain__d-p__p-constant__v-V3__take01,real,real_violin,constant,long_mid,long,mid,sustain,real_counterfactual_primary,36,p,32,32,,V3,P1,1,1,69.0,True,0.75,data/midi/full/reference/ref__long_mid__t-sustain__d-p__p-constant.mid,data/real_48k/r__long_mid__t-sustain__d-p__p-constant__v-V3__take01.wav,data/real_raw/r__long_mid__t-sustain__d-p__p-constant__v-V3__take01.wav,planned,254
r__leap_mid__t-legato_slur__d-mf__p-constant__v-V1__take02,real,real_violin,constant,leap_mid,leap,mid,legato_slur,real_counterfactual_primary,49,mf,64,64,,V1,P1,2,2,,False,0.75,data/midi/full/reference/ref__leap_mid__t-legato_slur__d-mf__p-constant.mid,data/real_48k/r__leap_mid__t-legato_slur__d-mf__p-constant__v-V1__take02.wav,data/real_raw/r__leap_mid__t-legato_slur__d-mf__p-constant__v-V1__take02.wav,planned,255
r__long_low__t-sustain__d-f__p-constant__v-V1__take01,real,real_violin,constant,long_low,long,low,sustain,real_counterfactual_primary,36,f,96,96,,V1,P1,1,1,57.0,True,0.75,data/midi/full/reference/ref__long_low__t-sustain__d-f__p-constant.mid,data/real_48k/r__long_low__t-sustain__d-f__p-constant__v-V1__take01.wav,data/real_raw/r__long_low__t-sustain__d-f__p-constant__v-V1__take01.wav,planned,256
r__repeat_low__t-staccato__d-p__p-constant__v-V1__take02,real,real_violin,constant,repeat_low,repeat,low,staccato,real_counterfactual_primary,40,p,32,32,,V1,P1,2,2,62.0,True,0.75,data/midi/full/reference/ref__repeat_low__t-staccato__d-p__p-constant.mid,data/real_48k/r__repeat_low__t-staccato__d-p__p-constant__v-V1__take02.wav,data/real_raw/r__repeat_low__t-staccato__d-p__p-constant__v-V1__take02.wav,planned,257
r__scale_mid__t-sustain__d-p__p-constant__v-V2__take02,real,real_violin,constant,scale_mid,scale,mid,sustain,real_counterfactual_primary,36,p,32,32,,V2,P1,2,2,,False,0.75,data/midi/full/reference/ref__scale_mid__t-sustain__d-p__p-constant.mid,data/real_48k/r__scale_mid__t-sustain__d-p__p-constant__v-V2__take02.wav,data/real_raw/r__scale_mid__t-sustain__d-p__p-constant__v-V2__take02.wav,planned,258
r__scale_high__t-staccato__d-f__p-constant__v-V2__take02,real,real_violin,constant,scale_high,scale,high,staccato,real_counterfactual_primary,40,f,96,96,,V2,P1,2,2,,False,0.75,data/midi/full/reference/ref__scale_high__t-staccato__d-f__p-constant.mid,data/real_48k/r__scale_high__t-staccato__d-f__p-constant__v-V2__take02.wav,data/real_raw/r__scale_high__t-staccato__d-f__p-constant__v-V2__take02.wav,planned,259
r__long_high__t-sustain__d-mf__p-constant__v-V1__take01,real,real_violin,constant,long_high,long,high,sustain,real_counterfactual_primary,36,mf,64,64,,V1,P1,1,1,81.0,True,0.75,data/midi/full/reference/ref__long_high__t-sustain__d-mf__p-constant.mid,data/real_48k/r__long_high__t-sustain__d-mf__p-constant__v-V1__take01.wav,data/real_raw/r__long_high__t-sustain__d-mf__p-constant__v-V1__take01.wav,planned,260
r__leap_mid__t-pizzicato__d-p__p-constant__v-V3__take02,real,real_violin,constant,leap_mid,leap,mid,pizzicato,real_counterfactual_primary,43,p,32,32,,V3,P1,2,2,,False,0.75,data/midi/full/reference/ref__leap_mid__t-pizzicato__d-p__p-constant.mid,data/real_48k/r__leap_mid__t-pizzicato__d-p__p-constant__v-V3__take02.wav,data/real_raw/r__leap_mid__t-pizzicato__d-p__p-constant__v-V3__take02.wav,planned,261
r__long_low__t-staccato__d-f__p-constant__v-V3__take01,real,real_violin,constant,long_low,long,low,staccato,real_counterfactual_primary,40,f,96,96,,V3,P1,1,1,57.0,True,0.75,data/midi/full/reference/ref__long_low__t-staccato__d-f__p-constant.mid,data/real_48k/r__long_low__t-staccato__d-f__p-constant__v-V3__take01.wav,data/real_raw/r__long_low__t-staccato__d-f__p-constant__v-V3__take01.wav,planned,262
r__leap_mid__t-sustain__d-f__p-constant__v-V2__take01,real,real_violin,constant,leap_mid,leap,mid,sustain,real_counterfactual_primary,36,f,96,96,,V2,P1,1,1,,False,0.75,data/midi/full/reference/ref__leap_mid__t-sustain__d-f__p-constant.mid,data/real_48k/r__leap_mid__t-sustain__d-f__p-constant__v-V2__take01.wav,data/real_raw/r__leap_mid__t-sustain__d-f__p-constant__v-V2__take01.wav,planned,263
r__long_mid__t-legato_slur__d-p__p-constant__v-V1__take01,real,real_violin,constant,long_mid,long,mid,legato_slur,real_counterfactual_primary,49,p,32,32,,V1,P1,1,1,69.0,True,0.75,data/midi/full/reference/ref__long_mid__t-legato_slur__d-p__p-constant.mid,data/real_48k/r__long_mid__t-legato_slur__d-p__p-constant__v-V1__take01.wav,data/real_raw/r__long_mid__t-legato_slur__d-p__p-constant__v-V1__take01.wav,planned,264
r__long_high__t-staccato__d-mf__p-constant__v-V2__take02,real,real_violin,constant,long_high,long,high,staccato,real_counterfactual_primary,40,mf,64,64,,V2,P1,2,2,81.0,True,0.75,data/midi/full/reference/ref__long_high__t-staccato__d-mf__p-constant.mid,data/real_48k/r__long_high__t-staccato__d-mf__p-constant__v-V2__take02.wav,data/real_raw/r__long_high__t-staccato__d-mf__p-constant__v-V2__take02.wav,planned,265
r__leap_mid__t-pizzicato__d-mf__p-constant__v-V2__take02,real,real_violin,constant,leap_mid,leap,mid,pizzicato,real_counterfactual_primary,43,mf,64,64,,V2,P1,2,2,,False,0.75,data/midi/full/reference/ref__leap_mid__t-pizzicato__d-mf__p-constant.mid,data/real_48k/r__leap_mid__t-pizzicato__d-mf__p-constant__v-V2__take02.wav,data/real_raw/r__leap_mid__t-pizzicato__d-mf__p-constant__v-V2__take02.wav,planned,266
r__long_mid__t-staccato__d-mf__p-constant__v-V1__take01,real,real_violin,constant,long_mid,long,mid,staccato,real_counterfactual_primary,40,mf,64,64,,V1,P1,1,1,69.0,True,0.75,data/midi/full/reference/ref__long_mid__t-staccato__d-mf__p-constant.mid,data/real_48k/r__long_mid__t-staccato__d-mf__p-constant__v-V1__take01.wav,data/real_raw/r__long_mid__t-staccato__d-mf__p-constant__v-V1__take01.wav,planned,267
r__leap_high__t-staccato__d-mf__p-constant__v-V2__take01,real,real_violin,constant,leap_high,leap,high,staccato,real_counterfactual_primary,40,mf,64,64,,V2,P1,1,1,,False,0.75,data/midi/full/reference/ref__leap_high__t-staccato__d-mf__p-constant.mid,data/real_48k/r__leap_high__t-staccato__d-mf__p-constant__v-V2__take01.wav,data/real_raw/r__leap_high__t-staccato__d-mf__p-constant__v-V2__take01.wav,planned,268
r__leap_mid__t-legato_slur__d-p__p-constant__v-V3__take01,real,real_violin,constant,leap_mid,leap,mid,legato_slur,real_counterfactual_primary,49,p,32,32,,V3,P1,1,1,,False,0.75,data/midi/full/reference/ref__leap_mid__t-legato_slur__d-p__p-constant.mid,data/real_48k/r__leap_mid__t-legato_slur__d-p__p-constant__v-V3__take01.wav,data/real_raw/r__leap_mid__t-legato_slur__d-p__p-constant__v-V3__take01.wav,planned,269
r__long_mid__t-staccato__d-f__p-constant__v-V1__take02,real,real_violin,constant,long_mid,long,mid,staccato,real_counterfactual_primary,40,f,96,96,,V1,P1,2,2,69.0,True,0.75,data/midi/full/reference/ref__long_mid__t-staccato__d-f__p-constant.mid,data/real_48k/r__long_mid__t-staccato__d-f__p-constant__v-V1__take02.wav,data/real_raw/r__long_mid__t-staccato__d-f__p-constant__v-V1__take02.wav,planned,270
r__long_high__t-sustain__d-p__p-constant__v-V2__take02,real,real_violin,constant,long_high,long,high,sustain,real_counterfactual_primary,36,p,32,32,,V2,P1,2,2,81.0,True,0.75,data/midi/full/reference/ref__long_high__t-sustain__d-p__p-constant.mid,data/real_48k/r__long_high__t-sustain__d-p__p-constant__v-V2__take02.wav,data/real_raw/r__long_high__t-sustain__d-p__p-constant__v-V2__take02.wav,planned,271
r__repeat_low__t-pizzicato__d-p__p-constant__v-V1__take01,real,real_violin,constant,repeat_low,repeat,low,pizzicato,real_counterfactual_primary,43,p,32,32,,V1,P1,1,1,62.0,True,0.75,data/midi/full/reference/ref__repeat_low__t-pizzicato__d-p__p-constant.mid,data/real_48k/r__repeat_low__t-pizzicato__d-p__p-constant__v-V1__take01.wav,data/real_raw/r__repeat_low__t-pizzicato__d-p__p-constant__v-V1__take01.wav,planned,272
r__leap_mid__t-legato_slur__d-f__p-constant__v-V1__take02,real,real_violin,constant,leap_mid,leap,mid,legato_slur,real_counterfactual_primary,49,f,96,96,,V1,P1,2,2,,False,0.75,data/midi/full/reference/ref__leap_mid__t-legato_slur__d-f__p-constant.mid,data/real_48k/r__leap_mid__t-legato_slur__d-f__p-constant__v-V1__take02.wav,data/real_raw/r__leap_mid__t-legato_slur__d-f__p-constant__v-V1__take02.wav,planned,273
r__long_mid__t-legato_slur__d-mf__p-constant__v-V3__take02,real,real_violin,constant,long_mid,long,mid,legato_slur,real_counterfactual_primary,49,mf,64,64,,V3,P1,2,2,69.0,True,0.75,data/midi/full/reference/ref__long_mid__t-legato_slur__d-mf__p-constant.mid,data/real_48k/r__long_mid__t-legato_slur__d-mf__p-constant__v-V3__take02.wav,data/real_raw/r__long_mid__t-legato_slur__d-mf__p-constant__v-V3__take02.wav,planned,274
r__long_mid__t-sustain__d-mf__p-constant__v-V1__take01,real,real_violin,constant,long_mid,long,mid,sustain,real_counterfactual_primary,36,mf,64,64,,V1,P1,1,1,69.0,True,0.75,data/midi/full/reference/ref__long_mid__t-sustain__d-mf__p-constant.mid,data/real_48k/r__long_mid__t-sustain__d-mf__p-constant__v-V1__take01.wav,data/real_raw/r__long_mid__t-sustain__d-mf__p-constant__v-V1__take01.wav,planned,275
r__repeat_low__t-legato_slur__d-p__p-constant__v-V2__take01,real,real_violin,constant,repeat_low,repeat,low,legato_slur,real_counterfactual_primary,49,p,32,32,,V2,P1,1,1,62.0,True,0.75,data/midi/full/reference/ref__repeat_low__t-legato_slur__d-p__p-constant.mid,data/real_48k/r__repeat_low__t-legato_slur__d-p__p-constant__v-V2__take01.wav,data/real_raw/r__repeat_low__t-legato_slur__d-p__p-constant__v-V2__take01.wav,planned,276
r__long_mid__t-staccato__d-f__p-constant__v-V1__take01,real,real_violin,constant,long_mid,long,mid,staccato,real_counterfactual_primary,40,f,96,96,,V1,P1,1,1,69.0,True,0.75,data/midi/full/reference/ref__long_mid__t-staccato__d-f__p-constant.mid,data/real_48k/r__long_mid__t-staccato__d-f__p-constant__v-V1__take01.wav,data/real_raw/r__long_mid__t-staccato__d-f__p-constant__v-V1__take01.wav,planned,277
r__leap_high__t-legato_slur__d-f__p-constant__v-V2__take02,real,real_violin,constant,leap_high,leap,high,legato_slur,real_counterfactual_primary,49,f,96,96,,V2,P1,2,2,,False,0.75,data/midi/full/reference/ref__leap_high__t-legato_slur__d-f__p-constant.mid,data/real_48k/r__leap_high__t-legato_slur__d-f__p-constant__v-V2__take02.wav,data/real_raw/r__leap_high__t-legato_slur__d-f__p-constant__v-V2__take02.wav,planned,278
r__long_mid__t-legato_slur__d-f__p-constant__v-V2__take02,real,real_violin,constant,long_mid,long,mid,legato_slur,real_counterfactual_primary,49,f,96,96,,V2,P1,2,2,69.0,True,0.75,data/midi/full/reference/ref__long_mid__t-legato_slur__d-f__p-constant.mid,data/real_48k/r__long_mid__t-legato_slur__d-f__p-constant__v-V2__take02.wav,data/real_raw/r__long_mid__t-legato_slur__d-f__p-constant__v-V2__take02.wav,planned,279
r__scale_low__t-pizzicato__d-p__p-constant__v-V2__take02,real,real_violin,constant,scale_low,scale,low,pizzicato,real_counterfactual_primary,43,p,32,32,,V2,P1,2,2,,False,0.75,data/midi/full/reference/ref__scale_low__t-pizzicato__d-p__p-constant.mid,data/real_48k/r__scale_low__t-pizzicato__d-p__p-constant__v-V2__take02.wav,data/real_raw/r__scale_low__t-pizzicato__d-p__p-constant__v-V2__take02.wav,planned,280
r__repeat_low__t-pizzicato__d-mf__p-constant__v-V3__take01,real,real_violin,constant,repeat_low,repeat,low,pizzicato,real_counterfactual_primary,43,mf,64,64,,V3,P1,1,1,62.0,True,0.75,data/midi/full/reference/ref__repeat_low__t-pizzicato__d-mf__p-constant.mid,data/real_48k/r__repeat_low__t-pizzicato__d-mf__p-constant__v-V3__take01.wav,data/real_raw/r__repeat_low__t-pizzicato__d-mf__p-constant__v-V3__take01.wav,planned,281
r__leap_mid__t-sustain__d-mf__p-constant__v-V2__take02,real,real_violin,constant,leap_mid,leap,mid,sustain,real_counterfactual_primary,36,mf,64,64,,V2,P1,2,2,,False,0.75,data/midi/full/reference/ref__leap_mid__t-sustain__d-mf__p-constant.mid,data/real_48k/r__leap_mid__t-sustain__d-mf__p-constant__v-V2__take02.wav,data/real_raw/r__leap_mid__t-sustain__d-mf__p-constant__v-V2__take02.wav,planned,282
r__long_low__t-staccato__d-f__p-constant__v-V1__take02,real,real_violin,constant,long_low,long,low,staccato,real_counterfactual_primary,40,f,96,96,,V1,P1,2,2,57.0,True,0.75,data/midi/full/reference/ref__long_low__t-staccato__d-f__p-constant.mid,data/real_48k/r__long_low__t-staccato__d-f__p-constant__v-V1__take02.wav,data/real_raw/r__long_low__t-staccato__d-f__p-constant__v-V1__take02.wav,planned,283
r__scale_low__t-legato_slur__d-mf__p-constant__v-V1__take02,real,real_violin,constant,scale_low,scale,low,legato_slur,real_counterfactual_primary,49,mf,64,64,,V1,P1,2,2,,False,0.75,data/midi/full/reference/ref__scale_low__t-legato_slur__d-mf__p-constant.mid,data/real_48k/r__scale_low__t-legato_slur__d-mf__p-constant__v-V1__take02.wav,data/real_raw/r__scale_low__t-legato_slur__d-mf__p-constant__v-V1__take02.wav,planned,284
r__long_low__t-sustain__d-f__p-constant__v-V1__take02,real,real_violin,constant,long_low,long,low,sustain,real_counterfactual_primary,36,f,96,96,,V1,P1,2,2,57.0,True,0.75,data/midi/full/reference/ref__long_low__t-sustain__d-f__p-constant.mid,data/real_48k/r__long_low__t-sustain__d-f__p-constant__v-V1__take02.wav,data/real_raw/r__long_low__t-sustain__d-f__p-constant__v-V1__take02.wav,planned,285
r__repeat_high__t-sustain__d-f__p-constant__v-V1__take01,real,real_violin,constant,repeat_high,repeat,high,sustain,real_counterfactual_primary,36,f,96,96,,V1,P1,1,1,86.0,True,0.75,data/midi/full/reference/ref__repeat_high__t-sustain__d-f__p-constant.mid,data/real_48k/r__repeat_high__t-sustain__d-f__p-constant__v-V1__take01.wav,data/real_raw/r__repeat_high__t-sustain__d-f__p-constant__v-V1__take01.wav,planned,286
r__scale_mid__t-staccato__d-f__p-constant__v-V3__take01,real,real_violin,constant,scale_mid,scale,mid,staccato,real_counterfactual_primary,40,f,96,96,,V3,P1,1,1,,False,0.75,data/midi/full/reference/ref__scale_mid__t-staccato__d-f__p-constant.mid,data/real_48k/r__scale_mid__t-staccato__d-f__p-constant__v-V3__take01.wav,data/real_raw/r__scale_mid__t-staccato__d-f__p-constant__v-V3__take01.wav,planned,287
r__scale_mid__t-pizzicato__d-p__p-constant__v-V2__take01,real,real_violin,constant,scale_mid,scale,mid,pizzicato,real_counterfactual_primary,43,p,32,32,,V2,P1,1,1,,False,0.75,data/midi/full/reference/ref__scale_mid__t-pizzicato__d-p__p-constant.mid,data/real_48k/r__scale_mid__t-pizzicato__d-p__p-constant__v-V2__take01.wav,data/real_raw/r__scale_mid__t-pizzicato__d-p__p-constant__v-V2__take01.wav,planned,288
r__repeat_low__t-sustain__d-p__p-constant__v-V1__take02,real,real_violin,constant,repeat_low,repeat,low,sustain,real_counterfactual_primary,36,p,32,32,,V1,P1,2,2,62.0,True,0.75,data/midi/full/reference/ref__repeat_low__t-sustain__d-p__p-constant.mid,data/real_48k/r__repeat_low__t-sustain__d-p__p-constant__v-V1__take02.wav,data/real_raw/r__repeat_low__t-sustain__d-p__p-constant__v-V1__take02.wav,planned,289
r__long_mid__t-pizzicato__d-f__p-constant__v-V1__take01,real,real_violin,constant,long_mid,long,mid,pizzicato,real_counterfactual_primary,43,f,96,96,,V1,P1,1,1,69.0,True,0.75,data/midi/full/reference/ref__long_mid__t-pizzicato__d-f__p-constant.mid,data/real_48k/r__long_mid__t-pizzicato__d-f__p-constant__v-V1__take01.wav,data/real_raw/r__long_mid__t-pizzicato__d-f__p-constant__v-V1__take01.wav,planned,290
r__leap_mid__t-sustain__d-mf__p-constant__v-V2__take01,real,real_violin,constant,leap_mid,leap,mid,sustain,real_counterfactual_primary,36,mf,64,64,,V2,P1,1,1,,False,0.75,data/midi/full/reference/ref__leap_mid__t-sustain__d-mf__p-constant.mid,data/real_48k/r__leap_mid__t-sustain__d-mf__p-constant__v-V2__take01.wav,data/real_raw/r__leap_mid__t-sustain__d-mf__p-constant__v-V2__take01.wav,planned,291
r__long_mid__t-legato_slur__d-p__p-constant__v-V3__take02,real,real_violin,constant,long_mid,long,mid,legato_slur,real_counterfactual_primary,49,p,32,32,,V3,P1,2,2,69.0,True,0.75,data/midi/full/reference/ref__long_mid__t-legato_slur__d-p__p-constant.mid,data/real_48k/r__long_mid__t-legato_slur__d-p__p-constant__v-V3__take02.wav,data/real_raw/r__long_mid__t-legato_slur__d-p__p-constant__v-V3__take02.wav,planned,292
r__leap_mid__t-legato_slur__d-p__p-constant__v-V1__take01,real,real_violin,constant,leap_mid,leap,mid,legato_slur,real_counterfactual_primary,49,p,32,32,,V1,P1,1,1,,False,0.75,data/midi/full/reference/ref__leap_mid__t-legato_slur__d-p__p-constant.mid,data/real_48k/r__leap_mid__t-legato_slur__d-p__p-constant__v-V1__take01.wav,data/real_raw/r__leap_mid__t-legato_slur__d-p__p-constant__v-V1__take01.wav,planned,293
r__repeat_high__t-sustain__d-f__p-constant__v-V3__take02,real,real_violin,constant,repeat_high,repeat,high,sustain,real_counterfactual_primary,36,f,96,96,,V3,P1,2,2,86.0,True,0.75,data/midi/full/reference/ref__repeat_high__t-sustain__d-f__p-constant.mid,data/real_48k/r__repeat_high__t-sustain__d-f__p-constant__v-V3__take02.wav,data/real_raw/r__repeat_high__t-sustain__d-f__p-constant__v-V3__take02.wav,planned,294
r__scale_high__t-legato_slur__d-p__p-constant__v-V3__take01,real,real_violin,constant,scale_high,scale,high,legato_slur,real_counterfactual_primary,49,p,32,32,,V3,P1,1,1,,False,0.75,data/midi/full/reference/ref__scale_high__t-legato_slur__d-p__p-constant.mid,data/real_48k/r__scale_high__t-legato_slur__d-p__p-constant__v-V3__take01.wav,data/real_raw/r__scale_high__t-legato_slur__d-p__p-constant__v-V3__take01.wav,planned,295
r__leap_high__t-staccato__d-p__p-constant__v-V3__take02,real,real_violin,constant,leap_high,leap,high,staccato,real_counterfactual_primary,40,p,32,32,,V3,P1,2,2,,False,0.75,data/midi/full/reference/ref__leap_high__t-staccato__d-p__p-constant.mid,data/real_48k/r__leap_high__t-staccato__d-p__p-constant__v-V3__take02.wav,data/real_raw/r__leap_high__t-staccato__d-p__p-constant__v-V3__take02.wav,planned,296
r__leap_low__t-staccato__d-mf__p-constant__v-V2__take01,real,real_violin,constant,leap_low,leap,low,staccato,real_counterfactual_primary,40,mf,64,64,,V2,P1,1,1,,False,0.75,data/midi/full/reference/ref__leap_low__t-staccato__d-mf__p-constant.mid,data/real_48k/r__leap_low__t-staccato__d-mf__p-constant__v-V2__take01.wav,data/real_raw/r__leap_low__t-staccato__d-mf__p-constant__v-V2__take01.wav,planned,297
r__long_mid__t-staccato__d-f__p-constant__v-V3__take02,real,real_violin,constant,long_mid,long,mid,staccato,real_counterfactual_primary,40,f,96,96,,V3,P1,2,2,69.0,True,0.75,data/midi/full/reference/ref__long_mid__t-staccato__d-f__p-constant.mid,data/real_48k/r__long_mid__t-staccato__d-f__p-constant__v-V3__take02.wav,data/real_raw/r__long_mid__t-staccato__d-f__p-constant__v-V3__take02.wav,planned,298
r__leap_mid__t-sustain__d-mf__p-constant__v-V3__take01,real,real_violin,constant,leap_mid,leap,mid,sustain,real_counterfactual_primary,36,mf,64,64,,V3,P1,1,1,,False,0.75,data/midi/full/reference/ref__leap_mid__t-sustain__d-mf__p-constant.mid,data/real_48k/r__leap_mid__t-sustain__d-mf__p-constant__v-V3__take01.wav,data/real_raw/r__leap_mid__t-sustain__d-mf__p-constant__v-V3__take01.wav,planned,299
r__repeat_high__t-legato_slur__d-f__p-constant__v-V3__take01,real,real_violin,constant,repeat_high,repeat,high,legato_slur,real_counterfactual_primary,49,f,96,96,,V3,P1,1,1,86.0,True,0.75,data/midi/full/reference/ref__repeat_high__t-legato_slur__d-f__p-constant.mid,data/real_48k/r__repeat_high__t-legato_slur__d-f__p-constant__v-V3__take01.wav,data/real_raw/r__repeat_high__t-legato_slur__d-f__p-constant__v-V3__take01.wav,planned,300
r__scale_low__t-legato_slur__d-p__p-constant__v-V2__take02,real,real_violin,constant,scale_low,scale,low,legato_slur,real_counterfactual_primary,49,p,32,32,,V2,P1,2,2,,False,0.75,data/midi/full/reference/ref__scale_low__t-legato_slur__d-p__p-constant.mid,data/real_48k/r__scale_low__t-legato_slur__d-p__p-constant__v-V2__take02.wav,data/real_raw/r__scale_low__t-legato_slur__d-p__p-constant__v-V2__take02.wav,planned,301
r__repeat_low__t-sustain__d-p__p-constant__v-V3__take02,real,real_violin,constant,repeat_low,repeat,low,sustain,real_counterfactual_primary,36,p,32,32,,V3,P1,2,2,62.0,True,0.75,data/midi/full/reference/ref__repeat_low__t-sustain__d-p__p-constant.mid,data/real_48k/r__repeat_low__t-sustain__d-p__p-constant__v-V3__take02.wav,data/real_raw/r__repeat_low__t-sustain__d-p__p-constant__v-V3__take02.wav,planned,302
r__long_low__t-pizzicato__d-p__p-constant__v-V3__take01,real,real_violin,constant,long_low,long,low,pizzicato,real_counterfactual_primary,43,p,32,32,,V3,P1,1,1,57.0,True,0.75,data/midi/full/reference/ref__long_low__t-pizzicato__d-p__p-constant.mid,data/real_48k/r__long_low__t-pizzicato__d-p__p-constant__v-V3__take01.wav,data/real_raw/r__long_low__t-pizzicato__d-p__p-constant__v-V3__take01.wav,planned,303
r__repeat_high__t-pizzicato__d-mf__p-constant__v-V3__take01,real,real_violin,constant,repeat_high,repeat,high,pizzicato,real_counterfactual_primary,43,mf,64,64,,V3,P1,1,1,86.0,True,0.75,data/midi/full/reference/ref__repeat_high__t-pizzicato__d-mf__p-constant.mid,data/real_48k/r__repeat_high__t-pizzicato__d-mf__p-constant__v-V3__take01.wav,data/real_raw/r__repeat_high__t-pizzicato__d-mf__p-constant__v-V3__take01.wav,planned,304
r__repeat_mid__t-pizzicato__d-p__p-constant__v-V3__take01,real,real_violin,constant,repeat_mid,repeat,mid,pizzicato,real_counterfactual_primary,43,p,32,32,,V3,P1,1,1,74.0,True,0.75,data/midi/full/reference/ref__repeat_mid__t-pizzicato__d-p__p-constant.mid,data/real_48k/r__repeat_mid__t-pizzicato__d-p__p-constant__v-V3__take01.wav,data/real_raw/r__repeat_mid__t-pizzicato__d-p__p-constant__v-V3__take01.wav,planned,305
r__scale_low__t-legato_slur__d-mf__p-constant__v-V3__take02,real,real_violin,constant,scale_low,scale,low,legato_slur,real_counterfactual_primary,49,mf,64,64,,V3,P1,2,2,,False,0.75,data/midi/full/reference/ref__scale_low__t-legato_slur__d-mf__p-constant.mid,data/real_48k/r__scale_low__t-legato_slur__d-mf__p-constant__v-V3__take02.wav,data/real_raw/r__scale_low__t-legato_slur__d-mf__p-constant__v-V3__take02.wav,planned,306
r__repeat_high__t-pizzicato__d-mf__p-constant__v-V2__take02,real,real_violin,constant,repeat_high,repeat,high,pizzicato,real_counterfactual_primary,43,mf,64,64,,V2,P1,2,2,86.0,True,0.75,data/midi/full/reference/ref__repeat_high__t-pizzicato__d-mf__p-constant.mid,data/real_48k/r__repeat_high__t-pizzicato__d-mf__p-constant__v-V2__take02.wav,data/real_raw/r__repeat_high__t-pizzicato__d-mf__p-constant__v-V2__take02.wav,planned,307
r__repeat_high__t-pizzicato__d-p__p-constant__v-V2__take02,real,real_violin,constant,repeat_high,repeat,high,pizzicato,real_counterfactual_primary,43,p,32,32,,V2,P1,2,2,86.0,True,0.75,data/midi/full/reference/ref__repeat_high__t-pizzicato__d-p__p-constant.mid,data/real_48k/r__repeat_high__t-pizzicato__d-p__p-constant__v-V2__take02.wav,data/real_raw/r__repeat_high__t-pizzicato__d-p__p-constant__v-V2__take02.wav,planned,308
r__repeat_low__t-staccato__d-mf__p-constant__v-V3__take02,real,real_violin,constant,repeat_low,repeat,low,staccato,real_counterfactual_primary,40,mf,64,64,,V3,P1,2,2,62.0,True,0.75,data/midi/full/reference/ref__repeat_low__t-staccato__d-mf__p-constant.mid,data/real_48k/r__repeat_low__t-staccato__d-mf__p-constant__v-V3__take02.wav,data/real_raw/r__repeat_low__t-staccato__d-mf__p-constant__v-V3__take02.wav,planned,309
r__scale_high__t-legato_slur__d-p__p-constant__v-V2__take01,real,real_violin,constant,scale_high,scale,high,legato_slur,real_counterfactual_primary,49,p,32,32,,V2,P1,1,1,,False,0.75,data/midi/full/reference/ref__scale_high__t-legato_slur__d-p__p-constant.mid,data/real_48k/r__scale_high__t-legato_slur__d-p__p-constant__v-V2__take01.wav,data/real_raw/r__scale_high__t-legato_slur__d-p__p-constant__v-V2__take01.wav,planned,310
r__repeat_high__t-pizzicato__d-p__p-constant__v-V2__take01,real,real_violin,constant,repeat_high,repeat,high,pizzicato,real_counterfactual_primary,43,p,32,32,,V2,P1,1,1,86.0,True,0.75,data/midi/full/reference/ref__repeat_high__t-pizzicato__d-p__p-constant.mid,data/real_48k/r__repeat_high__t-pizzicato__d-p__p-constant__v-V2__take01.wav,data/real_raw/r__repeat_high__t-pizzicato__d-p__p-constant__v-V2__take01.wav,planned,311
r__scale_low__t-staccato__d-f__p-constant__v-V1__take01,real,real_violin,constant,scale_low,scale,low,staccato,real_counterfactual_primary,40,f,96,96,,V1,P1,1,1,,False,0.75,data/midi/full/reference/ref__scale_low__t-staccato__d-f__p-constant.mid,data/real_48k/r__scale_low__t-staccato__d-f__p-constant__v-V1__take01.wav,data/real_raw/r__scale_low__t-staccato__d-f__p-constant__v-V1__take01.wav,planned,312
r__repeat_mid__t-sustain__d-p__p-constant__v-V2__take01,real,real_violin,constant,repeat_mid,repeat,mid,sustain,real_counterfactual_primary,36,p,32,32,,V2,P1,1,1,74.0,True,0.75,data/midi/full/reference/ref__repeat_mid__t-sustain__d-p__p-constant.mid,data/real_48k/r__repeat_mid__t-sustain__d-p__p-constant__v-V2__take01.wav,data/real_raw/r__repeat_mid__t-sustain__d-p__p-constant__v-V2__take01.wav,planned,313
r__repeat_high__t-sustain__d-p__p-constant__v-V3__take02,real,real_violin,constant,repeat_high,repeat,high,sustain,real_counterfactual_primary,36,p,32,32,,V3,P1,2,2,86.0,True,0.75,data/midi/full/reference/ref__repeat_high__t-sustain__d-p__p-constant.mid,data/real_48k/r__repeat_high__t-sustain__d-p__p-constant__v-V3__take02.wav,data/real_raw/r__repeat_high__t-sustain__d-p__p-constant__v-V3__take02.wav,planned,314
r__long_mid__t-staccato__d-p__p-constant__v-V2__take01,real,real_violin,constant,long_mid,long,mid,staccato,real_counterfactual_primary,40,p,32,32,,V2,P1,1,1,69.0,True,0.75,data/midi/full/reference/ref__long_mid__t-staccato__d-p__p-constant.mid,data/real_48k/r__long_mid__t-staccato__d-p__p-constant__v-V2__take01.wav,data/real_raw/r__long_mid__t-staccato__d-p__p-constant__v-V2__take01.wav,planned,315
r__long_mid__t-staccato__d-p__p-constant__v-V1__take02,real,real_violin,constant,long_mid,long,mid,staccato,real_counterfactual_primary,40,p,32,32,,V1,P1,2,2,69.0,True,0.75,data/midi/full/reference/ref__long_mid__t-staccato__d-p__p-constant.mid,data/real_48k/r__long_mid__t-staccato__d-p__p-constant__v-V1__take02.wav,data/real_raw/r__long_mid__t-staccato__d-p__p-constant__v-V1__take02.wav,planned,316
r__repeat_mid__t-pizzicato__d-f__p-constant__v-V1__take02,real,real_violin,constant,repeat_mid,repeat,mid,pizzicato,real_counterfactual_primary,43,f,96,96,,V1,P1,2,2,74.0,True,0.75,data/midi/full/reference/ref__repeat_mid__t-pizzicato__d-f__p-constant.mid,data/real_48k/r__repeat_mid__t-pizzicato__d-f__p-constant__v-V1__take02.wav,data/real_raw/r__repeat_mid__t-pizzicato__d-f__p-constant__v-V1__take02.wav,planned,317
r__long_mid__t-staccato__d-f__p-constant__v-V2__take01,real,real_violin,constant,long_mid,long,mid,staccato,real_counterfactual_primary,40,f,96,96,,V2,P1,1,1,69.0,True,0.75,data/midi/full/reference/ref__long_mid__t-staccato__d-f__p-constant.mid,data/real_48k/r__long_mid__t-staccato__d-f__p-constant__v-V2__take01.wav,data/real_raw/r__long_mid__t-staccato__d-f__p-constant__v-V2__take01.wav,planned,318
r__repeat_low__t-staccato__d-f__p-constant__v-V3__take01,real,real_violin,constant,repeat_low,repeat,low,staccato,real_counterfactual_primary,40,f,96,96,,V3,P1,1,1,62.0,True,0.75,data/midi/full/reference/ref__repeat_low__t-staccato__d-f__p-constant.mid,data/real_48k/r__repeat_low__t-staccato__d-f__p-constant__v-V3__take01.wav,data/real_raw/r__repeat_low__t-staccato__d-f__p-constant__v-V3__take01.wav,planned,319
r__long_high__t-legato_slur__d-p__p-constant__v-V2__take02,real,real_violin,constant,long_high,long,high,legato_slur,real_counterfactual_primary,49,p,32,32,,V2,P1,2,2,81.0,True,0.75,data/midi/full/reference/ref__long_high__t-legato_slur__d-p__p-constant.mid,data/real_48k/r__long_high__t-legato_slur__d-p__p-constant__v-V2__take02.wav,data/real_raw/r__long_high__t-legato_slur__d-p__p-constant__v-V2__take02.wav,planned,320
r__leap_mid__t-sustain__d-p__p-constant__v-V3__take02,real,real_violin,constant,leap_mid,leap,mid,sustain,real_counterfactual_primary,36,p,32,32,,V3,P1,2,2,,False,0.75,data/midi/full/reference/ref__leap_mid__t-sustain__d-p__p-constant.mid,data/real_48k/r__leap_mid__t-sustain__d-p__p-constant__v-V3__take02.wav,data/real_raw/r__leap_mid__t-sustain__d-p__p-constant__v-V3__take02.wav,planned,321
r__leap_low__t-legato_slur__d-f__p-constant__v-V1__take01,real,real_violin,constant,leap_low,leap,low,legato_slur,real_counterfactual_primary,49,f,96,96,,V1,P1,1,1,,False,0.75,data/midi/full/reference/ref__leap_low__t-legato_slur__d-f__p-constant.mid,data/real_48k/r__leap_low__t-legato_slur__d-f__p-constant__v-V1__take01.wav,data/real_raw/r__leap_low__t-legato_slur__d-f__p-constant__v-V1__take01.wav,planned,322
r__scale_low__t-legato_slur__d-f__p-constant__v-V1__take02,real,real_violin,constant,scale_low,scale,low,legato_slur,real_counterfactual_primary,49,f,96,96,,V1,P1,2,2,,False,0.75,data/midi/full/reference/ref__scale_low__t-legato_slur__d-f__p-constant.mid,data/real_48k/r__scale_low__t-legato_slur__d-f__p-constant__v-V1__take02.wav,data/real_raw/r__scale_low__t-legato_slur__d-f__p-constant__v-V1__take02.wav,planned,323
r__leap_mid__t-staccato__d-p__p-constant__v-V3__take02,real,real_violin,constant,leap_mid,leap,mid,staccato,real_counterfactual_primary,40,p,32,32,,V3,P1,2,2,,False,0.75,data/midi/full/reference/ref__leap_mid__t-staccato__d-p__p-constant.mid,data/real_48k/r__leap_mid__t-staccato__d-p__p-constant__v-V3__take02.wav,data/real_raw/r__leap_mid__t-staccato__d-p__p-constant__v-V3__take02.wav,planned,324
r__long_mid__t-sustain__d-p__p-constant__v-V1__take02,real,real_violin,constant,long_mid,long,mid,sustain,real_counterfactual_primary,36,p,32,32,,V1,P1,2,2,69.0,True,0.75,data/midi/full/reference/ref__long_mid__t-sustain__d-p__p-constant.mid,data/real_48k/r__long_mid__t-sustain__d-p__p-constant__v-V1__take02.wav,data/real_raw/r__long_mid__t-sustain__d-p__p-constant__v-V1__take02.wav,planned,325
r__long_mid__t-pizzicato__d-p__p-constant__v-V2__take01,real,real_violin,constant,long_mid,long,mid,pizzicato,real_counterfactual_primary,43,p,32,32,,V2,P1,1,1,69.0,True,0.75,data/midi/full/reference/ref__long_mid__t-pizzicato__d-p__p-constant.mid,data/real_48k/r__long_mid__t-pizzicato__d-p__p-constant__v-V2__take01.wav,data/real_raw/r__long_mid__t-pizzicato__d-p__p-constant__v-V2__take01.wav,planned,326
r__long_high__t-sustain__d-mf__p-constant__v-V1__take02,real,real_violin,constant,long_high,long,high,sustain,real_counterfactual_primary,36,mf,64,64,,V1,P1,2,2,81.0,True,0.75,data/midi/full/reference/ref__long_high__t-sustain__d-mf__p-constant.mid,data/real_48k/r__long_high__t-sustain__d-mf__p-constant__v-V1__take02.wav,data/real_raw/r__long_high__t-sustain__d-mf__p-constant__v-V1__take02.wav,planned,327
r__leap_mid__t-staccato__d-mf__p-constant__v-V2__take02,real,real_violin,constant,leap_mid,leap,mid,staccato,real_counterfactual_primary,40,mf,64,64,,V2,P1,2,2,,False,0.75,data/midi/full/reference/ref__leap_mid__t-staccato__d-mf__p-constant.mid,data/real_48k/r__leap_mid__t-staccato__d-mf__p-constant__v-V2__take02.wav,data/real_raw/r__leap_mid__t-staccato__d-mf__p-constant__v-V2__take02.wav,planned,328
r__leap_low__t-pizzicato__d-f__p-constant__v-V2__take02,real,real_violin,constant,leap_low,leap,low,pizzicato,real_counterfactual_primary,43,f,96,96,,V2,P1,2,2,,False,0.75,data/midi/full/reference/ref__leap_low__t-pizzicato__d-f__p-constant.mid,data/real_48k/r__leap_low__t-pizzicato__d-f__p-constant__v-V2__take02.wav,data/real_raw/r__leap_low__t-pizzicato__d-f__p-constant__v-V2__take02.wav,planned,329
r__leap_mid__t-legato_slur__d-f__p-constant__v-V3__take01,real,real_violin,constant,leap_mid,leap,mid,legato_slur,real_counterfactual_primary,49,f,96,96,,V3,P1,1,1,,False,0.75,data/midi/full/reference/ref__leap_mid__t-legato_slur__d-f__p-constant.mid,data/real_48k/r__leap_mid__t-legato_slur__d-f__p-constant__v-V3__take01.wav,data/real_raw/r__leap_mid__t-legato_slur__d-f__p-constant__v-V3__take01.wav,planned,330
r__scale_high__t-pizzicato__d-f__p-constant__v-V2__take02,real,real_violin,constant,scale_high,scale,high,pizzicato,real_counterfactual_primary,43,f,96,96,,V2,P1,2,2,,False,0.75,data/midi/full/reference/ref__scale_high__t-pizzicato__d-f__p-constant.mid,data/real_48k/r__scale_high__t-pizzicato__d-f__p-constant__v-V2__take02.wav,data/real_raw/r__scale_high__t-pizzicato__d-f__p-constant__v-V2__take02.wav,planned,331
r__long_low__t-legato_slur__d-f__p-constant__v-V1__take01,real,real_violin,constant,long_low,long,low,legato_slur,real_counterfactual_primary,49,f,96,96,,V1,P1,1,1,57.0,True,0.75,data/midi/full/reference/ref__long_low__t-legato_slur__d-f__p-constant.mid,data/real_48k/r__long_low__t-legato_slur__d-f__p-constant__v-V1__take01.wav,data/real_raw/r__long_low__t-legato_slur__d-f__p-constant__v-V1__take01.wav,planned,332
r__scale_low__t-staccato__d-p__p-constant__v-V3__take01,real,real_violin,constant,scale_low,scale,low,staccato,real_counterfactual_primary,40,p,32,32,,V3,P1,1,1,,False,0.75,data/midi/full/reference/ref__scale_low__t-staccato__d-p__p-constant.mid,data/real_48k/r__scale_low__t-staccato__d-p__p-constant__v-V3__take01.wav,data/real_raw/r__scale_low__t-staccato__d-p__p-constant__v-V3__take01.wav,planned,333
r__leap_mid__t-legato_slur__d-f__p-constant__v-V2__take02,real,real_violin,constant,leap_mid,leap,mid,legato_slur,real_counterfactual_primary,49,f,96,96,,V2,P1,2,2,,False,0.75,data/midi/full/reference/ref__leap_mid__t-legato_slur__d-f__p-constant.mid,data/real_48k/r__leap_mid__t-legato_slur__d-f__p-constant__v-V2__take02.wav,data/real_raw/r__leap_mid__t-legato_slur__d-f__p-constant__v-V2__take02.wav,planned,334
r__long_high__t-pizzicato__d-f__p-constant__v-V2__take02,real,real_violin,constant,long_high,long,high,pizzicato,real_counterfactual_primary,43,f,96,96,,V2,P1,2,2,81.0,True,0.75,data/midi/full/reference/ref__long_high__t-pizzicato__d-f__p-constant.mid,data/real_48k/r__long_high__t-pizzicato__d-f__p-constant__v-V2__take02.wav,data/real_raw/r__long_high__t-pizzicato__d-f__p-constant__v-V2__take02.wav,planned,335
r__scale_low__t-staccato__d-mf__p-constant__v-V1__take01,real,real_violin,constant,scale_low,scale,low,staccato,real_counterfactual_primary,40,mf,64,64,,V1,P1,1,1,,False,0.75,data/midi/full/reference/ref__scale_low__t-staccato__d-mf__p-constant.mid,data/real_48k/r__scale_low__t-staccato__d-mf__p-constant__v-V1__take01.wav,data/real_raw/r__scale_low__t-staccato__d-mf__p-constant__v-V1__take01.wav,planned,336
r__long_high__t-staccato__d-mf__p-constant__v-V1__take01,real,real_violin,constant,long_high,long,high,staccato,real_counterfactual_primary,40,mf,64,64,,V1,P1,1,1,81.0,True,0.75,data/midi/full/reference/ref__long_high__t-staccato__d-mf__p-constant.mid,data/real_48k/r__long_high__t-staccato__d-mf__p-constant__v-V1__take01.wav,data/real_raw/r__long_high__t-staccato__d-mf__p-constant__v-V1__take01.wav,planned,337
r__scale_low__t-pizzicato__d-mf__p-constant__v-V3__take02,real,real_violin,constant,scale_low,scale,low,pizzicato,real_counterfactual_primary,43,mf,64,64,,V3,P1,2,2,,False,0.75,data/midi/full/reference/ref__scale_low__t-pizzicato__d-mf__p-constant.mid,data/real_48k/r__scale_low__t-pizzicato__d-mf__p-constant__v-V3__take02.wav,data/real_raw/r__scale_low__t-pizzicato__d-mf__p-constant__v-V3__take02.wav,planned,338
r__long_low__t-staccato__d-p__p-constant__v-V1__take01,real,real_violin,constant,long_low,long,low,staccato,real_counterfactual_primary,40,p,32,32,,V1,P1,1,1,57.0,True,0.75,data/midi/full/reference/ref__long_low__t-staccato__d-p__p-constant.mid,data/real_48k/r__long_low__t-staccato__d-p__p-constant__v-V1__take01.wav,data/real_raw/r__long_low__t-staccato__d-p__p-constant__v-V1__take01.wav,planned,339
r__scale_low__t-legato_slur__d-f__p-constant__v-V2__take01,real,real_violin,constant,scale_low,scale,low,legato_slur,real_counterfactual_primary,49,f,96,96,,V2,P1,1,1,,False,0.75,data/midi/full/reference/ref__scale_low__t-legato_slur__d-f__p-constant.mid,data/real_48k/r__scale_low__t-legato_slur__d-f__p-constant__v-V2__take01.wav,data/real_raw/r__scale_low__t-legato_slur__d-f__p-constant__v-V2__take01.wav,planned,340
r__repeat_high__t-staccato__d-f__p-constant__v-V1__take01,real,real_violin,constant,repeat_high,repeat,high,staccato,real_counterfactual_primary,40,f,96,96,,V1,P1,1,1,86.0,True,0.75,data/midi/full/reference/ref__repeat_high__t-staccato__d-f__p-constant.mid,data/real_48k/r__repeat_high__t-staccato__d-f__p-constant__v-V1__take01.wav,data/real_raw/r__repeat_high__t-staccato__d-f__p-constant__v-V1__take01.wav,planned,341
r__repeat_mid__t-staccato__d-p__p-constant__v-V3__take02,real,real_violin,constant,repeat_mid,repeat,mid,staccato,real_counterfactual_primary,40,p,32,32,,V3,P1,2,2,74.0,True,0.75,data/midi/full/reference/ref__repeat_mid__t-staccato__d-p__p-constant.mid,data/real_48k/r__repeat_mid__t-staccato__d-p__p-constant__v-V3__take02.wav,data/real_raw/r__repeat_mid__t-staccato__d-p__p-constant__v-V3__take02.wav,planned,342
r__leap_high__t-legato_slur__d-mf__p-constant__v-V2__take02,real,real_violin,constant,leap_high,leap,high,legato_slur,real_counterfactual_primary,49,mf,64,64,,V2,P1,2,2,,False,0.75,data/midi/full/reference/ref__leap_high__t-legato_slur__d-mf__p-constant.mid,data/real_48k/r__leap_high__t-legato_slur__d-mf__p-constant__v-V2__take02.wav,data/real_raw/r__leap_high__t-legato_slur__d-mf__p-constant__v-V2__take02.wav,planned,343
r__scale_low__t-pizzicato__d-p__p-constant__v-V1__take01,real,real_violin,constant,scale_low,scale,low,pizzicato,real_counterfactual_primary,43,p,32,32,,V1,P1,1,1,,False,0.75,data/midi/full/reference/ref__scale_low__t-pizzicato__d-p__p-constant.mid,data/real_48k/r__scale_low__t-pizzicato__d-p__p-constant__v-V1__take01.wav,data/real_raw/r__scale_low__t-pizzicato__d-p__p-constant__v-V1__take01.wav,planned,344
r__long_mid__t-legato_slur__d-f__p-constant__v-V3__take02,real,real_violin,constant,long_mid,long,mid,legato_slur,real_counterfactual_primary,49,f,96,96,,V3,P1,2,2,69.0,True,0.75,data/midi/full/reference/ref__long_mid__t-legato_slur__d-f__p-constant.mid,data/real_48k/r__long_mid__t-legato_slur__d-f__p-constant__v-V3__take02.wav,data/real_raw/r__long_mid__t-legato_slur__d-f__p-constant__v-V3__take02.wav,planned,345
r__leap_low__t-sustain__d-mf__p-constant__v-V3__take01,real,real_violin,constant,leap_low,leap,low,sustain,real_counterfactual_primary,36,mf,64,64,,V3,P1,1,1,,False,0.75,data/midi/full/reference/ref__leap_low__t-sustain__d-mf__p-constant.mid,data/real_48k/r__leap_low__t-sustain__d-mf__p-constant__v-V3__take01.wav,data/real_raw/r__leap_low__t-sustain__d-mf__p-constant__v-V3__take01.wav,planned,346
r__long_low__t-pizzicato__d-f__p-constant__v-V2__take01,real,real_violin,constant,long_low,long,low,pizzicato,real_counterfactual_primary,43,f,96,96,,V2,P1,1,1,57.0,True,0.75,data/midi/full/reference/ref__long_low__t-pizzicato__d-f__p-constant.mid,data/real_48k/r__long_low__t-pizzicato__d-f__p-constant__v-V2__take01.wav,data/real_raw/r__long_low__t-pizzicato__d-f__p-constant__v-V2__take01.wav,planned,347
r__long_mid__t-pizzicato__d-f__p-constant__v-V3__take01,real,real_violin,constant,long_mid,long,mid,pizzicato,real_counterfactual_primary,43,f,96,96,,V3,P1,1,1,69.0,True,0.75,data/midi/full/reference/ref__long_mid__t-pizzicato__d-f__p-constant.mid,data/real_48k/r__long_mid__t-pizzicato__d-f__p-constant__v-V3__take01.wav,data/real_raw/r__long_mid__t-pizzicato__d-f__p-constant__v-V3__take01.wav,planned,348
r__long_mid__t-pizzicato__d-p__p-constant__v-V1__take02,real,real_violin,constant,long_mid,long,mid,pizzicato,real_counterfactual_primary,43,p,32,32,,V1,P1,2,2,69.0,True,0.75,data/midi/full/reference/ref__long_mid__t-pizzicato__d-p__p-constant.mid,data/real_48k/r__long_mid__t-pizzicato__d-p__p-constant__v-V1__take02.wav,data/real_raw/r__long_mid__t-pizzicato__d-p__p-constant__v-V1__take02.wav,planned,349
r__long_mid__t-pizzicato__d-mf__p-constant__v-V1__take01,real,real_violin,constant,long_mid,long,mid,pizzicato,real_counterfactual_primary,43,mf,64,64,,V1,P1,1,1,69.0,True,0.75,data/midi/full/reference/ref__long_mid__t-pizzicato__d-mf__p-constant.mid,data/real_48k/r__long_mid__t-pizzicato__d-mf__p-constant__v-V1__take01.wav,data/real_raw/r__long_mid__t-pizzicato__d-mf__p-constant__v-V1__take01.wav,planned,350
r__scale_mid__t-legato_slur__d-p__p-constant__v-V2__take01,real,real_violin,constant,scale_mid,scale,mid,legato_slur,real_counterfactual_primary,49,p,32,32,,V2,P1,1,1,,False,0.75,data/midi/full/reference/ref__scale_mid__t-legato_slur__d-p__p-constant.mid,data/real_48k/r__scale_mid__t-legato_slur__d-p__p-constant__v-V2__take01.wav,data/real_raw/r__scale_mid__t-legato_slur__d-p__p-constant__v-V2__take01.wav,planned,351
r__long_low__t-sustain__d-p__p-constant__v-V1__take01,real,real_violin,constant,long_low,long,low,sustain,real_counterfactual_primary,36,p,32,32,,V1,P1,1,1,57.0,True,0.75,data/midi/full/reference/ref__long_low__t-sustain__d-p__p-constant.mid,data/real_48k/r__long_low__t-sustain__d-p__p-constant__v-V1__take01.wav,data/real_raw/r__long_low__t-sustain__d-p__p-constant__v-V1__take01.wav,planned,352
r__scale_mid__t-pizzicato__d-f__p-constant__v-V2__take02,real,real_violin,constant,scale_mid,scale,mid,pizzicato,real_counterfactual_primary,43,f,96,96,,V2,P1,2,2,,False,0.75,data/midi/full/reference/ref__scale_mid__t-pizzicato__d-f__p-constant.mid,data/real_48k/r__scale_mid__t-pizzicato__d-f__p-constant__v-V2__take02.wav,data/real_raw/r__scale_mid__t-pizzicato__d-f__p-constant__v-V2__take02.wav,planned,353
r__long_high__t-sustain__d-p__p-constant__v-V1__take02,real,real_violin,constant,long_high,long,high,sustain,real_counterfactual_primary,36,p,32,32,,V1,P1,2,2,81.0,True,0.75,data/midi/full/reference/ref__long_high__t-sustain__d-p__p-constant.mid,data/real_48k/r__long_high__t-sustain__d-p__p-constant__v-V1__take02.wav,data/real_raw/r__long_high__t-sustain__d-p__p-constant__v-V1__take02.wav,planned,354
r__repeat_high__t-sustain__d-mf__p-constant__v-V2__take01,real,real_violin,constant,repeat_high,repeat,high,sustain,real_counterfactual_primary,36,mf,64,64,,V2,P1,1,1,86.0,True,0.75,data/midi/full/reference/ref__repeat_high__t-sustain__d-mf__p-constant.mid,data/real_48k/r__repeat_high__t-sustain__d-mf__p-constant__v-V2__take01.wav,data/real_raw/r__repeat_high__t-sustain__d-mf__p-constant__v-V2__take01.wav,planned,355
r__repeat_mid__t-staccato__d-p__p-constant__v-V1__take02,real,real_violin,constant,repeat_mid,repeat,mid,staccato,real_counterfactual_primary,40,p,32,32,,V1,P1,2,2,74.0,True,0.75,data/midi/full/reference/ref__repeat_mid__t-staccato__d-p__p-constant.mid,data/real_48k/r__repeat_mid__t-staccato__d-p__p-constant__v-V1__take02.wav,data/real_raw/r__repeat_mid__t-staccato__d-p__p-constant__v-V1__take02.wav,planned,356
r__long_low__t-pizzicato__d-mf__p-constant__v-V1__take02,real,real_violin,constant,long_low,long,low,pizzicato,real_counterfactual_primary,43,mf,64,64,,V1,P1,2,2,57.0,True,0.75,data/midi/full/reference/ref__long_low__t-pizzicato__d-mf__p-constant.mid,data/real_48k/r__long_low__t-pizzicato__d-mf__p-constant__v-V1__take02.wav,data/real_raw/r__long_low__t-pizzicato__d-mf__p-constant__v-V1__take02.wav,planned,357
r__repeat_mid__t-sustain__d-mf__p-constant__v-V1__take02,real,real_violin,constant,repeat_mid,repeat,mid,sustain,real_counterfactual_primary,36,mf,64,64,,V1,P1,2,2,74.0,True,0.75,data/midi/full/reference/ref__repeat_mid__t-sustain__d-mf__p-constant.mid,data/real_48k/r__repeat_mid__t-sustain__d-mf__p-constant__v-V1__take02.wav,data/real_raw/r__repeat_mid__t-sustain__d-mf__p-constant__v-V1__take02.wav,planned,358
r__repeat_mid__t-pizzicato__d-f__p-constant__v-V1__take01,real,real_violin,constant,repeat_mid,repeat,mid,pizzicato,real_counterfactual_primary,43,f,96,96,,V1,P1,1,1,74.0,True,0.75,data/midi/full/reference/ref__repeat_mid__t-pizzicato__d-f__p-constant.mid,data/real_48k/r__repeat_mid__t-pizzicato__d-f__p-constant__v-V1__take01.wav,data/real_raw/r__repeat_mid__t-pizzicato__d-f__p-constant__v-V1__take01.wav,planned,359
r__repeat_low__t-staccato__d-f__p-constant__v-V2__take01,real,real_violin,constant,repeat_low,repeat,low,staccato,real_counterfactual_primary,40,f,96,96,,V2,P1,1,1,62.0,True,0.75,data/midi/full/reference/ref__repeat_low__t-staccato__d-f__p-constant.mid,data/real_48k/r__repeat_low__t-staccato__d-f__p-constant__v-V2__take01.wav,data/real_raw/r__repeat_low__t-staccato__d-f__p-constant__v-V2__take01.wav,planned,360
r__scale_low__t-legato_slur__d-f__p-constant__v-V1__take01,real,real_violin,constant,scale_low,scale,low,legato_slur,real_counterfactual_primary,49,f,96,96,,V1,P1,1,1,,False,0.75,data/midi/full/reference/ref__scale_low__t-legato_slur__d-f__p-constant.mid,data/real_48k/r__scale_low__t-legato_slur__d-f__p-constant__v-V1__take01.wav,data/real_raw/r__scale_low__t-legato_slur__d-f__p-constant__v-V1__take01.wav,planned,361
r__long_low__t-legato_slur__d-p__p-constant__v-V1__take01,real,real_violin,constant,long_low,long,low,legato_slur,real_counterfactual_primary,49,p,32,32,,V1,P1,1,1,57.0,True,0.75,data/midi/full/reference/ref__long_low__t-legato_slur__d-p__p-constant.mid,data/real_48k/r__long_low__t-legato_slur__d-p__p-constant__v-V1__take01.wav,data/real_raw/r__long_low__t-legato_slur__d-p__p-constant__v-V1__take01.wav,planned,362
r__long_high__t-pizzicato__d-f__p-constant__v-V2__take01,real,real_violin,constant,long_high,long,high,pizzicato,real_counterfactual_primary,43,f,96,96,,V2,P1,1,1,81.0,True,0.75,data/midi/full/reference/ref__long_high__t-pizzicato__d-f__p-constant.mid,data/real_48k/r__long_high__t-pizzicato__d-f__p-constant__v-V2__take01.wav,data/real_raw/r__long_high__t-pizzicato__d-f__p-constant__v-V2__take01.wav,planned,363
r__scale_mid__t-legato_slur__d-f__p-constant__v-V2__take01,real,real_violin,constant,scale_mid,scale,mid,legato_slur,real_counterfactual_primary,49,f,96,96,,V2,P1,1,1,,False,0.75,data/midi/full/reference/ref__scale_mid__t-legato_slur__d-f__p-constant.mid,data/real_48k/r__scale_mid__t-legato_slur__d-f__p-constant__v-V2__take01.wav,data/real_raw/r__scale_mid__t-legato_slur__d-f__p-constant__v-V2__take01.wav,planned,364
r__leap_high__t-legato_slur__d-p__p-constant__v-V3__take02,real,real_violin,constant,leap_high,leap,high,legato_slur,real_counterfactual_primary,49,p,32,32,,V3,P1,2,2,,False,0.75,data/midi/full/reference/ref__leap_high__t-legato_slur__d-p__p-constant.mid,data/real_48k/r__leap_high__t-legato_slur__d-p__p-constant__v-V3__take02.wav,data/real_raw/r__leap_high__t-legato_slur__d-p__p-constant__v-V3__take02.wav,planned,365
r__repeat_high__t-sustain__d-p__p-constant__v-V3__take01,real,real_violin,constant,repeat_high,repeat,high,sustain,real_counterfactual_primary,36,p,32,32,,V3,P1,1,1,86.0,True,0.75,data/midi/full/reference/ref__repeat_high__t-sustain__d-p__p-constant.mid,data/real_48k/r__repeat_high__t-sustain__d-p__p-constant__v-V3__take01.wav,data/real_raw/r__repeat_high__t-sustain__d-p__p-constant__v-V3__take01.wav,planned,366
r__scale_mid__t-legato_slur__d-f__p-constant__v-V3__take01,real,real_violin,constant,scale_mid,scale,mid,legato_slur,real_counterfactual_primary,49,f,96,96,,V3,P1,1,1,,False,0.75,data/midi/full/reference/ref__scale_mid__t-legato_slur__d-f__p-constant.mid,data/real_48k/r__scale_mid__t-legato_slur__d-f__p-constant__v-V3__take01.wav,data/real_raw/r__scale_mid__t-legato_slur__d-f__p-constant__v-V3__take01.wav,planned,367
r__leap_mid__t-legato_slur__d-f__p-constant__v-V3__take02,real,real_violin,constant,leap_mid,leap,mid,legato_slur,real_counterfactual_primary,49,f,96,96,,V3,P1,2,2,,False,0.75,data/midi/full/reference/ref__leap_mid__t-legato_slur__d-f__p-constant.mid,data/real_48k/r__leap_mid__t-legato_slur__d-f__p-constant__v-V3__take02.wav,data/real_raw/r__leap_mid__t-legato_slur__d-f__p-constant__v-V3__take02.wav,planned,368
r__repeat_low__t-sustain__d-f__p-constant__v-V1__take01,real,real_violin,constant,repeat_low,repeat,low,sustain,real_counterfactual_primary,36,f,96,96,,V1,P1,1,1,62.0,True,0.75,data/midi/full/reference/ref__repeat_low__t-sustain__d-f__p-constant.mid,data/real_48k/r__repeat_low__t-sustain__d-f__p-constant__v-V1__take01.wav,data/real_raw/r__repeat_low__t-sustain__d-f__p-constant__v-V1__take01.wav,planned,369
r__repeat_low__t-legato_slur__d-f__p-constant__v-V2__take02,real,real_violin,constant,repeat_low,repeat,low,legato_slur,real_counterfactual_primary,49,f,96,96,,V2,P1,2,2,62.0,True,0.75,data/midi/full/reference/ref__repeat_low__t-legato_slur__d-f__p-constant.mid,data/real_48k/r__repeat_low__t-legato_slur__d-f__p-constant__v-V2__take02.wav,data/real_raw/r__repeat_low__t-legato_slur__d-f__p-constant__v-V2__take02.wav,planned,370
r__scale_high__t-staccato__d-p__p-constant__v-V2__take02,real,real_violin,constant,scale_high,scale,high,staccato,real_counterfactual_primary,40,p,32,32,,V2,P1,2,2,,False,0.75,data/midi/full/reference/ref__scale_high__t-staccato__d-p__p-constant.mid,data/real_48k/r__scale_high__t-staccato__d-p__p-constant__v-V2__take02.wav,data/real_raw/r__scale_high__t-staccato__d-p__p-constant__v-V2__take02.wav,planned,371
r__repeat_low__t-legato_slur__d-mf__p-constant__v-V2__take02,real,real_violin,constant,repeat_low,repeat,low,legato_slur,real_counterfactual_primary,49,mf,64,64,,V2,P1,2,2,62.0,True,0.75,data/midi/full/reference/ref__repeat_low__t-legato_slur__d-mf__p-constant.mid,data/real_48k/r__repeat_low__t-legato_slur__d-mf__p-constant__v-V2__take02.wav,data/real_raw/r__repeat_low__t-legato_slur__d-mf__p-constant__v-V2__take02.wav,planned,372
r__scale_low__t-legato_slur__d-p__p-constant__v-V1__take02,real,real_violin,constant,scale_low,scale,low,legato_slur,real_counterfactual_primary,49,p,32,32,,V1,P1,2,2,,False,0.75,data/midi/full/reference/ref__scale_low__t-legato_slur__d-p__p-constant.mid,data/real_48k/r__scale_low__t-legato_slur__d-p__p-constant__v-V1__take02.wav,data/real_raw/r__scale_low__t-legato_slur__d-p__p-constant__v-V1__take02.wav,planned,373
r__scale_mid__t-staccato__d-p__p-constant__v-V2__take02,real,real_violin,constant,scale_mid,scale,mid,staccato,real_counterfactual_primary,40,p,32,32,,V2,P1,2,2,,False,0.75,data/midi/full/reference/ref__scale_mid__t-staccato__d-p__p-constant.mid,data/real_48k/r__scale_mid__t-staccato__d-p__p-constant__v-V2__take02.wav,data/real_raw/r__scale_mid__t-staccato__d-p__p-constant__v-V2__take02.wav,planned,374
r__leap_low__t-legato_slur__d-mf__p-constant__v-V2__take01,real,real_violin,constant,leap_low,leap,low,legato_slur,real_counterfactual_primary,49,mf,64,64,,V2,P1,1,1,,False,0.75,data/midi/full/reference/ref__leap_low__t-legato_slur__d-mf__p-constant.mid,data/real_48k/r__leap_low__t-legato_slur__d-mf__p-constant__v-V2__take01.wav,data/real_raw/r__leap_low__t-legato_slur__d-mf__p-constant__v-V2__take01.wav,planned,375
r__scale_mid__t-sustain__d-f__p-constant__v-V1__take01,real,real_violin,constant,scale_mid,scale,mid,sustain,real_counterfactual_primary,36,f,96,96,,V1,P1,1,1,,False,0.75,data/midi/full/reference/ref__scale_mid__t-sustain__d-f__p-constant.mid,data/real_48k/r__scale_mid__t-sustain__d-f__p-constant__v-V1__take01.wav,data/real_raw/r__scale_mid__t-sustain__d-f__p-constant__v-V1__take01.wav,planned,376
r__scale_mid__t-legato_slur__d-f__p-constant__v-V2__take02,real,real_violin,constant,scale_mid,scale,mid,legato_slur,real_counterfactual_primary,49,f,96,96,,V2,P1,2,2,,False,0.75,data/midi/full/reference/ref__scale_mid__t-legato_slur__d-f__p-constant.mid,data/real_48k/r__scale_mid__t-legato_slur__d-f__p-constant__v-V2__take02.wav,data/real_raw/r__scale_mid__t-legato_slur__d-f__p-constant__v-V2__take02.wav,planned,377
r__long_low__t-sustain__d-p__p-constant__v-V2__take02,real,real_violin,constant,long_low,long,low,sustain,real_counterfactual_primary,36,p,32,32,,V2,P1,2,2,57.0,True,0.75,data/midi/full/reference/ref__long_low__t-sustain__d-p__p-constant.mid,data/real_48k/r__long_low__t-sustain__d-p__p-constant__v-V2__take02.wav,data/real_raw/r__long_low__t-sustain__d-p__p-constant__v-V2__take02.wav,planned,378
r__long_low__t-legato_slur__d-p__p-constant__v-V2__take02,real,real_violin,constant,long_low,long,low,legato_slur,real_counterfactual_primary,49,p,32,32,,V2,P1,2,2,57.0,True,0.75,data/midi/full/reference/ref__long_low__t-legato_slur__d-p__p-constant.mid,data/real_48k/r__long_low__t-legato_slur__d-p__p-constant__v-V2__take02.wav,data/real_raw/r__long_low__t-legato_slur__d-p__p-constant__v-V2__take02.wav,planned,379
r__repeat_mid__t-sustain__d-mf__p-constant__v-V3__take01,real,real_violin,constant,repeat_mid,repeat,mid,sustain,real_counterfactual_primary,36,mf,64,64,,V3,P1,1,1,74.0,True,0.75,data/midi/full/reference/ref__repeat_mid__t-sustain__d-mf__p-constant.mid,data/real_48k/r__repeat_mid__t-sustain__d-mf__p-constant__v-V3__take01.wav,data/real_raw/r__repeat_mid__t-sustain__d-mf__p-constant__v-V3__take01.wav,planned,380
r__repeat_high__t-legato_slur__d-mf__p-constant__v-V2__take01,real,real_violin,constant,repeat_high,repeat,high,legato_slur,real_counterfactual_primary,49,mf,64,64,,V2,P1,1,1,86.0,True,0.75,data/midi/full/reference/ref__repeat_high__t-legato_slur__d-mf__p-constant.mid,data/real_48k/r__repeat_high__t-legato_slur__d-mf__p-constant__v-V2__take01.wav,data/real_raw/r__repeat_high__t-legato_slur__d-mf__p-constant__v-V2__take01.wav,planned,381
r__leap_mid__t-legato_slur__d-mf__p-constant__v-V3__take02,real,real_violin,constant,leap_mid,leap,mid,legato_slur,real_counterfactual_primary,49,mf,64,64,,V3,P1,2,2,,False,0.75,data/midi/full/reference/ref__leap_mid__t-legato_slur__d-mf__p-constant.mid,data/real_48k/r__leap_mid__t-legato_slur__d-mf__p-constant__v-V3__take02.wav,data/real_raw/r__leap_mid__t-legato_slur__d-mf__p-constant__v-V3__take02.wav,planned,382
r__leap_low__t-staccato__d-f__p-constant__v-V2__take01,real,real_violin,constant,leap_low,leap,low,staccato,real_counterfactual_primary,40,f,96,96,,V2,P1,1,1,,False,0.75,data/midi/full/reference/ref__leap_low__t-staccato__d-f__p-constant.mid,data/real_48k/r__leap_low__t-staccato__d-f__p-constant__v-V2__take01.wav,data/real_raw/r__leap_low__t-staccato__d-f__p-constant__v-V2__take01.wav,planned,383
r__leap_low__t-pizzicato__d-mf__p-constant__v-V3__take02,real,real_violin,constant,leap_low,leap,low,pizzicato,real_counterfactual_primary,43,mf,64,64,,V3,P1,2,2,,False,0.75,data/midi/full/reference/ref__leap_low__t-pizzicato__d-mf__p-constant.mid,data/real_48k/r__leap_low__t-pizzicato__d-mf__p-constant__v-V3__take02.wav,data/real_raw/r__leap_low__t-pizzicato__d-mf__p-constant__v-V3__take02.wav,planned,384
r__scale_low__t-pizzicato__d-mf__p-constant__v-V3__take01,real,real_violin,constant,scale_low,scale,low,pizzicato,real_counterfactual_primary,43,mf,64,64,,V3,P1,1,1,,False,0.75,data/midi/full/reference/ref__scale_low__t-pizzicato__d-mf__p-constant.mid,data/real_48k/r__scale_low__t-pizzicato__d-mf__p-constant__v-V3__take01.wav,data/real_raw/r__scale_low__t-pizzicato__d-mf__p-constant__v-V3__take01.wav,planned,385
r__repeat_high__t-pizzicato__d-f__p-constant__v-V3__take01,real,real_violin,constant,repeat_high,repeat,high,pizzicato,real_counterfactual_primary,43,f,96,96,,V3,P1,1,1,86.0,True,0.75,data/midi/full/reference/ref__repeat_high__t-pizzicato__d-f__p-constant.mid,data/real_48k/r__repeat_high__t-pizzicato__d-f__p-constant__v-V3__take01.wav,data/real_raw/r__repeat_high__t-pizzicato__d-f__p-constant__v-V3__take01.wav,planned,386
r__repeat_high__t-staccato__d-f__p-constant__v-V2__take02,real,real_violin,constant,repeat_high,repeat,high,staccato,real_counterfactual_primary,40,f,96,96,,V2,P1,2,2,86.0,True,0.75,data/midi/full/reference/ref__repeat_high__t-staccato__d-f__p-constant.mid,data/real_48k/r__repeat_high__t-staccato__d-f__p-constant__v-V2__take02.wav,data/real_raw/r__repeat_high__t-staccato__d-f__p-constant__v-V2__take02.wav,planned,387
r__scale_low__t-staccato__d-mf__p-constant__v-V3__take02,real,real_violin,constant,scale_low,scale,low,staccato,real_counterfactual_primary,40,mf,64,64,,V3,P1,2,2,,False,0.75,data/midi/full/reference/ref__scale_low__t-staccato__d-mf__p-constant.mid,data/real_48k/r__scale_low__t-staccato__d-mf__p-constant__v-V3__take02.wav,data/real_raw/r__scale_low__t-staccato__d-mf__p-constant__v-V3__take02.wav,planned,388
r__repeat_low__t-pizzicato__d-p__p-constant__v-V3__take01,real,real_violin,constant,repeat_low,repeat,low,pizzicato,real_counterfactual_primary,43,p,32,32,,V3,P1,1,1,62.0,True,0.75,data/midi/full/reference/ref__repeat_low__t-pizzicato__d-p__p-constant.mid,data/real_48k/r__repeat_low__t-pizzicato__d-p__p-constant__v-V3__take01.wav,data/real_raw/r__repeat_low__t-pizzicato__d-p__p-constant__v-V3__take01.wav,planned,389
r__long_low__t-sustain__d-p__p-constant__v-V1__take02,real,real_violin,constant,long_low,long,low,sustain,real_counterfactual_primary,36,p,32,32,,V1,P1,2,2,57.0,True,0.75,data/midi/full/reference/ref__long_low__t-sustain__d-p__p-constant.mid,data/real_48k/r__long_low__t-sustain__d-p__p-constant__v-V1__take02.wav,data/real_raw/r__long_low__t-sustain__d-p__p-constant__v-V1__take02.wav,planned,390
r__repeat_high__t-pizzicato__d-mf__p-constant__v-V1__take01,real,real_violin,constant,repeat_high,repeat,high,pizzicato,real_counterfactual_primary,43,mf,64,64,,V1,P1,1,1,86.0,True,0.75,data/midi/full/reference/ref__repeat_high__t-pizzicato__d-mf__p-constant.mid,data/real_48k/r__repeat_high__t-pizzicato__d-mf__p-constant__v-V1__take01.wav,data/real_raw/r__repeat_high__t-pizzicato__d-mf__p-constant__v-V1__take01.wav,planned,391
r__scale_mid__t-pizzicato__d-mf__p-constant__v-V1__take01,real,real_violin,constant,scale_mid,scale,mid,pizzicato,real_counterfactual_primary,43,mf,64,64,,V1,P1,1,1,,False,0.75,data/midi/full/reference/ref__scale_mid__t-pizzicato__d-mf__p-constant.mid,data/real_48k/r__scale_mid__t-pizzicato__d-mf__p-constant__v-V1__take01.wav,data/real_raw/r__scale_mid__t-pizzicato__d-mf__p-constant__v-V1__take01.wav,planned,392
r__long_mid__t-legato_slur__d-mf__p-constant__v-V2__take02,real,real_violin,constant,long_mid,long,mid,legato_slur,real_counterfactual_primary,49,mf,64,64,,V2,P1,2,2,69.0,True,0.75,data/midi/full/reference/ref__long_mid__t-legato_slur__d-mf__p-constant.mid,data/real_48k/r__long_mid__t-legato_slur__d-mf__p-constant__v-V2__take02.wav,data/real_raw/r__long_mid__t-legato_slur__d-mf__p-constant__v-V2__take02.wav,planned,393
r__repeat_mid__t-legato_slur__d-p__p-constant__v-V1__take01,real,real_violin,constant,repeat_mid,repeat,mid,legato_slur,real_counterfactual_primary,49,p,32,32,,V1,P1,1,1,74.0,True,0.75,data/midi/full/reference/ref__repeat_mid__t-legato_slur__d-p__p-constant.mid,data/real_48k/r__repeat_mid__t-legato_slur__d-p__p-constant__v-V1__take01.wav,data/real_raw/r__repeat_mid__t-legato_slur__d-p__p-constant__v-V1__take01.wav,planned,394
r__leap_low__t-staccato__d-p__p-constant__v-V1__take01,real,real_violin,constant,leap_low,leap,low,staccato,real_counterfactual_primary,40,p,32,32,,V1,P1,1,1,,False,0.75,data/midi/full/reference/ref__leap_low__t-staccato__d-p__p-constant.mid,data/real_48k/r__leap_low__t-staccato__d-p__p-constant__v-V1__take01.wav,data/real_raw/r__leap_low__t-staccato__d-p__p-constant__v-V1__take01.wav,planned,395
r__leap_high__t-sustain__d-f__p-constant__v-V3__take01,real,real_violin,constant,leap_high,leap,high,sustain,real_counterfactual_primary,36,f,96,96,,V3,P1,1,1,,False,0.75,data/midi/full/reference/ref__leap_high__t-sustain__d-f__p-constant.mid,data/real_48k/r__leap_high__t-sustain__d-f__p-constant__v-V3__take01.wav,data/real_raw/r__leap_high__t-sustain__d-f__p-constant__v-V3__take01.wav,planned,396
r__scale_high__t-legato_slur__d-mf__p-constant__v-V1__take01,real,real_violin,constant,scale_high,scale,high,legato_slur,real_counterfactual_primary,49,mf,64,64,,V1,P1,1,1,,False,0.75,data/midi/full/reference/ref__scale_high__t-legato_slur__d-mf__p-constant.mid,data/real_48k/r__scale_high__t-legato_slur__d-mf__p-constant__v-V1__take01.wav,data/real_raw/r__scale_high__t-legato_slur__d-mf__p-constant__v-V1__take01.wav,planned,397
r__long_low__t-staccato__d-f__p-constant__v-V2__take02,real,real_violin,constant,long_low,long,low,staccato,real_counterfactual_primary,40,f,96,96,,V2,P1,2,2,57.0,True,0.75,data/midi/full/reference/ref__long_low__t-staccato__d-f__p-constant.mid,data/real_48k/r__long_low__t-staccato__d-f__p-constant__v-V2__take02.wav,data/real_raw/r__long_low__t-staccato__d-f__p-constant__v-V2__take02.wav,planned,398
r__leap_high__t-sustain__d-p__p-constant__v-V1__take01,real,real_violin,constant,leap_high,leap,high,sustain,real_counterfactual_primary,36,p,32,32,,V1,P1,1,1,,False,0.75,data/midi/full/reference/ref__leap_high__t-sustain__d-p__p-constant.mid,data/real_48k/r__leap_high__t-sustain__d-p__p-constant__v-V1__take01.wav,data/real_raw/r__leap_high__t-sustain__d-p__p-constant__v-V1__take01.wav,planned,399
r__leap_mid__t-sustain__d-p__p-constant__v-V3__take01,real,real_violin,constant,leap_mid,leap,mid,sustain,real_counterfactual_primary,36,p,32,32,,V3,P1,1,1,,False,0.75,data/midi/full/reference/ref__leap_mid__t-sustain__d-p__p-constant.mid,data/real_48k/r__leap_mid__t-sustain__d-p__p-constant__v-V3__take01.wav,data/real_raw/r__leap_mid__t-sustain__d-p__p-constant__v-V3__take01.wav,planned,400
r__leap_low__t-staccato__d-f__p-constant__v-V1__take02,real,real_violin,constant,leap_low,leap,low,staccato,real_counterfactual_primary,40,f,96,96,,V1,P1,2,2,,False,0.75,data/midi/full/reference/ref__leap_low__t-staccato__d-f__p-constant.mid,data/real_48k/r__leap_low__t-staccato__d-f__p-constant__v-V1__take02.wav,data/real_raw/r__leap_low__t-staccato__d-f__p-constant__v-V1__take02.wav,planned,401
r__leap_high__t-legato_slur__d-p__p-constant__v-V3__take01,real,real_violin,constant,leap_high,leap,high,legato_slur,real_counterfactual_primary,49,p,32,32,,V3,P1,1,1,,False,0.75,data/midi/full/reference/ref__leap_high__t-legato_slur__d-p__p-constant.mid,data/real_48k/r__leap_high__t-legato_slur__d-p__p-constant__v-V3__take01.wav,data/real_raw/r__leap_high__t-legato_slur__d-p__p-constant__v-V3__take01.wav,planned,402
r__scale_mid__t-pizzicato__d-f__p-constant__v-V3__take01,real,real_violin,constant,scale_mid,scale,mid,pizzicato,real_counterfactual_primary,43,f,96,96,,V3,P1,1,1,,False,0.75,data/midi/full/reference/ref__scale_mid__t-pizzicato__d-f__p-constant.mid,data/real_48k/r__scale_mid__t-pizzicato__d-f__p-constant__v-V3__take01.wav,data/real_raw/r__scale_mid__t-pizzicato__d-f__p-constant__v-V3__take01.wav,planned,403
r__long_low__t-staccato__d-p__p-constant__v-V2__take02,real,real_violin,constant,long_low,long,low,staccato,real_counterfactual_primary,40,p,32,32,,V2,P1,2,2,57.0,True,0.75,data/midi/full/reference/ref__long_low__t-staccato__d-p__p-constant.mid,data/real_48k/r__long_low__t-staccato__d-p__p-constant__v-V2__take02.wav,data/real_raw/r__long_low__t-staccato__d-p__p-constant__v-V2__take02.wav,planned,404
r__scale_high__t-legato_slur__d-mf__p-constant__v-V3__take02,real,real_violin,constant,scale_high,scale,high,legato_slur,real_counterfactual_primary,49,mf,64,64,,V3,P1,2,2,,False,0.75,data/midi/full/reference/ref__scale_high__t-legato_slur__d-mf__p-constant.mid,data/real_48k/r__scale_high__t-legato_slur__d-mf__p-constant__v-V3__take02.wav,data/real_raw/r__scale_high__t-legato_slur__d-mf__p-constant__v-V3__take02.wav,planned,405
r__leap_high__t-pizzicato__d-mf__p-constant__v-V3__take02,real,real_violin,constant,leap_high,leap,high,pizzicato,real_counterfactual_primary,43,mf,64,64,,V3,P1,2,2,,False,0.75,data/midi/full/reference/ref__leap_high__t-pizzicato__d-mf__p-constant.mid,data/real_48k/r__leap_high__t-pizzicato__d-mf__p-constant__v-V3__take02.wav,data/real_raw/r__leap_high__t-pizzicato__d-mf__p-constant__v-V3__take02.wav,planned,406
r__scale_mid__t-sustain__d-mf__p-constant__v-V2__take01,real,real_violin,constant,scale_mid,scale,mid,sustain,real_counterfactual_primary,36,mf,64,64,,V2,P1,1,1,,False,0.75,data/midi/full/reference/ref__scale_mid__t-sustain__d-mf__p-constant.mid,data/real_48k/r__scale_mid__t-sustain__d-mf__p-constant__v-V2__take01.wav,data/real_raw/r__scale_mid__t-sustain__d-mf__p-constant__v-V2__take01.wav,planned,407
r__long_high__t-pizzicato__d-mf__p-constant__v-V1__take02,real,real_violin,constant,long_high,long,high,pizzicato,real_counterfactual_primary,43,mf,64,64,,V1,P1,2,2,81.0,True,0.75,data/midi/full/reference/ref__long_high__t-pizzicato__d-mf__p-constant.mid,data/real_48k/r__long_high__t-pizzicato__d-mf__p-constant__v-V1__take02.wav,data/real_raw/r__long_high__t-pizzicato__d-mf__p-constant__v-V1__take02.wav,planned,408
r__scale_low__t-sustain__d-p__p-constant__v-V3__take02,real,real_violin,constant,scale_low,scale,low,sustain,real_counterfactual_primary,36,p,32,32,,V3,P1,2,2,,False,0.75,data/midi/full/reference/ref__scale_low__t-sustain__d-p__p-constant.mid,data/real_48k/r__scale_low__t-sustain__d-p__p-constant__v-V3__take02.wav,data/real_raw/r__scale_low__t-sustain__d-p__p-constant__v-V3__take02.wav,planned,409
r__repeat_low__t-sustain__d-mf__p-constant__v-V1__take01,real,real_violin,constant,repeat_low,repeat,low,sustain,real_counterfactual_primary,36,mf,64,64,,V1,P1,1,1,62.0,True,0.75,data/midi/full/reference/ref__repeat_low__t-sustain__d-mf__p-constant.mid,data/real_48k/r__repeat_low__t-sustain__d-mf__p-constant__v-V1__take01.wav,data/real_raw/r__repeat_low__t-sustain__d-mf__p-constant__v-V1__take01.wav,planned,410
r__scale_low__t-legato_slur__d-f__p-constant__v-V3__take01,real,real_violin,constant,scale_low,scale,low,legato_slur,real_counterfactual_primary,49,f,96,96,,V3,P1,1,1,,False,0.75,data/midi/full/reference/ref__scale_low__t-legato_slur__d-f__p-constant.mid,data/real_48k/r__scale_low__t-legato_slur__d-f__p-constant__v-V3__take01.wav,data/real_raw/r__scale_low__t-legato_slur__d-f__p-constant__v-V3__take01.wav,planned,411
r__long_mid__t-legato_slur__d-p__p-constant__v-V1__take02,real,real_violin,constant,long_mid,long,mid,legato_slur,real_counterfactual_primary,49,p,32,32,,V1,P1,2,2,69.0,True,0.75,data/midi/full/reference/ref__long_mid__t-legato_slur__d-p__p-constant.mid,data/real_48k/r__long_mid__t-legato_slur__d-p__p-constant__v-V1__take02.wav,data/real_raw/r__long_mid__t-legato_slur__d-p__p-constant__v-V1__take02.wav,planned,412
r__leap_mid__t-staccato__d-mf__p-constant__v-V3__take01,real,real_violin,constant,leap_mid,leap,mid,staccato,real_counterfactual_primary,40,mf,64,64,,V3,P1,1,1,,False,0.75,data/midi/full/reference/ref__leap_mid__t-staccato__d-mf__p-constant.mid,data/real_48k/r__leap_mid__t-staccato__d-mf__p-constant__v-V3__take01.wav,data/real_raw/r__leap_mid__t-staccato__d-mf__p-constant__v-V3__take01.wav,planned,413
r__repeat_high__t-pizzicato__d-p__p-constant__v-V1__take02,real,real_violin,constant,repeat_high,repeat,high,pizzicato,real_counterfactual_primary,43,p,32,32,,V1,P1,2,2,86.0,True,0.75,data/midi/full/reference/ref__repeat_high__t-pizzicato__d-p__p-constant.mid,data/real_48k/r__repeat_high__t-pizzicato__d-p__p-constant__v-V1__take02.wav,data/real_raw/r__repeat_high__t-pizzicato__d-p__p-constant__v-V1__take02.wav,planned,414
r__long_low__t-sustain__d-mf__p-constant__v-V3__take02,real,real_violin,constant,long_low,long,low,sustain,real_counterfactual_primary,36,mf,64,64,,V3,P1,2,2,57.0,True,0.75,data/midi/full/reference/ref__long_low__t-sustain__d-mf__p-constant.mid,data/real_48k/r__long_low__t-sustain__d-mf__p-constant__v-V3__take02.wav,data/real_raw/r__long_low__t-sustain__d-mf__p-constant__v-V3__take02.wav,planned,415
r__scale_mid__t-sustain__d-f__p-constant__v-V3__take01,real,real_violin,constant,scale_mid,scale,mid,sustain,real_counterfactual_primary,36,f,96,96,,V3,P1,1,1,,False,0.75,data/midi/full/reference/ref__scale_mid__t-sustain__d-f__p-constant.mid,data/real_48k/r__scale_mid__t-sustain__d-f__p-constant__v-V3__take01.wav,data/real_raw/r__scale_mid__t-sustain__d-f__p-constant__v-V3__take01.wav,planned,416
r__long_high__t-staccato__d-f__p-constant__v-V2__take02,real,real_violin,constant,long_high,long,high,staccato,real_counterfactual_primary,40,f,96,96,,V2,P1,2,2,81.0,True,0.75,data/midi/full/reference/ref__long_high__t-staccato__d-f__p-constant.mid,data/real_48k/r__long_high__t-staccato__d-f__p-constant__v-V2__take02.wav,data/real_raw/r__long_high__t-staccato__d-f__p-constant__v-V2__take02.wav,planned,417
r__repeat_high__t-staccato__d-mf__p-constant__v-V3__take01,real,real_violin,constant,repeat_high,repeat,high,staccato,real_counterfactual_primary,40,mf,64,64,,V3,P1,1,1,86.0,True,0.75,data/midi/full/reference/ref__repeat_high__t-staccato__d-mf__p-constant.mid,data/real_48k/r__repeat_high__t-staccato__d-mf__p-constant__v-V3__take01.wav,data/real_raw/r__repeat_high__t-staccato__d-mf__p-constant__v-V3__take01.wav,planned,418
r__long_mid__t-sustain__d-mf__p-constant__v-V1__take02,real,real_violin,constant,long_mid,long,mid,sustain,real_counterfactual_primary,36,mf,64,64,,V1,P1,2,2,69.0,True,0.75,data/midi/full/reference/ref__long_mid__t-sustain__d-mf__p-constant.mid,data/real_48k/r__long_mid__t-sustain__d-mf__p-constant__v-V1__take02.wav,data/real_raw/r__long_mid__t-sustain__d-mf__p-constant__v-V1__take02.wav,planned,419
r__long_high__t-sustain__d-p__p-constant__v-V1__take01,real,real_violin,constant,long_high,long,high,sustain,real_counterfactual_primary,36,p,32,32,,V1,P1,1,1,81.0,True,0.75,data/midi/full/reference/ref__long_high__t-sustain__d-p__p-constant.mid,data/real_48k/r__long_high__t-sustain__d-p__p-constant__v-V1__take01.wav,data/real_raw/r__long_high__t-sustain__d-p__p-constant__v-V1__take01.wav,planned,420
r__repeat_low__t-legato_slur__d-f__p-constant__v-V1__take02,real,real_violin,constant,repeat_low,repeat,low,legato_slur,real_counterfactual_primary,49,f,96,96,,V1,P1,2,2,62.0,True,0.75,data/midi/full/reference/ref__repeat_low__t-legato_slur__d-f__p-constant.mid,data/real_48k/r__repeat_low__t-legato_slur__d-f__p-constant__v-V1__take02.wav,data/real_raw/r__repeat_low__t-legato_slur__d-f__p-constant__v-V1__take02.wav,planned,421
r__scale_mid__t-staccato__d-mf__p-constant__v-V1__take01,real,real_violin,constant,scale_mid,scale,mid,staccato,real_counterfactual_primary,40,mf,64,64,,V1,P1,1,1,,False,0.75,data/midi/full/reference/ref__scale_mid__t-staccato__d-mf__p-constant.mid,data/real_48k/r__scale_mid__t-staccato__d-mf__p-constant__v-V1__take01.wav,data/real_raw/r__scale_mid__t-staccato__d-mf__p-constant__v-V1__take01.wav,planned,422
r__scale_high__t-staccato__d-mf__p-constant__v-V3__take02,real,real_violin,constant,scale_high,scale,high,staccato,real_counterfactual_primary,40,mf,64,64,,V3,P1,2,2,,False,0.75,data/midi/full/reference/ref__scale_high__t-staccato__d-mf__p-constant.mid,data/real_48k/r__scale_high__t-staccato__d-mf__p-constant__v-V3__take02.wav,data/real_raw/r__scale_high__t-staccato__d-mf__p-constant__v-V3__take02.wav,planned,423
r__leap_low__t-legato_slur__d-p__p-constant__v-V2__take02,real,real_violin,constant,leap_low,leap,low,legato_slur,real_counterfactual_primary,49,p,32,32,,V2,P1,2,2,,False,0.75,data/midi/full/reference/ref__leap_low__t-legato_slur__d-p__p-constant.mid,data/real_48k/r__leap_low__t-legato_slur__d-p__p-constant__v-V2__take02.wav,data/real_raw/r__leap_low__t-legato_slur__d-p__p-constant__v-V2__take02.wav,planned,424
r__long_high__t-sustain__d-mf__p-constant__v-V2__take01,real,real_violin,constant,long_high,long,high,sustain,real_counterfactual_primary,36,mf,64,64,,V2,P1,1,1,81.0,True,0.75,data/midi/full/reference/ref__long_high__t-sustain__d-mf__p-constant.mid,data/real_48k/r__long_high__t-sustain__d-mf__p-constant__v-V2__take01.wav,data/real_raw/r__long_high__t-sustain__d-mf__p-constant__v-V2__take01.wav,planned,425
r__repeat_high__t-pizzicato__d-mf__p-constant__v-V2__take01,real,real_violin,constant,repeat_high,repeat,high,pizzicato,real_counterfactual_primary,43,mf,64,64,,V2,P1,1,1,86.0,True,0.75,data/midi/full/reference/ref__repeat_high__t-pizzicato__d-mf__p-constant.mid,data/real_48k/r__repeat_high__t-pizzicato__d-mf__p-constant__v-V2__take01.wav,data/real_raw/r__repeat_high__t-pizzicato__d-mf__p-constant__v-V2__take01.wav,planned,426
r__leap_low__t-legato_slur__d-p__p-constant__v-V3__take02,real,real_violin,constant,leap_low,leap,low,legato_slur,real_counterfactual_primary,49,p,32,32,,V3,P1,2,2,,False,0.75,data/midi/full/reference/ref__leap_low__t-legato_slur__d-p__p-constant.mid,data/real_48k/r__leap_low__t-legato_slur__d-p__p-constant__v-V3__take02.wav,data/real_raw/r__leap_low__t-legato_slur__d-p__p-constant__v-V3__take02.wav,planned,427
r__scale_mid__t-pizzicato__d-mf__p-constant__v-V3__take01,real,real_violin,constant,scale_mid,scale,mid,pizzicato,real_counterfactual_primary,43,mf,64,64,,V3,P1,1,1,,False,0.75,data/midi/full/reference/ref__scale_mid__t-pizzicato__d-mf__p-constant.mid,data/real_48k/r__scale_mid__t-pizzicato__d-mf__p-constant__v-V3__take01.wav,data/real_raw/r__scale_mid__t-pizzicato__d-mf__p-constant__v-V3__take01.wav,planned,428
r__repeat_high__t-legato_slur__d-mf__p-constant__v-V2__take02,real,real_violin,constant,repeat_high,repeat,high,legato_slur,real_counterfactual_primary,49,mf,64,64,,V2,P1,2,2,86.0,True,0.75,data/midi/full/reference/ref__repeat_high__t-legato_slur__d-mf__p-constant.mid,data/real_48k/r__repeat_high__t-legato_slur__d-mf__p-constant__v-V2__take02.wav,data/real_raw/r__repeat_high__t-legato_slur__d-mf__p-constant__v-V2__take02.wav,planned,429
r__leap_mid__t-legato_slur__d-p__p-constant__v-V3__take02,real,real_violin,constant,leap_mid,leap,mid,legato_slur,real_counterfactual_primary,49,p,32,32,,V3,P1,2,2,,False,0.75,data/midi/full/reference/ref__leap_mid__t-legato_slur__d-p__p-constant.mid,data/real_48k/r__leap_mid__t-legato_slur__d-p__p-constant__v-V3__take02.wav,data/real_raw/r__leap_mid__t-legato_slur__d-p__p-constant__v-V3__take02.wav,planned,430
r__repeat_low__t-pizzicato__d-f__p-constant__v-V3__take02,real,real_violin,constant,repeat_low,repeat,low,pizzicato,real_counterfactual_primary,43,f,96,96,,V3,P1,2,2,62.0,True,0.75,data/midi/full/reference/ref__repeat_low__t-pizzicato__d-f__p-constant.mid,data/real_48k/r__repeat_low__t-pizzicato__d-f__p-constant__v-V3__take02.wav,data/real_raw/r__repeat_low__t-pizzicato__d-f__p-constant__v-V3__take02.wav,planned,431
r__scale_low__t-legato_slur__d-p__p-constant__v-V3__take02,real,real_violin,constant,scale_low,scale,low,legato_slur,real_counterfactual_primary,49,p,32,32,,V3,P1,2,2,,False,0.75,data/midi/full/reference/ref__scale_low__t-legato_slur__d-p__p-constant.mid,data/real_48k/r__scale_low__t-legato_slur__d-p__p-constant__v-V3__take02.wav,data/real_raw/r__scale_low__t-legato_slur__d-p__p-constant__v-V3__take02.wav,planned,432
r__scale_high__t-staccato__d-p__p-constant__v-V1__take01,real,real_violin,constant,scale_high,scale,high,staccato,real_counterfactual_primary,40,p,32,32,,V1,P1,1,1,,False,0.75,data/midi/full/reference/ref__scale_high__t-staccato__d-p__p-constant.mid,data/real_48k/r__scale_high__t-staccato__d-p__p-constant__v-V1__take01.wav,data/real_raw/r__scale_high__t-staccato__d-p__p-constant__v-V1__take01.wav,planned,433
r__long_mid__t-sustain__d-p__p-constant__v-V2__take02,real,real_violin,constant,long_mid,long,mid,sustain,real_counterfactual_primary,36,p,32,32,,V2,P1,2,2,69.0,True,0.75,data/midi/full/reference/ref__long_mid__t-sustain__d-p__p-constant.mid,data/real_48k/r__long_mid__t-sustain__d-p__p-constant__v-V2__take02.wav,data/real_raw/r__long_mid__t-sustain__d-p__p-constant__v-V2__take02.wav,planned,434
r__repeat_mid__t-pizzicato__d-mf__p-constant__v-V1__take02,real,real_violin,constant,repeat_mid,repeat,mid,pizzicato,real_counterfactual_primary,43,mf,64,64,,V1,P1,2,2,74.0,True,0.75,data/midi/full/reference/ref__repeat_mid__t-pizzicato__d-mf__p-constant.mid,data/real_48k/r__repeat_mid__t-pizzicato__d-mf__p-constant__v-V1__take02.wav,data/real_raw/r__repeat_mid__t-pizzicato__d-mf__p-constant__v-V1__take02.wav,planned,435
r__leap_mid__t-sustain__d-f__p-constant__v-V1__take02,real,real_violin,constant,leap_mid,leap,mid,sustain,real_counterfactual_primary,36,f,96,96,,V1,P1,2,2,,False,0.75,data/midi/full/reference/ref__leap_mid__t-sustain__d-f__p-constant.mid,data/real_48k/r__leap_mid__t-sustain__d-f__p-constant__v-V1__take02.wav,data/real_raw/r__leap_mid__t-sustain__d-f__p-constant__v-V1__take02.wav,planned,436
r__leap_mid__t-pizzicato__d-p__p-constant__v-V1__take01,real,real_violin,constant,leap_mid,leap,mid,pizzicato,real_counterfactual_primary,43,p,32,32,,V1,P1,1,1,,False,0.75,data/midi/full/reference/ref__leap_mid__t-pizzicato__d-p__p-constant.mid,data/real_48k/r__leap_mid__t-pizzicato__d-p__p-constant__v-V1__take01.wav,data/real_raw/r__leap_mid__t-pizzicato__d-p__p-constant__v-V1__take01.wav,planned,437
r__repeat_mid__t-pizzicato__d-mf__p-constant__v-V3__take01,real,real_violin,constant,repeat_mid,repeat,mid,pizzicato,real_counterfactual_primary,43,mf,64,64,,V3,P1,1,1,74.0,True,0.75,data/midi/full/reference/ref__repeat_mid__t-pizzicato__d-mf__p-constant.mid,data/real_48k/r__repeat_mid__t-pizzicato__d-mf__p-constant__v-V3__take01.wav,data/real_raw/r__repeat_mid__t-pizzicato__d-mf__p-constant__v-V3__take01.wav,planned,438
r__repeat_low__t-staccato__d-f__p-constant__v-V2__take02,real,real_violin,constant,repeat_low,repeat,low,staccato,real_counterfactual_primary,40,f,96,96,,V2,P1,2,2,62.0,True,0.75,data/midi/full/reference/ref__repeat_low__t-staccato__d-f__p-constant.mid,data/real_48k/r__repeat_low__t-staccato__d-f__p-constant__v-V2__take02.wav,data/real_raw/r__repeat_low__t-staccato__d-f__p-constant__v-V2__take02.wav,planned,439
r__long_high__t-staccato__d-p__p-constant__v-V3__take02,real,real_violin,constant,long_high,long,high,staccato,real_counterfactual_primary,40,p,32,32,,V3,P1,2,2,81.0,True,0.75,data/midi/full/reference/ref__long_high__t-staccato__d-p__p-constant.mid,data/real_48k/r__long_high__t-staccato__d-p__p-constant__v-V3__take02.wav,data/real_raw/r__long_high__t-staccato__d-p__p-constant__v-V3__take02.wav,planned,440
r__scale_mid__t-legato_slur__d-mf__p-constant__v-V3__take02,real,real_violin,constant,scale_mid,scale,mid,legato_slur,real_counterfactual_primary,49,mf,64,64,,V3,P1,2,2,,False,0.75,data/midi/full/reference/ref__scale_mid__t-legato_slur__d-mf__p-constant.mid,data/real_48k/r__scale_mid__t-legato_slur__d-mf__p-constant__v-V3__take02.wav,data/real_raw/r__scale_mid__t-legato_slur__d-mf__p-constant__v-V3__take02.wav,planned,441
r__scale_low__t-staccato__d-p__p-constant__v-V2__take01,real,real_violin,constant,scale_low,scale,low,staccato,real_counterfactual_primary,40,p,32,32,,V2,P1,1,1,,False,0.75,data/midi/full/reference/ref__scale_low__t-staccato__d-p__p-constant.mid,data/real_48k/r__scale_low__t-staccato__d-p__p-constant__v-V2__take01.wav,data/real_raw/r__scale_low__t-staccato__d-p__p-constant__v-V2__take01.wav,planned,442
r__leap_low__t-legato_slur__d-mf__p-constant__v-V1__take02,real,real_violin,constant,leap_low,leap,low,legato_slur,real_counterfactual_primary,49,mf,64,64,,V1,P1,2,2,,False,0.75,data/midi/full/reference/ref__leap_low__t-legato_slur__d-mf__p-constant.mid,data/real_48k/r__leap_low__t-legato_slur__d-mf__p-constant__v-V1__take02.wav,data/real_raw/r__leap_low__t-legato_slur__d-mf__p-constant__v-V1__take02.wav,planned,443
r__scale_high__t-pizzicato__d-mf__p-constant__v-V2__take01,real,real_violin,constant,scale_high,scale,high,pizzicato,real_counterfactual_primary,43,mf,64,64,,V2,P1,1,1,,False,0.75,data/midi/full/reference/ref__scale_high__t-pizzicato__d-mf__p-constant.mid,data/real_48k/r__scale_high__t-pizzicato__d-mf__p-constant__v-V2__take01.wav,data/real_raw/r__scale_high__t-pizzicato__d-mf__p-constant__v-V2__take01.wav,planned,444
r__scale_low__t-staccato__d-p__p-constant__v-V3__take02,real,real_violin,constant,scale_low,scale,low,staccato,real_counterfactual_primary,40,p,32,32,,V3,P1,2,2,,False,0.75,data/midi/full/reference/ref__scale_low__t-staccato__d-p__p-constant.mid,data/real_48k/r__scale_low__t-staccato__d-p__p-constant__v-V3__take02.wav,data/real_raw/r__scale_low__t-staccato__d-p__p-constant__v-V3__take02.wav,planned,445
r__scale_high__t-pizzicato__d-f__p-constant__v-V3__take02,real,real_violin,constant,scale_high,scale,high,pizzicato,real_counterfactual_primary,43,f,96,96,,V3,P1,2,2,,False,0.75,data/midi/full/reference/ref__scale_high__t-pizzicato__d-f__p-constant.mid,data/real_48k/r__scale_high__t-pizzicato__d-f__p-constant__v-V3__take02.wav,data/real_raw/r__scale_high__t-pizzicato__d-f__p-constant__v-V3__take02.wav,planned,446
r__scale_mid__t-sustain__d-mf__p-constant__v-V1__take01,real,real_violin,constant,scale_mid,scale,mid,sustain,real_counterfactual_primary,36,mf,64,64,,V1,P1,1,1,,False,0.75,data/midi/full/reference/ref__scale_mid__t-sustain__d-mf__p-constant.mid,data/real_48k/r__scale_mid__t-sustain__d-mf__p-constant__v-V1__take01.wav,data/real_raw/r__scale_mid__t-sustain__d-mf__p-constant__v-V1__take01.wav,planned,447
r__long_high__t-sustain__d-f__p-constant__v-V1__take02,real,real_violin,constant,long_high,long,high,sustain,real_counterfactual_primary,36,f,96,96,,V1,P1,2,2,81.0,True,0.75,data/midi/full/reference/ref__long_high__t-sustain__d-f__p-constant.mid,data/real_48k/r__long_high__t-sustain__d-f__p-constant__v-V1__take02.wav,data/real_raw/r__long_high__t-sustain__d-f__p-constant__v-V1__take02.wav,planned,448
r__leap_high__t-sustain__d-p__p-constant__v-V3__take02,real,real_violin,constant,leap_high,leap,high,sustain,real_counterfactual_primary,36,p,32,32,,V3,P1,2,2,,False,0.75,data/midi/full/reference/ref__leap_high__t-sustain__d-p__p-constant.mid,data/real_48k/r__leap_high__t-sustain__d-p__p-constant__v-V3__take02.wav,data/real_raw/r__leap_high__t-sustain__d-p__p-constant__v-V3__take02.wav,planned,449
r__long_mid__t-pizzicato__d-p__p-constant__v-V1__take01,real,real_violin,constant,long_mid,long,mid,pizzicato,real_counterfactual_primary,43,p,32,32,,V1,P1,1,1,69.0,True,0.75,data/midi/full/reference/ref__long_mid__t-pizzicato__d-p__p-constant.mid,data/real_48k/r__long_mid__t-pizzicato__d-p__p-constant__v-V1__take01.wav,data/real_raw/r__long_mid__t-pizzicato__d-p__p-constant__v-V1__take01.wav,planned,450
r__long_low__t-legato_slur__d-p__p-constant__v-V3__take01,real,real_violin,constant,long_low,long,low,legato_slur,real_counterfactual_primary,49,p,32,32,,V3,P1,1,1,57.0,True,0.75,data/midi/full/reference/ref__long_low__t-legato_slur__d-p__p-constant.mid,data/real_48k/r__long_low__t-legato_slur__d-p__p-constant__v-V3__take01.wav,data/real_raw/r__long_low__t-legato_slur__d-p__p-constant__v-V3__take01.wav,planned,451
r__scale_high__t-sustain__d-mf__p-constant__v-V1__take01,real,real_violin,constant,scale_high,scale,high,sustain,real_counterfactual_primary,36,mf,64,64,,V1,P1,1,1,,False,0.75,data/midi/full/reference/ref__scale_high__t-sustain__d-mf__p-constant.mid,data/real_48k/r__scale_high__t-sustain__d-mf__p-constant__v-V1__take01.wav,data/real_raw/r__scale_high__t-sustain__d-mf__p-constant__v-V1__take01.wav,planned,452
r__repeat_low__t-sustain__d-p__p-constant__v-V1__take01,real,real_violin,constant,repeat_low,repeat,low,sustain,real_counterfactual_primary,36,p,32,32,,V1,P1,1,1,62.0,True,0.75,data/midi/full/reference/ref__repeat_low__t-sustain__d-p__p-constant.mid,data/real_48k/r__repeat_low__t-sustain__d-p__p-constant__v-V1__take01.wav,data/real_raw/r__repeat_low__t-sustain__d-p__p-constant__v-V1__take01.wav,planned,453
r__repeat_mid__t-staccato__d-f__p-constant__v-V3__take01,real,real_violin,constant,repeat_mid,repeat,mid,staccato,real_counterfactual_primary,40,f,96,96,,V3,P1,1,1,74.0,True,0.75,data/midi/full/reference/ref__repeat_mid__t-staccato__d-f__p-constant.mid,data/real_48k/r__repeat_mid__t-staccato__d-f__p-constant__v-V3__take01.wav,data/real_raw/r__repeat_mid__t-staccato__d-f__p-constant__v-V3__take01.wav,planned,454
r__leap_mid__t-staccato__d-f__p-constant__v-V1__take02,real,real_violin,constant,leap_mid,leap,mid,staccato,real_counterfactual_primary,40,f,96,96,,V1,P1,2,2,,False,0.75,data/midi/full/reference/ref__leap_mid__t-staccato__d-f__p-constant.mid,data/real_48k/r__leap_mid__t-staccato__d-f__p-constant__v-V1__take02.wav,data/real_raw/r__leap_mid__t-staccato__d-f__p-constant__v-V1__take02.wav,planned,455
r__scale_low__t-staccato__d-p__p-constant__v-V1__take01,real,real_violin,constant,scale_low,scale,low,staccato,real_counterfactual_primary,40,p,32,32,,V1,P1,1,1,,False,0.75,data/midi/full/reference/ref__scale_low__t-staccato__d-p__p-constant.mid,data/real_48k/r__scale_low__t-staccato__d-p__p-constant__v-V1__take01.wav,data/real_raw/r__scale_low__t-staccato__d-p__p-constant__v-V1__take01.wav,planned,456
r__repeat_mid__t-legato_slur__d-mf__p-constant__v-V2__take02,real,real_violin,constant,repeat_mid,repeat,mid,legato_slur,real_counterfactual_primary,49,mf,64,64,,V2,P1,2,2,74.0,True,0.75,data/midi/full/reference/ref__repeat_mid__t-legato_slur__d-mf__p-constant.mid,data/real_48k/r__repeat_mid__t-legato_slur__d-mf__p-constant__v-V2__take02.wav,data/real_raw/r__repeat_mid__t-legato_slur__d-mf__p-constant__v-V2__take02.wav,planned,457
r__leap_low__t-sustain__d-f__p-constant__v-V3__take01,real,real_violin,constant,leap_low,leap,low,sustain,real_counterfactual_primary,36,f,96,96,,V3,P1,1,1,,False,0.75,data/midi/full/reference/ref__leap_low__t-sustain__d-f__p-constant.mid,data/real_48k/r__leap_low__t-sustain__d-f__p-constant__v-V3__take01.wav,data/real_raw/r__leap_low__t-sustain__d-f__p-constant__v-V3__take01.wav,planned,458
r__long_mid__t-legato_slur__d-p__p-constant__v-V2__take01,real,real_violin,constant,long_mid,long,mid,legato_slur,real_counterfactual_primary,49,p,32,32,,V2,P1,1,1,69.0,True,0.75,data/midi/full/reference/ref__long_mid__t-legato_slur__d-p__p-constant.mid,data/real_48k/r__long_mid__t-legato_slur__d-p__p-constant__v-V2__take01.wav,data/real_raw/r__long_mid__t-legato_slur__d-p__p-constant__v-V2__take01.wav,planned,459
r__repeat_mid__t-pizzicato__d-p__p-constant__v-V3__take02,real,real_violin,constant,repeat_mid,repeat,mid,pizzicato,real_counterfactual_primary,43,p,32,32,,V3,P1,2,2,74.0,True,0.75,data/midi/full/reference/ref__repeat_mid__t-pizzicato__d-p__p-constant.mid,data/real_48k/r__repeat_mid__t-pizzicato__d-p__p-constant__v-V3__take02.wav,data/real_raw/r__repeat_mid__t-pizzicato__d-p__p-constant__v-V3__take02.wav,planned,460
r__scale_high__t-sustain__d-mf__p-constant__v-V1__take02,real,real_violin,constant,scale_high,scale,high,sustain,real_counterfactual_primary,36,mf,64,64,,V1,P1,2,2,,False,0.75,data/midi/full/reference/ref__scale_high__t-sustain__d-mf__p-constant.mid,data/real_48k/r__scale_high__t-sustain__d-mf__p-constant__v-V1__take02.wav,data/real_raw/r__scale_high__t-sustain__d-mf__p-constant__v-V1__take02.wav,planned,461
r__scale_high__t-pizzicato__d-mf__p-constant__v-V2__take02,real,real_violin,constant,scale_high,scale,high,pizzicato,real_counterfactual_primary,43,mf,64,64,,V2,P1,2,2,,False,0.75,data/midi/full/reference/ref__scale_high__t-pizzicato__d-mf__p-constant.mid,data/real_48k/r__scale_high__t-pizzicato__d-mf__p-constant__v-V2__take02.wav,data/real_raw/r__scale_high__t-pizzicato__d-mf__p-constant__v-V2__take02.wav,planned,462
r__long_low__t-sustain__d-f__p-constant__v-V2__take02,real,real_violin,constant,long_low,long,low,sustain,real_counterfactual_primary,36,f,96,96,,V2,P1,2,2,57.0,True,0.75,data/midi/full/reference/ref__long_low__t-sustain__d-f__p-constant.mid,data/real_48k/r__long_low__t-sustain__d-f__p-constant__v-V2__take02.wav,data/real_raw/r__long_low__t-sustain__d-f__p-constant__v-V2__take02.wav,planned,463
r__scale_high__t-pizzicato__d-p__p-constant__v-V1__take02,real,real_violin,constant,scale_high,scale,high,pizzicato,real_counterfactual_primary,43,p,32,32,,V1,P1,2,2,,False,0.75,data/midi/full/reference/ref__scale_high__t-pizzicato__d-p__p-constant.mid,data/real_48k/r__scale_high__t-pizzicato__d-p__p-constant__v-V1__take02.wav,data/real_raw/r__scale_high__t-pizzicato__d-p__p-constant__v-V1__take02.wav,planned,464
r__repeat_low__t-sustain__d-mf__p-constant__v-V2__take01,real,real_violin,constant,repeat_low,repeat,low,sustain,real_counterfactual_primary,36,mf,64,64,,V2,P1,1,1,62.0,True,0.75,data/midi/full/reference/ref__repeat_low__t-sustain__d-mf__p-constant.mid,data/real_48k/r__repeat_low__t-sustain__d-mf__p-constant__v-V2__take01.wav,data/real_raw/r__repeat_low__t-sustain__d-mf__p-constant__v-V2__take01.wav,planned,465
r__repeat_low__t-sustain__d-p__p-constant__v-V2__take01,real,real_violin,constant,repeat_low,repeat,low,sustain,real_counterfactual_primary,36,p,32,32,,V2,P1,1,1,62.0,True,0.75,data/midi/full/reference/ref__repeat_low__t-sustain__d-p__p-constant.mid,data/real_48k/r__repeat_low__t-sustain__d-p__p-constant__v-V2__take01.wav,data/real_raw/r__repeat_low__t-sustain__d-p__p-constant__v-V2__take01.wav,planned,466
r__scale_mid__t-pizzicato__d-mf__p-constant__v-V3__take02,real,real_violin,constant,scale_mid,scale,mid,pizzicato,real_counterfactual_primary,43,mf,64,64,,V3,P1,2,2,,False,0.75,data/midi/full/reference/ref__scale_mid__t-pizzicato__d-mf__p-constant.mid,data/real_48k/r__scale_mid__t-pizzicato__d-mf__p-constant__v-V3__take02.wav,data/real_raw/r__scale_mid__t-pizzicato__d-mf__p-constant__v-V3__take02.wav,planned,467
r__long_mid__t-sustain__d-mf__p-constant__v-V2__take01,real,real_violin,constant,long_mid,long,mid,sustain,real_counterfactual_primary,36,mf,64,64,,V2,P1,1,1,69.0,True,0.75,data/midi/full/reference/ref__long_mid__t-sustain__d-mf__p-constant.mid,data/real_48k/r__long_mid__t-sustain__d-mf__p-constant__v-V2__take01.wav,data/real_raw/r__long_mid__t-sustain__d-mf__p-constant__v-V2__take01.wav,planned,468
r__long_high__t-legato_slur__d-mf__p-constant__v-V2__take02,real,real_violin,constant,long_high,long,high,legato_slur,real_counterfactual_primary,49,mf,64,64,,V2,P1,2,2,81.0,True,0.75,data/midi/full/reference/ref__long_high__t-legato_slur__d-mf__p-constant.mid,data/real_48k/r__long_high__t-legato_slur__d-mf__p-constant__v-V2__take02.wav,data/real_raw/r__long_high__t-legato_slur__d-mf__p-constant__v-V2__take02.wav,planned,469
r__scale_mid__t-staccato__d-p__p-constant__v-V2__take01,real,real_violin,constant,scale_mid,scale,mid,staccato,real_counterfactual_primary,40,p,32,32,,V2,P1,1,1,,False,0.75,data/midi/full/reference/ref__scale_mid__t-staccato__d-p__p-constant.mid,data/real_48k/r__scale_mid__t-staccato__d-p__p-constant__v-V2__take01.wav,data/real_raw/r__scale_mid__t-staccato__d-p__p-constant__v-V2__take01.wav,planned,470
r__long_high__t-sustain__d-f__p-constant__v-V2__take02,real,real_violin,constant,long_high,long,high,sustain,real_counterfactual_primary,36,f,96,96,,V2,P1,2,2,81.0,True,0.75,data/midi/full/reference/ref__long_high__t-sustain__d-f__p-constant.mid,data/real_48k/r__long_high__t-sustain__d-f__p-constant__v-V2__take02.wav,data/real_raw/r__long_high__t-sustain__d-f__p-constant__v-V2__take02.wav,planned,471
r__long_high__t-sustain__d-mf__p-constant__v-V3__take02,real,real_violin,constant,long_high,long,high,sustain,real_counterfactual_primary,36,mf,64,64,,V3,P1,2,2,81.0,True,0.75,data/midi/full/reference/ref__long_high__t-sustain__d-mf__p-constant.mid,data/real_48k/r__long_high__t-sustain__d-mf__p-constant__v-V3__take02.wav,data/real_raw/r__long_high__t-sustain__d-mf__p-constant__v-V3__take02.wav,planned,472
r__leap_high__t-pizzicato__d-p__p-constant__v-V1__take02,real,real_violin,constant,leap_high,leap,high,pizzicato,real_counterfactual_primary,43,p,32,32,,V1,P1,2,2,,False,0.75,data/midi/full/reference/ref__leap_high__t-pizzicato__d-p__p-constant.mid,data/real_48k/r__leap_high__t-pizzicato__d-p__p-constant__v-V1__take02.wav,data/real_raw/r__leap_high__t-pizzicato__d-p__p-constant__v-V1__take02.wav,planned,473
r__scale_mid__t-pizzicato__d-f__p-constant__v-V3__take02,real,real_violin,constant,scale_mid,scale,mid,pizzicato,real_counterfactual_primary,43,f,96,96,,V3,P1,2,2,,False,0.75,data/midi/full/reference/ref__scale_mid__t-pizzicato__d-f__p-constant.mid,data/real_48k/r__scale_mid__t-pizzicato__d-f__p-constant__v-V3__take02.wav,data/real_raw/r__scale_mid__t-pizzicato__d-f__p-constant__v-V3__take02.wav,planned,474
r__scale_high__t-staccato__d-mf__p-constant__v-V2__take02,real,real_violin,constant,scale_high,scale,high,staccato,real_counterfactual_primary,40,mf,64,64,,V2,P1,2,2,,False,0.75,data/midi/full/reference/ref__scale_high__t-staccato__d-mf__p-constant.mid,data/real_48k/r__scale_high__t-staccato__d-mf__p-constant__v-V2__take02.wav,data/real_raw/r__scale_high__t-staccato__d-mf__p-constant__v-V2__take02.wav,planned,475
r__leap_mid__t-pizzicato__d-mf__p-constant__v-V3__take02,real,real_violin,constant,leap_mid,leap,mid,pizzicato,real_counterfactual_primary,43,mf,64,64,,V3,P1,2,2,,False,0.75,data/midi/full/reference/ref__leap_mid__t-pizzicato__d-mf__p-constant.mid,data/real_48k/r__leap_mid__t-pizzicato__d-mf__p-constant__v-V3__take02.wav,data/real_raw/r__leap_mid__t-pizzicato__d-mf__p-constant__v-V3__take02.wav,planned,476
r__long_low__t-sustain__d-mf__p-constant__v-V2__take01,real,real_violin,constant,long_low,long,low,sustain,real_counterfactual_primary,36,mf,64,64,,V2,P1,1,1,57.0,True,0.75,data/midi/full/reference/ref__long_low__t-sustain__d-mf__p-constant.mid,data/real_48k/r__long_low__t-sustain__d-mf__p-constant__v-V2__take01.wav,data/real_raw/r__long_low__t-sustain__d-mf__p-constant__v-V2__take01.wav,planned,477
r__scale_high__t-legato_slur__d-mf__p-constant__v-V2__take01,real,real_violin,constant,scale_high,scale,high,legato_slur,real_counterfactual_primary,49,mf,64,64,,V2,P1,1,1,,False,0.75,data/midi/full/reference/ref__scale_high__t-legato_slur__d-mf__p-constant.mid,data/real_48k/r__scale_high__t-legato_slur__d-mf__p-constant__v-V2__take01.wav,data/real_raw/r__scale_high__t-legato_slur__d-mf__p-constant__v-V2__take01.wav,planned,478
r__scale_low__t-pizzicato__d-f__p-constant__v-V3__take02,real,real_violin,constant,scale_low,scale,low,pizzicato,real_counterfactual_primary,43,f,96,96,,V3,P1,2,2,,False,0.75,data/midi/full/reference/ref__scale_low__t-pizzicato__d-f__p-constant.mid,data/real_48k/r__scale_low__t-pizzicato__d-f__p-constant__v-V3__take02.wav,data/real_raw/r__scale_low__t-pizzicato__d-f__p-constant__v-V3__take02.wav,planned,479
r__leap_high__t-staccato__d-p__p-constant__v-V2__take01,real,real_violin,constant,leap_high,leap,high,staccato,real_counterfactual_primary,40,p,32,32,,V2,P1,1,1,,False,0.75,data/midi/full/reference/ref__leap_high__t-staccato__d-p__p-constant.mid,data/real_48k/r__leap_high__t-staccato__d-p__p-constant__v-V2__take01.wav,data/real_raw/r__leap_high__t-staccato__d-p__p-constant__v-V2__take01.wav,planned,480
r__scale_high__t-sustain__d-p__p-constant__v-V1__take02,real,real_violin,constant,scale_high,scale,high,sustain,real_counterfactual_primary,36,p,32,32,,V1,P1,2,2,,False,0.75,data/midi/full/reference/ref__scale_high__t-sustain__d-p__p-constant.mid,data/real_48k/r__scale_high__t-sustain__d-p__p-constant__v-V1__take02.wav,data/real_raw/r__scale_high__t-sustain__d-p__p-constant__v-V1__take02.wav,planned,481
r__long_mid__t-pizzicato__d-p__p-constant__v-V3__take01,real,real_violin,constant,long_mid,long,mid,pizzicato,real_counterfactual_primary,43,p,32,32,,V3,P1,1,1,69.0,True,0.75,data/midi/full/reference/ref__long_mid__t-pizzicato__d-p__p-constant.mid,data/real_48k/r__long_mid__t-pizzicato__d-p__p-constant__v-V3__take01.wav,data/real_raw/r__long_mid__t-pizzicato__d-p__p-constant__v-V3__take01.wav,planned,482
r__leap_high__t-legato_slur__d-f__p-constant__v-V2__take01,real,real_violin,constant,leap_high,leap,high,legato_slur,real_counterfactual_primary,49,f,96,96,,V2,P1,1,1,,False,0.75,data/midi/full/reference/ref__leap_high__t-legato_slur__d-f__p-constant.mid,data/real_48k/r__leap_high__t-legato_slur__d-f__p-constant__v-V2__take01.wav,data/real_raw/r__leap_high__t-legato_slur__d-f__p-constant__v-V2__take01.wav,planned,483
r__repeat_mid__t-legato_slur__d-p__p-constant__v-V2__take01,real,real_violin,constant,repeat_mid,repeat,mid,legato_slur,real_counterfactual_primary,49,p,32,32,,V2,P1,1,1,74.0,True,0.75,data/midi/full/reference/ref__repeat_mid__t-legato_slur__d-p__p-constant.mid,data/real_48k/r__repeat_mid__t-legato_slur__d-p__p-constant__v-V2__take01.wav,data/real_raw/r__repeat_mid__t-legato_slur__d-p__p-constant__v-V2__take01.wav,planned,484
r__long_mid__t-staccato__d-mf__p-constant__v-V3__take02,real,real_violin,constant,long_mid,long,mid,staccato,real_counterfactual_primary,40,mf,64,64,,V3,P1,2,2,69.0,True,0.75,data/midi/full/reference/ref__long_mid__t-staccato__d-mf__p-constant.mid,data/real_48k/r__long_mid__t-staccato__d-mf__p-constant__v-V3__take02.wav,data/real_raw/r__long_mid__t-staccato__d-mf__p-constant__v-V3__take02.wav,planned,485
r__repeat_low__t-pizzicato__d-mf__p-constant__v-V3__take02,real,real_violin,constant,repeat_low,repeat,low,pizzicato,real_counterfactual_primary,43,mf,64,64,,V3,P1,2,2,62.0,True,0.75,data/midi/full/reference/ref__repeat_low__t-pizzicato__d-mf__p-constant.mid,data/real_48k/r__repeat_low__t-pizzicato__d-mf__p-constant__v-V3__take02.wav,data/real_raw/r__repeat_low__t-pizzicato__d-mf__p-constant__v-V3__take02.wav,planned,486
r__repeat_low__t-sustain__d-f__p-constant__v-V2__take02,real,real_violin,constant,repeat_low,repeat,low,sustain,real_counterfactual_primary,36,f,96,96,,V2,P1,2,2,62.0,True,0.75,data/midi/full/reference/ref__repeat_low__t-sustain__d-f__p-constant.mid,data/real_48k/r__repeat_low__t-sustain__d-f__p-constant__v-V2__take02.wav,data/real_raw/r__repeat_low__t-sustain__d-f__p-constant__v-V2__take02.wav,planned,487
r__scale_mid__t-sustain__d-p__p-constant__v-V1__take01,real,real_violin,constant,scale_mid,scale,mid,sustain,real_counterfactual_primary,36,p,32,32,,V1,P1,1,1,,False,0.75,data/midi/full/reference/ref__scale_mid__t-sustain__d-p__p-constant.mid,data/real_48k/r__scale_mid__t-sustain__d-p__p-constant__v-V1__take01.wav,data/real_raw/r__scale_mid__t-sustain__d-p__p-constant__v-V1__take01.wav,planned,488
r__long_mid__t-pizzicato__d-f__p-constant__v-V2__take02,real,real_violin,constant,long_mid,long,mid,pizzicato,real_counterfactual_primary,43,f,96,96,,V2,P1,2,2,69.0,True,0.75,data/midi/full/reference/ref__long_mid__t-pizzicato__d-f__p-constant.mid,data/real_48k/r__long_mid__t-pizzicato__d-f__p-constant__v-V2__take02.wav,data/real_raw/r__long_mid__t-pizzicato__d-f__p-constant__v-V2__take02.wav,planned,489
r__leap_low__t-pizzicato__d-mf__p-constant__v-V2__take01,real,real_violin,constant,leap_low,leap,low,pizzicato,real_counterfactual_primary,43,mf,64,64,,V2,P1,1,1,,False,0.75,data/midi/full/reference/ref__leap_low__t-pizzicato__d-mf__p-constant.mid,data/real_48k/r__leap_low__t-pizzicato__d-mf__p-constant__v-V2__take01.wav,data/real_raw/r__leap_low__t-pizzicato__d-mf__p-constant__v-V2__take01.wav,planned,490
r__leap_mid__t-sustain__d-f__p-constant__v-V3__take02,real,real_violin,constant,leap_mid,leap,mid,sustain,real_counterfactual_primary,36,f,96,96,,V3,P1,2,2,,False,0.75,data/midi/full/reference/ref__leap_mid__t-sustain__d-f__p-constant.mid,data/real_48k/r__leap_mid__t-sustain__d-f__p-constant__v-V3__take02.wav,data/real_raw/r__leap_mid__t-sustain__d-f__p-constant__v-V3__take02.wav,planned,491
r__scale_mid__t-staccato__d-f__p-constant__v-V1__take01,real,real_violin,constant,scale_mid,scale,mid,staccato,real_counterfactual_primary,40,f,96,96,,V1,P1,1,1,,False,0.75,data/midi/full/reference/ref__scale_mid__t-staccato__d-f__p-constant.mid,data/real_48k/r__scale_mid__t-staccato__d-f__p-constant__v-V1__take01.wav,data/real_raw/r__scale_mid__t-staccato__d-f__p-constant__v-V1__take01.wav,planned,492
r__scale_high__t-pizzicato__d-f__p-constant__v-V1__take02,real,real_violin,constant,scale_high,scale,high,pizzicato,real_counterfactual_primary,43,f,96,96,,V1,P1,2,2,,False,0.75,data/midi/full/reference/ref__scale_high__t-pizzicato__d-f__p-constant.mid,data/real_48k/r__scale_high__t-pizzicato__d-f__p-constant__v-V1__take02.wav,data/real_raw/r__scale_high__t-pizzicato__d-f__p-constant__v-V1__take02.wav,planned,493
r__leap_low__t-legato_slur__d-mf__p-constant__v-V3__take02,real,real_violin,constant,leap_low,leap,low,legato_slur,real_counterfactual_primary,49,mf,64,64,,V3,P1,2,2,,False,0.75,data/midi/full/reference/ref__leap_low__t-legato_slur__d-mf__p-constant.mid,data/real_48k/r__leap_low__t-legato_slur__d-mf__p-constant__v-V3__take02.wav,data/real_raw/r__leap_low__t-legato_slur__d-mf__p-constant__v-V3__take02.wav,planned,494
r__long_mid__t-sustain__d-mf__p-constant__v-V2__take02,real,real_violin,constant,long_mid,long,mid,sustain,real_counterfactual_primary,36,mf,64,64,,V2,P1,2,2,69.0,True,0.75,data/midi/full/reference/ref__long_mid__t-sustain__d-mf__p-constant.mid,data/real_48k/r__long_mid__t-sustain__d-mf__p-constant__v-V2__take02.wav,data/real_raw/r__long_mid__t-sustain__d-mf__p-constant__v-V2__take02.wav,planned,495
r__leap_low__t-pizzicato__d-mf__p-constant__v-V1__take01,real,real_violin,constant,leap_low,leap,low,pizzicato,real_counterfactual_primary,43,mf,64,64,,V1,P1,1,1,,False,0.75,data/midi/full/reference/ref__leap_low__t-pizzicato__d-mf__p-constant.mid,data/real_48k/r__leap_low__t-pizzicato__d-mf__p-constant__v-V1__take01.wav,data/real_raw/r__leap_low__t-pizzicato__d-mf__p-constant__v-V1__take01.wav,planned,496
r__scale_low__t-sustain__d-mf__p-constant__v-V2__take01,real,real_violin,constant,scale_low,scale,low,sustain,real_counterfactual_primary,36,mf,64,64,,V2,P1,1,1,,False,0.75,data/midi/full/reference/ref__scale_low__t-sustain__d-mf__p-constant.mid,data/real_48k/r__scale_low__t-sustain__d-mf__p-constant__v-V2__take01.wav,data/real_raw/r__scale_low__t-sustain__d-mf__p-constant__v-V2__take01.wav,planned,497
r__leap_high__t-sustain__d-p__p-constant__v-V1__take02,real,real_violin,constant,leap_high,leap,high,sustain,real_counterfactual_primary,36,p,32,32,,V1,P1,2,2,,False,0.75,data/midi/full/reference/ref__leap_high__t-sustain__d-p__p-constant.mid,data/real_48k/r__leap_high__t-sustain__d-p__p-constant__v-V1__take02.wav,data/real_raw/r__leap_high__t-sustain__d-p__p-constant__v-V1__take02.wav,planned,498
r__scale_low__t-pizzicato__d-f__p-constant__v-V2__take02,real,real_violin,constant,scale_low,scale,low,pizzicato,real_counterfactual_primary,43,f,96,96,,V2,P1,2,2,,False,0.75,data/midi/full/reference/ref__scale_low__t-pizzicato__d-f__p-constant.mid,data/real_48k/r__scale_low__t-pizzicato__d-f__p-constant__v-V2__take02.wav,data/real_raw/r__scale_low__t-pizzicato__d-f__p-constant__v-V2__take02.wav,planned,499
r__leap_low__t-staccato__d-f__p-constant__v-V2__take02,real,real_violin,constant,leap_low,leap,low,staccato,real_counterfactual_primary,40,f,96,96,,V2,P1,2,2,,False,0.75,data/midi/full/reference/ref__leap_low__t-staccato__d-f__p-constant.mid,data/real_48k/r__leap_low__t-staccato__d-f__p-constant__v-V2__take02.wav,data/real_raw/r__leap_low__t-staccato__d-f__p-constant__v-V2__take02.wav,planned,500
r__scale_mid__t-sustain__d-mf__p-constant__v-V1__take02,real,real_violin,constant,scale_mid,scale,mid,sustain,real_counterfactual_primary,36,mf,64,64,,V1,P1,2,2,,False,0.75,data/midi/full/reference/ref__scale_mid__t-sustain__d-mf__p-constant.mid,data/real_48k/r__scale_mid__t-sustain__d-mf__p-constant__v-V1__take02.wav,data/real_raw/r__scale_mid__t-sustain__d-mf__p-constant__v-V1__take02.wav,planned,501
r__repeat_high__t-pizzicato__d-f__p-constant__v-V3__take02,real,real_violin,constant,repeat_high,repeat,high,pizzicato,real_counterfactual_primary,43,f,96,96,,V3,P1,2,2,86.0,True,0.75,data/midi/full/reference/ref__repeat_high__t-pizzicato__d-f__p-constant.mid,data/real_48k/r__repeat_high__t-pizzicato__d-f__p-constant__v-V3__take02.wav,data/real_raw/r__repeat_high__t-pizzicato__d-f__p-constant__v-V3__take02.wav,planned,502
r__long_mid__t-staccato__d-mf__p-constant__v-V2__take01,real,real_violin,constant,long_mid,long,mid,staccato,real_counterfactual_primary,40,mf,64,64,,V2,P1,1,1,69.0,True,0.75,data/midi/full/reference/ref__long_mid__t-staccato__d-mf__p-constant.mid,data/real_48k/r__long_mid__t-staccato__d-mf__p-constant__v-V2__take01.wav,data/real_raw/r__long_mid__t-staccato__d-mf__p-constant__v-V2__take01.wav,planned,503
r__scale_mid__t-pizzicato__d-mf__p-constant__v-V1__take02,real,real_violin,constant,scale_mid,scale,mid,pizzicato,real_counterfactual_primary,43,mf,64,64,,V1,P1,2,2,,False,0.75,data/midi/full/reference/ref__scale_mid__t-pizzicato__d-mf__p-constant.mid,data/real_48k/r__scale_mid__t-pizzicato__d-mf__p-constant__v-V1__take02.wav,data/real_raw/r__scale_mid__t-pizzicato__d-mf__p-constant__v-V1__take02.wav,planned,504
r__repeat_low__t-pizzicato__d-mf__p-constant__v-V2__take02,real,real_violin,constant,repeat_low,repeat,low,pizzicato,real_counterfactual_primary,43,mf,64,64,,V2,P1,2,2,62.0,True,0.75,data/midi/full/reference/ref__repeat_low__t-pizzicato__d-mf__p-constant.mid,data/real_48k/r__repeat_low__t-pizzicato__d-mf__p-constant__v-V2__take02.wav,data/real_raw/r__repeat_low__t-pizzicato__d-mf__p-constant__v-V2__take02.wav,planned,505
r__leap_mid__t-legato_slur__d-mf__p-constant__v-V2__take02,real,real_violin,constant,leap_mid,leap,mid,legato_slur,real_counterfactual_primary,49,mf,64,64,,V2,P1,2,2,,False,0.75,data/midi/full/reference/ref__leap_mid__t-legato_slur__d-mf__p-constant.mid,data/real_48k/r__leap_mid__t-legato_slur__d-mf__p-constant__v-V2__take02.wav,data/real_raw/r__leap_mid__t-legato_slur__d-mf__p-constant__v-V2__take02.wav,planned,506
r__repeat_mid__t-legato_slur__d-p__p-constant__v-V1__take02,real,real_violin,constant,repeat_mid,repeat,mid,legato_slur,real_counterfactual_primary,49,p,32,32,,V1,P1,2,2,74.0,True,0.75,data/midi/full/reference/ref__repeat_mid__t-legato_slur__d-p__p-constant.mid,data/real_48k/r__repeat_mid__t-legato_slur__d-p__p-constant__v-V1__take02.wav,data/real_raw/r__repeat_mid__t-legato_slur__d-p__p-constant__v-V1__take02.wav,planned,507
r__long_low__t-sustain__d-p__p-constant__v-V2__take01,real,real_violin,constant,long_low,long,low,sustain,real_counterfactual_primary,36,p,32,32,,V2,P1,1,1,57.0,True,0.75,data/midi/full/reference/ref__long_low__t-sustain__d-p__p-constant.mid,data/real_48k/r__long_low__t-sustain__d-p__p-constant__v-V2__take01.wav,data/real_raw/r__long_low__t-sustain__d-p__p-constant__v-V2__take01.wav,planned,508
r__long_mid__t-legato_slur__d-p__p-constant__v-V3__take01,real,real_violin,constant,long_mid,long,mid,legato_slur,real_counterfactual_primary,49,p,32,32,,V3,P1,1,1,69.0,True,0.75,data/midi/full/reference/ref__long_mid__t-legato_slur__d-p__p-constant.mid,data/real_48k/r__long_mid__t-legato_slur__d-p__p-constant__v-V3__take01.wav,data/real_raw/r__long_mid__t-legato_slur__d-p__p-constant__v-V3__take01.wav,planned,509
r__scale_high__t-staccato__d-mf__p-constant__v-V2__take01,real,real_violin,constant,scale_high,scale,high,staccato,real_counterfactual_primary,40,mf,64,64,,V2,P1,1,1,,False,0.75,data/midi/full/reference/ref__scale_high__t-staccato__d-mf__p-constant.mid,data/real_48k/r__scale_high__t-staccato__d-mf__p-constant__v-V2__take01.wav,data/real_raw/r__scale_high__t-staccato__d-mf__p-constant__v-V2__take01.wav,planned,510
r__leap_mid__t-sustain__d-p__p-constant__v-V1__take01,real,real_violin,constant,leap_mid,leap,mid,sustain,real_counterfactual_primary,36,p,32,32,,V1,P1,1,1,,False,0.75,data/midi/full/reference/ref__leap_mid__t-sustain__d-p__p-constant.mid,data/real_48k/r__leap_mid__t-sustain__d-p__p-constant__v-V1__take01.wav,data/real_raw/r__leap_mid__t-sustain__d-p__p-constant__v-V1__take01.wav,planned,511
r__repeat_low__t-staccato__d-p__p-constant__v-V3__take02,real,real_violin,constant,repeat_low,repeat,low,staccato,real_counterfactual_primary,40,p,32,32,,V3,P1,2,2,62.0,True,0.75,data/midi/full/reference/ref__repeat_low__t-staccato__d-p__p-constant.mid,data/real_48k/r__repeat_low__t-staccato__d-p__p-constant__v-V3__take02.wav,data/real_raw/r__repeat_low__t-staccato__d-p__p-constant__v-V3__take02.wav,planned,512
r__leap_high__t-sustain__d-mf__p-constant__v-V2__take02,real,real_violin,constant,leap_high,leap,high,sustain,real_counterfactual_primary,36,mf,64,64,,V2,P1,2,2,,False,0.75,data/midi/full/reference/ref__leap_high__t-sustain__d-mf__p-constant.mid,data/real_48k/r__leap_high__t-sustain__d-mf__p-constant__v-V2__take02.wav,data/real_raw/r__leap_high__t-sustain__d-mf__p-constant__v-V2__take02.wav,planned,513
r__leap_high__t-sustain__d-f__p-constant__v-V3__take02,real,real_violin,constant,leap_high,leap,high,sustain,real_counterfactual_primary,36,f,96,96,,V3,P1,2,2,,False,0.75,data/midi/full/reference/ref__leap_high__t-sustain__d-f__p-constant.mid,data/real_48k/r__leap_high__t-sustain__d-f__p-constant__v-V3__take02.wav,data/real_raw/r__leap_high__t-sustain__d-f__p-constant__v-V3__take02.wav,planned,514
r__scale_mid__t-staccato__d-p__p-constant__v-V1__take01,real,real_violin,constant,scale_mid,scale,mid,staccato,real_counterfactual_primary,40,p,32,32,,V1,P1,1,1,,False,0.75,data/midi/full/reference/ref__scale_mid__t-staccato__d-p__p-constant.mid,data/real_48k/r__scale_mid__t-staccato__d-p__p-constant__v-V1__take01.wav,data/real_raw/r__scale_mid__t-staccato__d-p__p-constant__v-V1__take01.wav,planned,515
r__scale_mid__t-pizzicato__d-f__p-constant__v-V1__take02,real,real_violin,constant,scale_mid,scale,mid,pizzicato,real_counterfactual_primary,43,f,96,96,,V1,P1,2,2,,False,0.75,data/midi/full/reference/ref__scale_mid__t-pizzicato__d-f__p-constant.mid,data/real_48k/r__scale_mid__t-pizzicato__d-f__p-constant__v-V1__take02.wav,data/real_raw/r__scale_mid__t-pizzicato__d-f__p-constant__v-V1__take02.wav,planned,516
r__long_high__t-sustain__d-p__p-constant__v-V3__take02,real,real_violin,constant,long_high,long,high,sustain,real_counterfactual_primary,36,p,32,32,,V3,P1,2,2,81.0,True,0.75,data/midi/full/reference/ref__long_high__t-sustain__d-p__p-constant.mid,data/real_48k/r__long_high__t-sustain__d-p__p-constant__v-V3__take02.wav,data/real_raw/r__long_high__t-sustain__d-p__p-constant__v-V3__take02.wav,planned,517
r__repeat_mid__t-pizzicato__d-p__p-constant__v-V2__take01,real,real_violin,constant,repeat_mid,repeat,mid,pizzicato,real_counterfactual_primary,43,p,32,32,,V2,P1,1,1,74.0,True,0.75,data/midi/full/reference/ref__repeat_mid__t-pizzicato__d-p__p-constant.mid,data/real_48k/r__repeat_mid__t-pizzicato__d-p__p-constant__v-V2__take01.wav,data/real_raw/r__repeat_mid__t-pizzicato__d-p__p-constant__v-V2__take01.wav,planned,518
r__repeat_mid__t-staccato__d-p__p-constant__v-V3__take01,real,real_violin,constant,repeat_mid,repeat,mid,staccato,real_counterfactual_primary,40,p,32,32,,V3,P1,1,1,74.0,True,0.75,data/midi/full/reference/ref__repeat_mid__t-staccato__d-p__p-constant.mid,data/real_48k/r__repeat_mid__t-staccato__d-p__p-constant__v-V3__take01.wav,data/real_raw/r__repeat_mid__t-staccato__d-p__p-constant__v-V3__take01.wav,planned,519
r__scale_low__t-sustain__d-p__p-constant__v-V1__take02,real,real_violin,constant,scale_low,scale,low,sustain,real_counterfactual_primary,36,p,32,32,,V1,P1,2,2,,False,0.75,data/midi/full/reference/ref__scale_low__t-sustain__d-p__p-constant.mid,data/real_48k/r__scale_low__t-sustain__d-p__p-constant__v-V1__take02.wav,data/real_raw/r__scale_low__t-sustain__d-p__p-constant__v-V1__take02.wav,planned,520
r__long_high__t-staccato__d-f__p-constant__v-V3__take02,real,real_violin,constant,long_high,long,high,staccato,real_counterfactual_primary,40,f,96,96,,V3,P1,2,2,81.0,True,0.75,data/midi/full/reference/ref__long_high__t-staccato__d-f__p-constant.mid,data/real_48k/r__long_high__t-staccato__d-f__p-constant__v-V3__take02.wav,data/real_raw/r__long_high__t-staccato__d-f__p-constant__v-V3__take02.wav,planned,521
r__leap_mid__t-staccato__d-p__p-constant__v-V2__take02,real,real_violin,constant,leap_mid,leap,mid,staccato,real_counterfactual_primary,40,p,32,32,,V2,P1,2,2,,False,0.75,data/midi/full/reference/ref__leap_mid__t-staccato__d-p__p-constant.mid,data/real_48k/r__leap_mid__t-staccato__d-p__p-constant__v-V2__take02.wav,data/real_raw/r__leap_mid__t-staccato__d-p__p-constant__v-V2__take02.wav,planned,522
r__repeat_mid__t-sustain__d-p__p-constant__v-V2__take02,real,real_violin,constant,repeat_mid,repeat,mid,sustain,real_counterfactual_primary,36,p,32,32,,V2,P1,2,2,74.0,True,0.75,data/midi/full/reference/ref__repeat_mid__t-sustain__d-p__p-constant.mid,data/real_48k/r__repeat_mid__t-sustain__d-p__p-constant__v-V2__take02.wav,data/real_raw/r__repeat_mid__t-sustain__d-p__p-constant__v-V2__take02.wav,planned,523
r__long_low__t-staccato__d-mf__p-constant__v-V1__take01,real,real_violin,constant,long_low,long,low,staccato,real_counterfactual_primary,40,mf,64,64,,V1,P1,1,1,57.0,True,0.75,data/midi/full/reference/ref__long_low__t-staccato__d-mf__p-constant.mid,data/real_48k/r__long_low__t-staccato__d-mf__p-constant__v-V1__take01.wav,data/real_raw/r__long_low__t-staccato__d-mf__p-constant__v-V1__take01.wav,planned,524
r__long_low__t-pizzicato__d-mf__p-constant__v-V2__take02,real,real_violin,constant,long_low,long,low,pizzicato,real_counterfactual_primary,43,mf,64,64,,V2,P1,2,2,57.0,True,0.75,data/midi/full/reference/ref__long_low__t-pizzicato__d-mf__p-constant.mid,data/real_48k/r__long_low__t-pizzicato__d-mf__p-constant__v-V2__take02.wav,data/real_raw/r__long_low__t-pizzicato__d-mf__p-constant__v-V2__take02.wav,planned,525
r__leap_mid__t-sustain__d-mf__p-constant__v-V1__take01,real,real_violin,constant,leap_mid,leap,mid,sustain,real_counterfactual_primary,36,mf,64,64,,V1,P1,1,1,,False,0.75,data/midi/full/reference/ref__leap_mid__t-sustain__d-mf__p-constant.mid,data/real_48k/r__leap_mid__t-sustain__d-mf__p-constant__v-V1__take01.wav,data/real_raw/r__leap_mid__t-sustain__d-mf__p-constant__v-V1__take01.wav,planned,526
r__repeat_mid__t-pizzicato__d-mf__p-constant__v-V2__take01,real,real_violin,constant,repeat_mid,repeat,mid,pizzicato,real_counterfactual_primary,43,mf,64,64,,V2,P1,1,1,74.0,True,0.75,data/midi/full/reference/ref__repeat_mid__t-pizzicato__d-mf__p-constant.mid,data/real_48k/r__repeat_mid__t-pizzicato__d-mf__p-constant__v-V2__take01.wav,data/real_raw/r__repeat_mid__t-pizzicato__d-mf__p-constant__v-V2__take01.wav,planned,527
r__scale_low__t-pizzicato__d-mf__p-constant__v-V2__take02,real,real_violin,constant,scale_low,scale,low,pizzicato,real_counterfactual_primary,43,mf,64,64,,V2,P1,2,2,,False,0.75,data/midi/full/reference/ref__scale_low__t-pizzicato__d-mf__p-constant.mid,data/real_48k/r__scale_low__t-pizzicato__d-mf__p-constant__v-V2__take02.wav,data/real_raw/r__scale_low__t-pizzicato__d-mf__p-constant__v-V2__take02.wav,planned,528
r__leap_mid__t-pizzicato__d-mf__p-constant__v-V2__take01,real,real_violin,constant,leap_mid,leap,mid,pizzicato,real_counterfactual_primary,43,mf,64,64,,V2,P1,1,1,,False,0.75,data/midi/full/reference/ref__leap_mid__t-pizzicato__d-mf__p-constant.mid,data/real_48k/r__leap_mid__t-pizzicato__d-mf__p-constant__v-V2__take01.wav,data/real_raw/r__leap_mid__t-pizzicato__d-mf__p-constant__v-V2__take01.wav,planned,529
r__leap_mid__t-pizzicato__d-p__p-constant__v-V2__take02,real,real_violin,constant,leap_mid,leap,mid,pizzicato,real_counterfactual_primary,43,p,32,32,,V2,P1,2,2,,False,0.75,data/midi/full/reference/ref__leap_mid__t-pizzicato__d-p__p-constant.mid,data/real_48k/r__leap_mid__t-pizzicato__d-p__p-constant__v-V2__take02.wav,data/real_raw/r__leap_mid__t-pizzicato__d-p__p-constant__v-V2__take02.wav,planned,530
r__leap_high__t-sustain__d-f__p-constant__v-V2__take02,real,real_violin,constant,leap_high,leap,high,sustain,real_counterfactual_primary,36,f,96,96,,V2,P1,2,2,,False,0.75,data/midi/full/reference/ref__leap_high__t-sustain__d-f__p-constant.mid,data/real_48k/r__leap_high__t-sustain__d-f__p-constant__v-V2__take02.wav,data/real_raw/r__leap_high__t-sustain__d-f__p-constant__v-V2__take02.wav,planned,531
r__long_low__t-pizzicato__d-p__p-constant__v-V3__take02,real,real_violin,constant,long_low,long,low,pizzicato,real_counterfactual_primary,43,p,32,32,,V3,P1,2,2,57.0,True,0.75,data/midi/full/reference/ref__long_low__t-pizzicato__d-p__p-constant.mid,data/real_48k/r__long_low__t-pizzicato__d-p__p-constant__v-V3__take02.wav,data/real_raw/r__long_low__t-pizzicato__d-p__p-constant__v-V3__take02.wav,planned,532
r__long_high__t-sustain__d-f__p-constant__v-V3__take01,real,real_violin,constant,long_high,long,high,sustain,real_counterfactual_primary,36,f,96,96,,V3,P1,1,1,81.0,True,0.75,data/midi/full/reference/ref__long_high__t-sustain__d-f__p-constant.mid,data/real_48k/r__long_high__t-sustain__d-f__p-constant__v-V3__take01.wav,data/real_raw/r__long_high__t-sustain__d-f__p-constant__v-V3__take01.wav,planned,533
r__scale_low__t-staccato__d-f__p-constant__v-V3__take01,real,real_violin,constant,scale_low,scale,low,staccato,real_counterfactual_primary,40,f,96,96,,V3,P1,1,1,,False,0.75,data/midi/full/reference/ref__scale_low__t-staccato__d-f__p-constant.mid,data/real_48k/r__scale_low__t-staccato__d-f__p-constant__v-V3__take01.wav,data/real_raw/r__scale_low__t-staccato__d-f__p-constant__v-V3__take01.wav,planned,534
r__leap_high__t-sustain__d-mf__p-constant__v-V2__take01,real,real_violin,constant,leap_high,leap,high,sustain,real_counterfactual_primary,36,mf,64,64,,V2,P1,1,1,,False,0.75,data/midi/full/reference/ref__leap_high__t-sustain__d-mf__p-constant.mid,data/real_48k/r__leap_high__t-sustain__d-mf__p-constant__v-V2__take01.wav,data/real_raw/r__leap_high__t-sustain__d-mf__p-constant__v-V2__take01.wav,planned,535
r__long_low__t-pizzicato__d-p__p-constant__v-V1__take01,real,real_violin,constant,long_low,long,low,pizzicato,real_counterfactual_primary,43,p,32,32,,V1,P1,1,1,57.0,True,0.75,data/midi/full/reference/ref__long_low__t-pizzicato__d-p__p-constant.mid,data/real_48k/r__long_low__t-pizzicato__d-p__p-constant__v-V1__take01.wav,data/real_raw/r__long_low__t-pizzicato__d-p__p-constant__v-V1__take01.wav,planned,536
r__leap_mid__t-staccato__d-f__p-constant__v-V3__take02,real,real_violin,constant,leap_mid,leap,mid,staccato,real_counterfactual_primary,40,f,96,96,,V3,P1,2,2,,False,0.75,data/midi/full/reference/ref__leap_mid__t-staccato__d-f__p-constant.mid,data/real_48k/r__leap_mid__t-staccato__d-f__p-constant__v-V3__take02.wav,data/real_raw/r__leap_mid__t-staccato__d-f__p-constant__v-V3__take02.wav,planned,537
r__long_high__t-legato_slur__d-f__p-constant__v-V2__take01,real,real_violin,constant,long_high,long,high,legato_slur,real_counterfactual_primary,49,f,96,96,,V2,P1,1,1,81.0,True,0.75,data/midi/full/reference/ref__long_high__t-legato_slur__d-f__p-constant.mid,data/real_48k/r__long_high__t-legato_slur__d-f__p-constant__v-V2__take01.wav,data/real_raw/r__long_high__t-legato_slur__d-f__p-constant__v-V2__take01.wav,planned,538
r__leap_mid__t-pizzicato__d-mf__p-constant__v-V1__take01,real,real_violin,constant,leap_mid,leap,mid,pizzicato,real_counterfactual_primary,43,mf,64,64,,V1,P1,1,1,,False,0.75,data/midi/full/reference/ref__leap_mid__t-pizzicato__d-mf__p-constant.mid,data/real_48k/r__leap_mid__t-pizzicato__d-mf__p-constant__v-V1__take01.wav,data/real_raw/r__leap_mid__t-pizzicato__d-mf__p-constant__v-V1__take01.wav,planned,539
r__scale_mid__t-legato_slur__d-p__p-constant__v-V3__take01,real,real_violin,constant,scale_mid,scale,mid,legato_slur,real_counterfactual_primary,49,p,32,32,,V3,P1,1,1,,False,0.75,data/midi/full/reference/ref__scale_mid__t-legato_slur__d-p__p-constant.mid,data/real_48k/r__scale_mid__t-legato_slur__d-p__p-constant__v-V3__take01.wav,data/real_raw/r__scale_mid__t-legato_slur__d-p__p-constant__v-V3__take01.wav,planned,540
r__long_mid__t-staccato__d-mf__p-constant__v-V3__take01,real,real_violin,constant,long_mid,long,mid,staccato,real_counterfactual_primary,40,mf,64,64,,V3,P1,1,1,69.0,True,0.75,data/midi/full/reference/ref__long_mid__t-staccato__d-mf__p-constant.mid,data/real_48k/r__long_mid__t-staccato__d-mf__p-constant__v-V3__take01.wav,data/real_raw/r__long_mid__t-staccato__d-mf__p-constant__v-V3__take01.wav,planned,541
r__repeat_mid__t-legato_slur__d-p__p-constant__v-V3__take02,real,real_violin,constant,repeat_mid,repeat,mid,legato_slur,real_counterfactual_primary,49,p,32,32,,V3,P1,2,2,74.0,True,0.75,data/midi/full/reference/ref__repeat_mid__t-legato_slur__d-p__p-constant.mid,data/real_48k/r__repeat_mid__t-legato_slur__d-p__p-constant__v-V3__take02.wav,data/real_raw/r__repeat_mid__t-legato_slur__d-p__p-constant__v-V3__take02.wav,planned,542
r__repeat_low__t-pizzicato__d-f__p-constant__v-V3__take01,real,real_violin,constant,repeat_low,repeat,low,pizzicato,real_counterfactual_primary,43,f,96,96,,V3,P1,1,1,62.0,True,0.75,data/midi/full/reference/ref__repeat_low__t-pizzicato__d-f__p-constant.mid,data/real_48k/r__repeat_low__t-pizzicato__d-f__p-constant__v-V3__take01.wav,data/real_raw/r__repeat_low__t-pizzicato__d-f__p-constant__v-V3__take01.wav,planned,543
r__scale_low__t-legato_slur__d-mf__p-constant__v-V2__take01,real,real_violin,constant,scale_low,scale,low,legato_slur,real_counterfactual_primary,49,mf,64,64,,V2,P1,1,1,,False,0.75,data/midi/full/reference/ref__scale_low__t-legato_slur__d-mf__p-constant.mid,data/real_48k/r__scale_low__t-legato_slur__d-mf__p-constant__v-V2__take01.wav,data/real_raw/r__scale_low__t-legato_slur__d-mf__p-constant__v-V2__take01.wav,planned,544
r__scale_high__t-legato_slur__d-f__p-constant__v-V3__take01,real,real_violin,constant,scale_high,scale,high,legato_slur,real_counterfactual_primary,49,f,96,96,,V3,P1,1,1,,False,0.75,data/midi/full/reference/ref__scale_high__t-legato_slur__d-f__p-constant.mid,data/real_48k/r__scale_high__t-legato_slur__d-f__p-constant__v-V3__take01.wav,data/real_raw/r__scale_high__t-legato_slur__d-f__p-constant__v-V3__take01.wav,planned,545
r__leap_low__t-staccato__d-f__p-constant__v-V3__take01,real,real_violin,constant,leap_low,leap,low,staccato,real_counterfactual_primary,40,f,96,96,,V3,P1,1,1,,False,0.75,data/midi/full/reference/ref__leap_low__t-staccato__d-f__p-constant.mid,data/real_48k/r__leap_low__t-staccato__d-f__p-constant__v-V3__take01.wav,data/real_raw/r__leap_low__t-staccato__d-f__p-constant__v-V3__take01.wav,planned,546
r__repeat_high__t-pizzicato__d-f__p-constant__v-V1__take02,real,real_violin,constant,repeat_high,repeat,high,pizzicato,real_counterfactual_primary,43,f,96,96,,V1,P1,2,2,86.0,True,0.75,data/midi/full/reference/ref__repeat_high__t-pizzicato__d-f__p-constant.mid,data/real_48k/r__repeat_high__t-pizzicato__d-f__p-constant__v-V1__take02.wav,data/real_raw/r__repeat_high__t-pizzicato__d-f__p-constant__v-V1__take02.wav,planned,547
r__repeat_mid__t-sustain__d-f__p-constant__v-V2__take02,real,real_violin,constant,repeat_mid,repeat,mid,sustain,real_counterfactual_primary,36,f,96,96,,V2,P1,2,2,74.0,True,0.75,data/midi/full/reference/ref__repeat_mid__t-sustain__d-f__p-constant.mid,data/real_48k/r__repeat_mid__t-sustain__d-f__p-constant__v-V2__take02.wav,data/real_raw/r__repeat_mid__t-sustain__d-f__p-constant__v-V2__take02.wav,planned,548
r__repeat_low__t-sustain__d-mf__p-constant__v-V1__take02,real,real_violin,constant,repeat_low,repeat,low,sustain,real_counterfactual_primary,36,mf,64,64,,V1,P1,2,2,62.0,True,0.75,data/midi/full/reference/ref__repeat_low__t-sustain__d-mf__p-constant.mid,data/real_48k/r__repeat_low__t-sustain__d-mf__p-constant__v-V1__take02.wav,data/real_raw/r__repeat_low__t-sustain__d-mf__p-constant__v-V1__take02.wav,planned,549
r__leap_low__t-pizzicato__d-p__p-constant__v-V3__take02,real,real_violin,constant,leap_low,leap,low,pizzicato,real_counterfactual_primary,43,p,32,32,,V3,P1,2,2,,False,0.75,data/midi/full/reference/ref__leap_low__t-pizzicato__d-p__p-constant.mid,data/real_48k/r__leap_low__t-pizzicato__d-p__p-constant__v-V3__take02.wav,data/real_raw/r__leap_low__t-pizzicato__d-p__p-constant__v-V3__take02.wav,planned,550
r__repeat_high__t-sustain__d-p__p-constant__v-V1__take02,real,real_violin,constant,repeat_high,repeat,high,sustain,real_counterfactual_primary,36,p,32,32,,V1,P1,2,2,86.0,True,0.75,data/midi/full/reference/ref__repeat_high__t-sustain__d-p__p-constant.mid,data/real_48k/r__repeat_high__t-sustain__d-p__p-constant__v-V1__take02.wav,data/real_raw/r__repeat_high__t-sustain__d-p__p-constant__v-V1__take02.wav,planned,551
r__leap_low__t-legato_slur__d-p__p-constant__v-V3__take01,real,real_violin,constant,leap_low,leap,low,legato_slur,real_counterfactual_primary,49,p,32,32,,V3,P1,1,1,,False,0.75,data/midi/full/reference/ref__leap_low__t-legato_slur__d-p__p-constant.mid,data/real_48k/r__leap_low__t-legato_slur__d-p__p-constant__v-V3__take01.wav,data/real_raw/r__leap_low__t-legato_slur__d-p__p-constant__v-V3__take01.wav,planned,552
r__long_mid__t-sustain__d-f__p-constant__v-V3__take01,real,real_violin,constant,long_mid,long,mid,sustain,real_counterfactual_primary,36,f,96,96,,V3,P1,1,1,69.0,True,0.75,data/midi/full/reference/ref__long_mid__t-sustain__d-f__p-constant.mid,data/real_48k/r__long_mid__t-sustain__d-f__p-constant__v-V3__take01.wav,data/real_raw/r__long_mid__t-sustain__d-f__p-constant__v-V3__take01.wav,planned,553
r__leap_mid__t-pizzicato__d-mf__p-constant__v-V1__take02,real,real_violin,constant,leap_mid,leap,mid,pizzicato,real_counterfactual_primary,43,mf,64,64,,V1,P1,2,2,,False,0.75,data/midi/full/reference/ref__leap_mid__t-pizzicato__d-mf__p-constant.mid,data/real_48k/r__leap_mid__t-pizzicato__d-mf__p-constant__v-V1__take02.wav,data/real_raw/r__leap_mid__t-pizzicato__d-mf__p-constant__v-V1__take02.wav,planned,554
r__scale_high__t-sustain__d-p__p-constant__v-V2__take01,real,real_violin,constant,scale_high,scale,high,sustain,real_counterfactual_primary,36,p,32,32,,V2,P1,1,1,,False,0.75,data/midi/full/reference/ref__scale_high__t-sustain__d-p__p-constant.mid,data/real_48k/r__scale_high__t-sustain__d-p__p-constant__v-V2__take01.wav,data/real_raw/r__scale_high__t-sustain__d-p__p-constant__v-V2__take01.wav,planned,555
r__scale_high__t-legato_slur__d-p__p-constant__v-V1__take02,real,real_violin,constant,scale_high,scale,high,legato_slur,real_counterfactual_primary,49,p,32,32,,V1,P1,2,2,,False,0.75,data/midi/full/reference/ref__scale_high__t-legato_slur__d-p__p-constant.mid,data/real_48k/r__scale_high__t-legato_slur__d-p__p-constant__v-V1__take02.wav,data/real_raw/r__scale_high__t-legato_slur__d-p__p-constant__v-V1__take02.wav,planned,556
r__repeat_high__t-staccato__d-mf__p-constant__v-V2__take01,real,real_violin,constant,repeat_high,repeat,high,staccato,real_counterfactual_primary,40,mf,64,64,,V2,P1,1,1,86.0,True,0.75,data/midi/full/reference/ref__repeat_high__t-staccato__d-mf__p-constant.mid,data/real_48k/r__repeat_high__t-staccato__d-mf__p-constant__v-V2__take01.wav,data/real_raw/r__repeat_high__t-staccato__d-mf__p-constant__v-V2__take01.wav,planned,557
r__long_mid__t-staccato__d-p__p-constant__v-V3__take02,real,real_violin,constant,long_mid,long,mid,staccato,real_counterfactual_primary,40,p,32,32,,V3,P1,2,2,69.0,True,0.75,data/midi/full/reference/ref__long_mid__t-staccato__d-p__p-constant.mid,data/real_48k/r__long_mid__t-staccato__d-p__p-constant__v-V3__take02.wav,data/real_raw/r__long_mid__t-staccato__d-p__p-constant__v-V3__take02.wav,planned,558
r__scale_low__t-staccato__d-f__p-constant__v-V3__take02,real,real_violin,constant,scale_low,scale,low,staccato,real_counterfactual_primary,40,f,96,96,,V3,P1,2,2,,False,0.75,data/midi/full/reference/ref__scale_low__t-staccato__d-f__p-constant.mid,data/real_48k/r__scale_low__t-staccato__d-f__p-constant__v-V3__take02.wav,data/real_raw/r__scale_low__t-staccato__d-f__p-constant__v-V3__take02.wav,planned,559
r__leap_mid__t-pizzicato__d-f__p-constant__v-V2__take01,real,real_violin,constant,leap_mid,leap,mid,pizzicato,real_counterfactual_primary,43,f,96,96,,V2,P1,1,1,,False,0.75,data/midi/full/reference/ref__leap_mid__t-pizzicato__d-f__p-constant.mid,data/real_48k/r__leap_mid__t-pizzicato__d-f__p-constant__v-V2__take01.wav,data/real_raw/r__leap_mid__t-pizzicato__d-f__p-constant__v-V2__take01.wav,planned,560
r__long_high__t-legato_slur__d-f__p-constant__v-V2__take02,real,real_violin,constant,long_high,long,high,legato_slur,real_counterfactual_primary,49,f,96,96,,V2,P1,2,2,81.0,True,0.75,data/midi/full/reference/ref__long_high__t-legato_slur__d-f__p-constant.mid,data/real_48k/r__long_high__t-legato_slur__d-f__p-constant__v-V2__take02.wav,data/real_raw/r__long_high__t-legato_slur__d-f__p-constant__v-V2__take02.wav,planned,561
r__long_low__t-legato_slur__d-mf__p-constant__v-V3__take02,real,real_violin,constant,long_low,long,low,legato_slur,real_counterfactual_primary,49,mf,64,64,,V3,P1,2,2,57.0,True,0.75,data/midi/full/reference/ref__long_low__t-legato_slur__d-mf__p-constant.mid,data/real_48k/r__long_low__t-legato_slur__d-mf__p-constant__v-V3__take02.wav,data/real_raw/r__long_low__t-legato_slur__d-mf__p-constant__v-V3__take02.wav,planned,562
r__repeat_low__t-pizzicato__d-p__p-constant__v-V2__take01,real,real_violin,constant,repeat_low,repeat,low,pizzicato,real_counterfactual_primary,43,p,32,32,,V2,P1,1,1,62.0,True,0.75,data/midi/full/reference/ref__repeat_low__t-pizzicato__d-p__p-constant.mid,data/real_48k/r__repeat_low__t-pizzicato__d-p__p-constant__v-V2__take01.wav,data/real_raw/r__repeat_low__t-pizzicato__d-p__p-constant__v-V2__take01.wav,planned,563
r__repeat_mid__t-pizzicato__d-f__p-constant__v-V2__take02,real,real_violin,constant,repeat_mid,repeat,mid,pizzicato,real_counterfactual_primary,43,f,96,96,,V2,P1,2,2,74.0,True,0.75,data/midi/full/reference/ref__repeat_mid__t-pizzicato__d-f__p-constant.mid,data/real_48k/r__repeat_mid__t-pizzicato__d-f__p-constant__v-V2__take02.wav,data/real_raw/r__repeat_mid__t-pizzicato__d-f__p-constant__v-V2__take02.wav,planned,564
r__long_high__t-sustain__d-f__p-constant__v-V2__take01,real,real_violin,constant,long_high,long,high,sustain,real_counterfactual_primary,36,f,96,96,,V2,P1,1,1,81.0,True,0.75,data/midi/full/reference/ref__long_high__t-sustain__d-f__p-constant.mid,data/real_48k/r__long_high__t-sustain__d-f__p-constant__v-V2__take01.wav,data/real_raw/r__long_high__t-sustain__d-f__p-constant__v-V2__take01.wav,planned,565
r__scale_low__t-pizzicato__d-f__p-constant__v-V1__take01,real,real_violin,constant,scale_low,scale,low,pizzicato,real_counterfactual_primary,43,f,96,96,,V1,P1,1,1,,False,0.75,data/midi/full/reference/ref__scale_low__t-pizzicato__d-f__p-constant.mid,data/real_48k/r__scale_low__t-pizzicato__d-f__p-constant__v-V1__take01.wav,data/real_raw/r__scale_low__t-pizzicato__d-f__p-constant__v-V1__take01.wav,planned,566
r__leap_high__t-staccato__d-p__p-constant__v-V2__take02,real,real_violin,constant,leap_high,leap,high,staccato,real_counterfactual_primary,40,p,32,32,,V2,P1,2,2,,False,0.75,data/midi/full/reference/ref__leap_high__t-staccato__d-p__p-constant.mid,data/real_48k/r__leap_high__t-staccato__d-p__p-constant__v-V2__take02.wav,data/real_raw/r__leap_high__t-staccato__d-p__p-constant__v-V2__take02.wav,planned,567
r__repeat_high__t-sustain__d-p__p-constant__v-V1__take01,real,real_violin,constant,repeat_high,repeat,high,sustain,real_counterfactual_primary,36,p,32,32,,V1,P1,1,1,86.0,True,0.75,data/midi/full/reference/ref__repeat_high__t-sustain__d-p__p-constant.mid,data/real_48k/r__repeat_high__t-sustain__d-p__p-constant__v-V1__take01.wav,data/real_raw/r__repeat_high__t-sustain__d-p__p-constant__v-V1__take01.wav,planned,568
r__leap_low__t-sustain__d-f__p-constant__v-V1__take01,real,real_violin,constant,leap_low,leap,low,sustain,real_counterfactual_primary,36,f,96,96,,V1,P1,1,1,,False,0.75,data/midi/full/reference/ref__leap_low__t-sustain__d-f__p-constant.mid,data/real_48k/r__leap_low__t-sustain__d-f__p-constant__v-V1__take01.wav,data/real_raw/r__leap_low__t-sustain__d-f__p-constant__v-V1__take01.wav,planned,569
r__long_high__t-sustain__d-mf__p-constant__v-V2__take02,real,real_violin,constant,long_high,long,high,sustain,real_counterfactual_primary,36,mf,64,64,,V2,P1,2,2,81.0,True,0.75,data/midi/full/reference/ref__long_high__t-sustain__d-mf__p-constant.mid,data/real_48k/r__long_high__t-sustain__d-mf__p-constant__v-V2__take02.wav,data/real_raw/r__long_high__t-sustain__d-mf__p-constant__v-V2__take02.wav,planned,570
r__repeat_mid__t-pizzicato__d-p__p-constant__v-V2__take02,real,real_violin,constant,repeat_mid,repeat,mid,pizzicato,real_counterfactual_primary,43,p,32,32,,V2,P1,2,2,74.0,True,0.75,data/midi/full/reference/ref__repeat_mid__t-pizzicato__d-p__p-constant.mid,data/real_48k/r__repeat_mid__t-pizzicato__d-p__p-constant__v-V2__take02.wav,data/real_raw/r__repeat_mid__t-pizzicato__d-p__p-constant__v-V2__take02.wav,planned,571
r__scale_mid__t-sustain__d-mf__p-constant__v-V3__take01,real,real_violin,constant,scale_mid,scale,mid,sustain,real_counterfactual_primary,36,mf,64,64,,V3,P1,1,1,,False,0.75,data/midi/full/reference/ref__scale_mid__t-sustain__d-mf__p-constant.mid,data/real_48k/r__scale_mid__t-sustain__d-mf__p-constant__v-V3__take01.wav,data/real_raw/r__scale_mid__t-sustain__d-mf__p-constant__v-V3__take01.wav,planned,572
r__long_high__t-legato_slur__d-mf__p-constant__v-V3__take02,real,real_violin,constant,long_high,long,high,legato_slur,real_counterfactual_primary,49,mf,64,64,,V3,P1,2,2,81.0,True,0.75,data/midi/full/reference/ref__long_high__t-legato_slur__d-mf__p-constant.mid,data/real_48k/r__long_high__t-legato_slur__d-mf__p-constant__v-V3__take02.wav,data/real_raw/r__long_high__t-legato_slur__d-mf__p-constant__v-V3__take02.wav,planned,573
r__long_low__t-pizzicato__d-p__p-constant__v-V2__take02,real,real_violin,constant,long_low,long,low,pizzicato,real_counterfactual_primary,43,p,32,32,,V2,P1,2,2,57.0,True,0.75,data/midi/full/reference/ref__long_low__t-pizzicato__d-p__p-constant.mid,data/real_48k/r__long_low__t-pizzicato__d-p__p-constant__v-V2__take02.wav,data/real_raw/r__long_low__t-pizzicato__d-p__p-constant__v-V2__take02.wav,planned,574
r__repeat_mid__t-sustain__d-p__p-constant__v-V3__take01,real,real_violin,constant,repeat_mid,repeat,mid,sustain,real_counterfactual_primary,36,p,32,32,,V3,P1,1,1,74.0,True,0.75,data/midi/full/reference/ref__repeat_mid__t-sustain__d-p__p-constant.mid,data/real_48k/r__repeat_mid__t-sustain__d-p__p-constant__v-V3__take01.wav,data/real_raw/r__repeat_mid__t-sustain__d-p__p-constant__v-V3__take01.wav,planned,575
r__repeat_mid__t-legato_slur__d-mf__p-constant__v-V2__take01,real,real_violin,constant,repeat_mid,repeat,mid,legato_slur,real_counterfactual_primary,49,mf,64,64,,V2,P1,1,1,74.0,True,0.75,data/midi/full/reference/ref__repeat_mid__t-legato_slur__d-mf__p-constant.mid,data/real_48k/r__repeat_mid__t-legato_slur__d-mf__p-constant__v-V2__take01.wav,data/real_raw/r__repeat_mid__t-legato_slur__d-mf__p-constant__v-V2__take01.wav,planned,576
r__long_mid__t-staccato__d-mf__p-constant__v-V2__take02,real,real_violin,constant,long_mid,long,mid,staccato,real_counterfactual_primary,40,mf,64,64,,V2,P1,2,2,69.0,True,0.75,data/midi/full/reference/ref__long_mid__t-staccato__d-mf__p-constant.mid,data/real_48k/r__long_mid__t-staccato__d-mf__p-constant__v-V2__take02.wav,data/real_raw/r__long_mid__t-staccato__d-mf__p-constant__v-V2__take02.wav,planned,577
r__repeat_mid__t-staccato__d-mf__p-constant__v-V2__take01,real,real_violin,constant,repeat_mid,repeat,mid,staccato,real_counterfactual_primary,40,mf,64,64,,V2,P1,1,1,74.0,True,0.75,data/midi/full/reference/ref__repeat_mid__t-staccato__d-mf__p-constant.mid,data/real_48k/r__repeat_mid__t-staccato__d-mf__p-constant__v-V2__take01.wav,data/real_raw/r__repeat_mid__t-staccato__d-mf__p-constant__v-V2__take01.wav,planned,578
r__long_high__t-legato_slur__d-p__p-constant__v-V1__take01,real,real_violin,constant,long_high,long,high,legato_slur,real_counterfactual_primary,49,p,32,32,,V1,P1,1,1,81.0,True,0.75,data/midi/full/reference/ref__long_high__t-legato_slur__d-p__p-constant.mid,data/real_48k/r__long_high__t-legato_slur__d-p__p-constant__v-V1__take01.wav,data/real_raw/r__long_high__t-legato_slur__d-p__p-constant__v-V1__take01.wav,planned,579
r__repeat_high__t-legato_slur__d-mf__p-constant__v-V1__take01,real,real_violin,constant,repeat_high,repeat,high,legato_slur,real_counterfactual_primary,49,mf,64,64,,V1,P1,1,1,86.0,True,0.75,data/midi/full/reference/ref__repeat_high__t-legato_slur__d-mf__p-constant.mid,data/real_48k/r__repeat_high__t-legato_slur__d-mf__p-constant__v-V1__take01.wav,data/real_raw/r__repeat_high__t-legato_slur__d-mf__p-constant__v-V1__take01.wav,planned,580
r__long_high__t-pizzicato__d-mf__p-constant__v-V2__take02,real,real_violin,constant,long_high,long,high,pizzicato,real_counterfactual_primary,43,mf,64,64,,V2,P1,2,2,81.0,True,0.75,data/midi/full/reference/ref__long_high__t-pizzicato__d-mf__p-constant.mid,data/real_48k/r__long_high__t-pizzicato__d-mf__p-constant__v-V2__take02.wav,data/real_raw/r__long_high__t-pizzicato__d-mf__p-constant__v-V2__take02.wav,planned,581
r__repeat_low__t-legato_slur__d-mf__p-constant__v-V1__take02,real,real_violin,constant,repeat_low,repeat,low,legato_slur,real_counterfactual_primary,49,mf,64,64,,V1,P1,2,2,62.0,True,0.75,data/midi/full/reference/ref__repeat_low__t-legato_slur__d-mf__p-constant.mid,data/real_48k/r__repeat_low__t-legato_slur__d-mf__p-constant__v-V1__take02.wav,data/real_raw/r__repeat_low__t-legato_slur__d-mf__p-constant__v-V1__take02.wav,planned,582
r__repeat_high__t-staccato__d-mf__p-constant__v-V3__take02,real,real_violin,constant,repeat_high,repeat,high,staccato,real_counterfactual_primary,40,mf,64,64,,V3,P1,2,2,86.0,True,0.75,data/midi/full/reference/ref__repeat_high__t-staccato__d-mf__p-constant.mid,data/real_48k/r__repeat_high__t-staccato__d-mf__p-constant__v-V3__take02.wav,data/real_raw/r__repeat_high__t-staccato__d-mf__p-constant__v-V3__take02.wav,planned,583
r__scale_low__t-staccato__d-p__p-constant__v-V2__take02,real,real_violin,constant,scale_low,scale,low,staccato,real_counterfactual_primary,40,p,32,32,,V2,P1,2,2,,False,0.75,data/midi/full/reference/ref__scale_low__t-staccato__d-p__p-constant.mid,data/real_48k/r__scale_low__t-staccato__d-p__p-constant__v-V2__take02.wav,data/real_raw/r__scale_low__t-staccato__d-p__p-constant__v-V2__take02.wav,planned,584
r__long_mid__t-pizzicato__d-f__p-constant__v-V1__take02,real,real_violin,constant,long_mid,long,mid,pizzicato,real_counterfactual_primary,43,f,96,96,,V1,P1,2,2,69.0,True,0.75,data/midi/full/reference/ref__long_mid__t-pizzicato__d-f__p-constant.mid,data/real_48k/r__long_mid__t-pizzicato__d-f__p-constant__v-V1__take02.wav,data/real_raw/r__long_mid__t-pizzicato__d-f__p-constant__v-V1__take02.wav,planned,585
r__long_low__t-pizzicato__d-mf__p-constant__v-V3__take01,real,real_violin,constant,long_low,long,low,pizzicato,real_counterfactual_primary,43,mf,64,64,,V3,P1,1,1,57.0,True,0.75,data/midi/full/reference/ref__long_low__t-pizzicato__d-mf__p-constant.mid,data/real_48k/r__long_low__t-pizzicato__d-mf__p-constant__v-V3__take01.wav,data/real_raw/r__long_low__t-pizzicato__d-mf__p-constant__v-V3__take01.wav,planned,586
r__scale_low__t-legato_slur__d-p__p-constant__v-V1__take01,real,real_violin,constant,scale_low,scale,low,legato_slur,real_counterfactual_primary,49,p,32,32,,V1,P1,1,1,,False,0.75,data/midi/full/reference/ref__scale_low__t-legato_slur__d-p__p-constant.mid,data/real_48k/r__scale_low__t-legato_slur__d-p__p-constant__v-V1__take01.wav,data/real_raw/r__scale_low__t-legato_slur__d-p__p-constant__v-V1__take01.wav,planned,587
r__scale_high__t-legato_slur__d-mf__p-constant__v-V1__take02,real,real_violin,constant,scale_high,scale,high,legato_slur,real_counterfactual_primary,49,mf,64,64,,V1,P1,2,2,,False,0.75,data/midi/full/reference/ref__scale_high__t-legato_slur__d-mf__p-constant.mid,data/real_48k/r__scale_high__t-legato_slur__d-mf__p-constant__v-V1__take02.wav,data/real_raw/r__scale_high__t-legato_slur__d-mf__p-constant__v-V1__take02.wav,planned,588
r__repeat_low__t-pizzicato__d-f__p-constant__v-V2__take02,real,real_violin,constant,repeat_low,repeat,low,pizzicato,real_counterfactual_primary,43,f,96,96,,V2,P1,2,2,62.0,True,0.75,data/midi/full/reference/ref__repeat_low__t-pizzicato__d-f__p-constant.mid,data/real_48k/r__repeat_low__t-pizzicato__d-f__p-constant__v-V2__take02.wav,data/real_raw/r__repeat_low__t-pizzicato__d-f__p-constant__v-V2__take02.wav,planned,589
r__repeat_mid__t-sustain__d-f__p-constant__v-V2__take01,real,real_violin,constant,repeat_mid,repeat,mid,sustain,real_counterfactual_primary,36,f,96,96,,V2,P1,1,1,74.0,True,0.75,data/midi/full/reference/ref__repeat_mid__t-sustain__d-f__p-constant.mid,data/real_48k/r__repeat_mid__t-sustain__d-f__p-constant__v-V2__take01.wav,data/real_raw/r__repeat_mid__t-sustain__d-f__p-constant__v-V2__take01.wav,planned,590
r__leap_low__t-staccato__d-mf__p-constant__v-V2__take02,real,real_violin,constant,leap_low,leap,low,staccato,real_counterfactual_primary,40,mf,64,64,,V2,P1,2,2,,False,0.75,data/midi/full/reference/ref__leap_low__t-staccato__d-mf__p-constant.mid,data/real_48k/r__leap_low__t-staccato__d-mf__p-constant__v-V2__take02.wav,data/real_raw/r__leap_low__t-staccato__d-mf__p-constant__v-V2__take02.wav,planned,591
r__scale_high__t-sustain__d-f__p-constant__v-V2__take02,real,real_violin,constant,scale_high,scale,high,sustain,real_counterfactual_primary,36,f,96,96,,V2,P1,2,2,,False,0.75,data/midi/full/reference/ref__scale_high__t-sustain__d-f__p-constant.mid,data/real_48k/r__scale_high__t-sustain__d-f__p-constant__v-V2__take02.wav,data/real_raw/r__scale_high__t-sustain__d-f__p-constant__v-V2__take02.wav,planned,592
r__leap_high__t-sustain__d-f__p-constant__v-V1__take02,real,real_violin,constant,leap_high,leap,high,sustain,real_counterfactual_primary,36,f,96,96,,V1,P1,2,2,,False,0.75,data/midi/full/reference/ref__leap_high__t-sustain__d-f__p-constant.mid,data/real_48k/r__leap_high__t-sustain__d-f__p-constant__v-V1__take02.wav,data/real_raw/r__leap_high__t-sustain__d-f__p-constant__v-V1__take02.wav,planned,593
r__long_mid__t-sustain__d-p__p-constant__v-V2__take01,real,real_violin,constant,long_mid,long,mid,sustain,real_counterfactual_primary,36,p,32,32,,V2,P1,1,1,69.0,True,0.75,data/midi/full/reference/ref__long_mid__t-sustain__d-p__p-constant.mid,data/real_48k/r__long_mid__t-sustain__d-p__p-constant__v-V2__take01.wav,data/real_raw/r__long_mid__t-sustain__d-p__p-constant__v-V2__take01.wav,planned,594
r__scale_high__t-pizzicato__d-f__p-constant__v-V2__take01,real,real_violin,constant,scale_high,scale,high,pizzicato,real_counterfactual_primary,43,f,96,96,,V2,P1,1,1,,False,0.75,data/midi/full/reference/ref__scale_high__t-pizzicato__d-f__p-constant.mid,data/real_48k/r__scale_high__t-pizzicato__d-f__p-constant__v-V2__take01.wav,data/real_raw/r__scale_high__t-pizzicato__d-f__p-constant__v-V2__take01.wav,planned,595
r__long_mid__t-pizzicato__d-f__p-constant__v-V3__take02,real,real_violin,constant,long_mid,long,mid,pizzicato,real_counterfactual_primary,43,f,96,96,,V3,P1,2,2,69.0,True,0.75,data/midi/full/reference/ref__long_mid__t-pizzicato__d-f__p-constant.mid,data/real_48k/r__long_mid__t-pizzicato__d-f__p-constant__v-V3__take02.wav,data/real_raw/r__long_mid__t-pizzicato__d-f__p-constant__v-V3__take02.wav,planned,596
r__leap_mid__t-pizzicato__d-f__p-constant__v-V2__take02,real,real_violin,constant,leap_mid,leap,mid,pizzicato,real_counterfactual_primary,43,f,96,96,,V2,P1,2,2,,False,0.75,data/midi/full/reference/ref__leap_mid__t-pizzicato__d-f__p-constant.mid,data/real_48k/r__leap_mid__t-pizzicato__d-f__p-constant__v-V2__take02.wav,data/real_raw/r__leap_mid__t-pizzicato__d-f__p-constant__v-V2__take02.wav,planned,597
r__scale_mid__t-pizzicato__d-p__p-constant__v-V2__take02,real,real_violin,constant,scale_mid,scale,mid,pizzicato,real_counterfactual_primary,43,p,32,32,,V2,P1,2,2,,False,0.75,data/midi/full/reference/ref__scale_mid__t-pizzicato__d-p__p-constant.mid,data/real_48k/r__scale_mid__t-pizzicato__d-p__p-constant__v-V2__take02.wav,data/real_raw/r__scale_mid__t-pizzicato__d-p__p-constant__v-V2__take02.wav,planned,598
r__repeat_high__t-sustain__d-f__p-constant__v-V1__take02,real,real_violin,constant,repeat_high,repeat,high,sustain,real_counterfactual_primary,36,f,96,96,,V1,P1,2,2,86.0,True,0.75,data/midi/full/reference/ref__repeat_high__t-sustain__d-f__p-constant.mid,data/real_48k/r__repeat_high__t-sustain__d-f__p-constant__v-V1__take02.wav,data/real_raw/r__repeat_high__t-sustain__d-f__p-constant__v-V1__take02.wav,planned,599
r__repeat_high__t-pizzicato__d-mf__p-constant__v-V1__take02,real,real_violin,constant,repeat_high,repeat,high,pizzicato,real_counterfactual_primary,43,mf,64,64,,V1,P1,2,2,86.0,True,0.75,data/midi/full/reference/ref__repeat_high__t-pizzicato__d-mf__p-constant.mid,data/real_48k/r__repeat_high__t-pizzicato__d-mf__p-constant__v-V1__take02.wav,data/real_raw/r__repeat_high__t-pizzicato__d-mf__p-constant__v-V1__take02.wav,planned,600
r__long_mid__t-legato_slur__d-f__p-constant__v-V1__take01,real,real_violin,constant,long_mid,long,mid,legato_slur,real_counterfactual_primary,49,f,96,96,,V1,P1,1,1,69.0,True,0.75,data/midi/full/reference/ref__long_mid__t-legato_slur__d-f__p-constant.mid,data/real_48k/r__long_mid__t-legato_slur__d-f__p-constant__v-V1__take01.wav,data/real_raw/r__long_mid__t-legato_slur__d-f__p-constant__v-V1__take01.wav,planned,601
r__leap_low__t-pizzicato__d-p__p-constant__v-V3__take01,real,real_violin,constant,leap_low,leap,low,pizzicato,real_counterfactual_primary,43,p,32,32,,V3,P1,1,1,,False,0.75,data/midi/full/reference/ref__leap_low__t-pizzicato__d-p__p-constant.mid,data/real_48k/r__leap_low__t-pizzicato__d-p__p-constant__v-V3__take01.wav,data/real_raw/r__leap_low__t-pizzicato__d-p__p-constant__v-V3__take01.wav,planned,602
r__leap_low__t-legato_slur__d-mf__p-constant__v-V2__take02,real,real_violin,constant,leap_low,leap,low,legato_slur,real_counterfactual_primary,49,mf,64,64,,V2,P1,2,2,,False,0.75,data/midi/full/reference/ref__leap_low__t-legato_slur__d-mf__p-constant.mid,data/real_48k/r__leap_low__t-legato_slur__d-mf__p-constant__v-V2__take02.wav,data/real_raw/r__leap_low__t-legato_slur__d-mf__p-constant__v-V2__take02.wav,planned,603
r__repeat_low__t-staccato__d-mf__p-constant__v-V1__take02,real,real_violin,constant,repeat_low,repeat,low,staccato,real_counterfactual_primary,40,mf,64,64,,V1,P1,2,2,62.0,True,0.75,data/midi/full/reference/ref__repeat_low__t-staccato__d-mf__p-constant.mid,data/real_48k/r__repeat_low__t-staccato__d-mf__p-constant__v-V1__take02.wav,data/real_raw/r__repeat_low__t-staccato__d-mf__p-constant__v-V1__take02.wav,planned,604
r__scale_high__t-staccato__d-mf__p-constant__v-V1__take02,real,real_violin,constant,scale_high,scale,high,staccato,real_counterfactual_primary,40,mf,64,64,,V1,P1,2,2,,False,0.75,data/midi/full/reference/ref__scale_high__t-staccato__d-mf__p-constant.mid,data/real_48k/r__scale_high__t-staccato__d-mf__p-constant__v-V1__take02.wav,data/real_raw/r__scale_high__t-staccato__d-mf__p-constant__v-V1__take02.wav,planned,605
r__long_low__t-staccato__d-p__p-constant__v-V2__take01,real,real_violin,constant,long_low,long,low,staccato,real_counterfactual_primary,40,p,32,32,,V2,P1,1,1,57.0,True,0.75,data/midi/full/reference/ref__long_low__t-staccato__d-p__p-constant.mid,data/real_48k/r__long_low__t-staccato__d-p__p-constant__v-V2__take01.wav,data/real_raw/r__long_low__t-staccato__d-p__p-constant__v-V2__take01.wav,planned,606
r__repeat_high__t-sustain__d-f__p-constant__v-V2__take01,real,real_violin,constant,repeat_high,repeat,high,sustain,real_counterfactual_primary,36,f,96,96,,V2,P1,1,1,86.0,True,0.75,data/midi/full/reference/ref__repeat_high__t-sustain__d-f__p-constant.mid,data/real_48k/r__repeat_high__t-sustain__d-f__p-constant__v-V2__take01.wav,data/real_raw/r__repeat_high__t-sustain__d-f__p-constant__v-V2__take01.wav,planned,607
r__repeat_mid__t-legato_slur__d-f__p-constant__v-V2__take02,real,real_violin,constant,repeat_mid,repeat,mid,legato_slur,real_counterfactual_primary,49,f,96,96,,V2,P1,2,2,74.0,True,0.75,data/midi/full/reference/ref__repeat_mid__t-legato_slur__d-f__p-constant.mid,data/real_48k/r__repeat_mid__t-legato_slur__d-f__p-constant__v-V2__take02.wav,data/real_raw/r__repeat_mid__t-legato_slur__d-f__p-constant__v-V2__take02.wav,planned,608
r__repeat_low__t-sustain__d-p__p-constant__v-V2__take02,real,real_violin,constant,repeat_low,repeat,low,sustain,real_counterfactual_primary,36,p,32,32,,V2,P1,2,2,62.0,True,0.75,data/midi/full/reference/ref__repeat_low__t-sustain__d-p__p-constant.mid,data/real_48k/r__repeat_low__t-sustain__d-p__p-constant__v-V2__take02.wav,data/real_raw/r__repeat_low__t-sustain__d-p__p-constant__v-V2__take02.wav,planned,609
r__leap_low__t-sustain__d-p__p-constant__v-V2__take01,real,real_violin,constant,leap_low,leap,low,sustain,real_counterfactual_primary,36,p,32,32,,V2,P1,1,1,,False,0.75,data/midi/full/reference/ref__leap_low__t-sustain__d-p__p-constant.mid,data/real_48k/r__leap_low__t-sustain__d-p__p-constant__v-V2__take01.wav,data/real_raw/r__leap_low__t-sustain__d-p__p-constant__v-V2__take01.wav,planned,610
r__scale_high__t-staccato__d-f__p-constant__v-V1__take02,real,real_violin,constant,scale_high,scale,high,staccato,real_counterfactual_primary,40,f,96,96,,V1,P1,2,2,,False,0.75,data/midi/full/reference/ref__scale_high__t-staccato__d-f__p-constant.mid,data/real_48k/r__scale_high__t-staccato__d-f__p-constant__v-V1__take02.wav,data/real_raw/r__scale_high__t-staccato__d-f__p-constant__v-V1__take02.wav,planned,611
r__repeat_mid__t-legato_slur__d-f__p-constant__v-V3__take01,real,real_violin,constant,repeat_mid,repeat,mid,legato_slur,real_counterfactual_primary,49,f,96,96,,V3,P1,1,1,74.0,True,0.75,data/midi/full/reference/ref__repeat_mid__t-legato_slur__d-f__p-constant.mid,data/real_48k/r__repeat_mid__t-legato_slur__d-f__p-constant__v-V3__take01.wav,data/real_raw/r__repeat_mid__t-legato_slur__d-f__p-constant__v-V3__take01.wav,planned,612
r__repeat_low__t-pizzicato__d-mf__p-constant__v-V2__take01,real,real_violin,constant,repeat_low,repeat,low,pizzicato,real_counterfactual_primary,43,mf,64,64,,V2,P1,1,1,62.0,True,0.75,data/midi/full/reference/ref__repeat_low__t-pizzicato__d-mf__p-constant.mid,data/real_48k/r__repeat_low__t-pizzicato__d-mf__p-constant__v-V2__take01.wav,data/real_raw/r__repeat_low__t-pizzicato__d-mf__p-constant__v-V2__take01.wav,planned,613
r__repeat_low__t-legato_slur__d-p__p-constant__v-V2__take02,real,real_violin,constant,repeat_low,repeat,low,legato_slur,real_counterfactual_primary,49,p,32,32,,V2,P1,2,2,62.0,True,0.75,data/midi/full/reference/ref__repeat_low__t-legato_slur__d-p__p-constant.mid,data/real_48k/r__repeat_low__t-legato_slur__d-p__p-constant__v-V2__take02.wav,data/real_raw/r__repeat_low__t-legato_slur__d-p__p-constant__v-V2__take02.wav,planned,614
r__long_high__t-legato_slur__d-f__p-constant__v-V3__take01,real,real_violin,constant,long_high,long,high,legato_slur,real_counterfactual_primary,49,f,96,96,,V3,P1,1,1,81.0,True,0.75,data/midi/full/reference/ref__long_high__t-legato_slur__d-f__p-constant.mid,data/real_48k/r__long_high__t-legato_slur__d-f__p-constant__v-V3__take01.wav,data/real_raw/r__long_high__t-legato_slur__d-f__p-constant__v-V3__take01.wav,planned,615
r__scale_mid__t-staccato__d-p__p-constant__v-V1__take02,real,real_violin,constant,scale_mid,scale,mid,staccato,real_counterfactual_primary,40,p,32,32,,V1,P1,2,2,,False,0.75,data/midi/full/reference/ref__scale_mid__t-staccato__d-p__p-constant.mid,data/real_48k/r__scale_mid__t-staccato__d-p__p-constant__v-V1__take02.wav,data/real_raw/r__scale_mid__t-staccato__d-p__p-constant__v-V1__take02.wav,planned,616
r__long_low__t-sustain__d-mf__p-constant__v-V1__take02,real,real_violin,constant,long_low,long,low,sustain,real_counterfactual_primary,36,mf,64,64,,V1,P1,2,2,57.0,True,0.75,data/midi/full/reference/ref__long_low__t-sustain__d-mf__p-constant.mid,data/real_48k/r__long_low__t-sustain__d-mf__p-constant__v-V1__take02.wav,data/real_raw/r__long_low__t-sustain__d-mf__p-constant__v-V1__take02.wav,planned,617
r__long_mid__t-sustain__d-mf__p-constant__v-V3__take02,real,real_violin,constant,long_mid,long,mid,sustain,real_counterfactual_primary,36,mf,64,64,,V3,P1,2,2,69.0,True,0.75,data/midi/full/reference/ref__long_mid__t-sustain__d-mf__p-constant.mid,data/real_48k/r__long_mid__t-sustain__d-mf__p-constant__v-V3__take02.wav,data/real_raw/r__long_mid__t-sustain__d-mf__p-constant__v-V3__take02.wav,planned,618
r__repeat_high__t-legato_slur__d-p__p-constant__v-V3__take02,real,real_violin,constant,repeat_high,repeat,high,legato_slur,real_counterfactual_primary,49,p,32,32,,V3,P1,2,2,86.0,True,0.75,data/midi/full/reference/ref__repeat_high__t-legato_slur__d-p__p-constant.mid,data/real_48k/r__repeat_high__t-legato_slur__d-p__p-constant__v-V3__take02.wav,data/real_raw/r__repeat_high__t-legato_slur__d-p__p-constant__v-V3__take02.wav,planned,619
r__long_high__t-staccato__d-f__p-constant__v-V1__take01,real,real_violin,constant,long_high,long,high,staccato,real_counterfactual_primary,40,f,96,96,,V1,P1,1,1,81.0,True,0.75,data/midi/full/reference/ref__long_high__t-staccato__d-f__p-constant.mid,data/real_48k/r__long_high__t-staccato__d-f__p-constant__v-V1__take01.wav,data/real_raw/r__long_high__t-staccato__d-f__p-constant__v-V1__take01.wav,planned,620
r__long_high__t-legato_slur__d-f__p-constant__v-V1__take02,real,real_violin,constant,long_high,long,high,legato_slur,real_counterfactual_primary,49,f,96,96,,V1,P1,2,2,81.0,True,0.75,data/midi/full/reference/ref__long_high__t-legato_slur__d-f__p-constant.mid,data/real_48k/r__long_high__t-legato_slur__d-f__p-constant__v-V1__take02.wav,data/real_raw/r__long_high__t-legato_slur__d-f__p-constant__v-V1__take02.wav,planned,621
r__leap_mid__t-staccato__d-f__p-constant__v-V1__take01,real,real_violin,constant,leap_mid,leap,mid,staccato,real_counterfactual_primary,40,f,96,96,,V1,P1,1,1,,False,0.75,data/midi/full/reference/ref__leap_mid__t-staccato__d-f__p-constant.mid,data/real_48k/r__leap_mid__t-staccato__d-f__p-constant__v-V1__take01.wav,data/real_raw/r__leap_mid__t-staccato__d-f__p-constant__v-V1__take01.wav,planned,622
r__leap_high__t-staccato__d-p__p-constant__v-V1__take02,real,real_violin,constant,leap_high,leap,high,staccato,real_counterfactual_primary,40,p,32,32,,V1,P1,2,2,,False,0.75,data/midi/full/reference/ref__leap_high__t-staccato__d-p__p-constant.mid,data/real_48k/r__leap_high__t-staccato__d-p__p-constant__v-V1__take02.wav,data/real_raw/r__leap_high__t-staccato__d-p__p-constant__v-V1__take02.wav,planned,623
r__repeat_mid__t-staccato__d-p__p-constant__v-V1__take01,real,real_violin,constant,repeat_mid,repeat,mid,staccato,real_counterfactual_primary,40,p,32,32,,V1,P1,1,1,74.0,True,0.75,data/midi/full/reference/ref__repeat_mid__t-staccato__d-p__p-constant.mid,data/real_48k/r__repeat_mid__t-staccato__d-p__p-constant__v-V1__take01.wav,data/real_raw/r__repeat_mid__t-staccato__d-p__p-constant__v-V1__take01.wav,planned,624
r__leap_mid__t-sustain__d-f__p-constant__v-V2__take02,real,real_violin,constant,leap_mid,leap,mid,sustain,real_counterfactual_primary,36,f,96,96,,V2,P1,2,2,,False,0.75,data/midi/full/reference/ref__leap_mid__t-sustain__d-f__p-constant.mid,data/real_48k/r__leap_mid__t-sustain__d-f__p-constant__v-V2__take02.wav,data/real_raw/r__leap_mid__t-sustain__d-f__p-constant__v-V2__take02.wav,planned,625
r__leap_low__t-legato_slur__d-p__p-constant__v-V2__take01,real,real_violin,constant,leap_low,leap,low,legato_slur,real_counterfactual_primary,49,p,32,32,,V2,P1,1,1,,False,0.75,data/midi/full/reference/ref__leap_low__t-legato_slur__d-p__p-constant.mid,data/real_48k/r__leap_low__t-legato_slur__d-p__p-constant__v-V2__take01.wav,data/real_raw/r__leap_low__t-legato_slur__d-p__p-constant__v-V2__take01.wav,planned,626
r__scale_low__t-sustain__d-f__p-constant__v-V2__take01,real,real_violin,constant,scale_low,scale,low,sustain,real_counterfactual_primary,36,f,96,96,,V2,P1,1,1,,False,0.75,data/midi/full/reference/ref__scale_low__t-sustain__d-f__p-constant.mid,data/real_48k/r__scale_low__t-sustain__d-f__p-constant__v-V2__take01.wav,data/real_raw/r__scale_low__t-sustain__d-f__p-constant__v-V2__take01.wav,planned,627
r__long_high__t-legato_slur__d-mf__p-constant__v-V1__take01,real,real_violin,constant,long_high,long,high,legato_slur,real_counterfactual_primary,49,mf,64,64,,V1,P1,1,1,81.0,True,0.75,data/midi/full/reference/ref__long_high__t-legato_slur__d-mf__p-constant.mid,data/real_48k/r__long_high__t-legato_slur__d-mf__p-constant__v-V1__take01.wav,data/real_raw/r__long_high__t-legato_slur__d-mf__p-constant__v-V1__take01.wav,planned,628
r__leap_mid__t-staccato__d-p__p-constant__v-V1__take02,real,real_violin,constant,leap_mid,leap,mid,staccato,real_counterfactual_primary,40,p,32,32,,V1,P1,2,2,,False,0.75,data/midi/full/reference/ref__leap_mid__t-staccato__d-p__p-constant.mid,data/real_48k/r__leap_mid__t-staccato__d-p__p-constant__v-V1__take02.wav,data/real_raw/r__leap_mid__t-staccato__d-p__p-constant__v-V1__take02.wav,planned,629
r__scale_high__t-pizzicato__d-p__p-constant__v-V1__take01,real,real_violin,constant,scale_high,scale,high,pizzicato,real_counterfactual_primary,43,p,32,32,,V1,P1,1,1,,False,0.75,data/midi/full/reference/ref__scale_high__t-pizzicato__d-p__p-constant.mid,data/real_48k/r__scale_high__t-pizzicato__d-p__p-constant__v-V1__take01.wav,data/real_raw/r__scale_high__t-pizzicato__d-p__p-constant__v-V1__take01.wav,planned,630
r__long_mid__t-legato_slur__d-p__p-constant__v-V2__take02,real,real_violin,constant,long_mid,long,mid,legato_slur,real_counterfactual_primary,49,p,32,32,,V2,P1,2,2,69.0,True,0.75,data/midi/full/reference/ref__long_mid__t-legato_slur__d-p__p-constant.mid,data/real_48k/r__long_mid__t-legato_slur__d-p__p-constant__v-V2__take02.wav,data/real_raw/r__long_mid__t-legato_slur__d-p__p-constant__v-V2__take02.wav,planned,631
r__scale_high__t-staccato__d-mf__p-constant__v-V1__take01,real,real_violin,constant,scale_high,scale,high,staccato,real_counterfactual_primary,40,mf,64,64,,V1,P1,1,1,,False,0.75,data/midi/full/reference/ref__scale_high__t-staccato__d-mf__p-constant.mid,data/real_48k/r__scale_high__t-staccato__d-mf__p-constant__v-V1__take01.wav,data/real_raw/r__scale_high__t-staccato__d-mf__p-constant__v-V1__take01.wav,planned,632
r__repeat_mid__t-staccato__d-f__p-constant__v-V1__take01,real,real_violin,constant,repeat_mid,repeat,mid,staccato,real_counterfactual_primary,40,f,96,96,,V1,P1,1,1,74.0,True,0.75,data/midi/full/reference/ref__repeat_mid__t-staccato__d-f__p-constant.mid,data/real_48k/r__repeat_mid__t-staccato__d-f__p-constant__v-V1__take01.wav,data/real_raw/r__repeat_mid__t-staccato__d-f__p-constant__v-V1__take01.wav,planned,633
r__long_high__t-staccato__d-mf__p-constant__v-V2__take01,real,real_violin,constant,long_high,long,high,staccato,real_counterfactual_primary,40,mf,64,64,,V2,P1,1,1,81.0,True,0.75,data/midi/full/reference/ref__long_high__t-staccato__d-mf__p-constant.mid,data/real_48k/r__long_high__t-staccato__d-mf__p-constant__v-V2__take01.wav,data/real_raw/r__long_high__t-staccato__d-mf__p-constant__v-V2__take01.wav,planned,634
r__leap_mid__t-staccato__d-mf__p-constant__v-V3__take02,real,real_violin,constant,leap_mid,leap,mid,staccato,real_counterfactual_primary,40,mf,64,64,,V3,P1,2,2,,False,0.75,data/midi/full/reference/ref__leap_mid__t-staccato__d-mf__p-constant.mid,data/real_48k/r__leap_mid__t-staccato__d-mf__p-constant__v-V3__take02.wav,data/real_raw/r__leap_mid__t-staccato__d-mf__p-constant__v-V3__take02.wav,planned,635
r__leap_low__t-legato_slur__d-f__p-constant__v-V3__take02,real,real_violin,constant,leap_low,leap,low,legato_slur,real_counterfactual_primary,49,f,96,96,,V3,P1,2,2,,False,0.75,data/midi/full/reference/ref__leap_low__t-legato_slur__d-f__p-constant.mid,data/real_48k/r__leap_low__t-legato_slur__d-f__p-constant__v-V3__take02.wav,data/real_raw/r__leap_low__t-legato_slur__d-f__p-constant__v-V3__take02.wav,planned,636
r__scale_low__t-legato_slur__d-p__p-constant__v-V2__take01,real,real_violin,constant,scale_low,scale,low,legato_slur,real_counterfactual_primary,49,p,32,32,,V2,P1,1,1,,False,0.75,data/midi/full/reference/ref__scale_low__t-legato_slur__d-p__p-constant.mid,data/real_48k/r__scale_low__t-legato_slur__d-p__p-constant__v-V2__take01.wav,data/real_raw/r__scale_low__t-legato_slur__d-p__p-constant__v-V2__take01.wav,planned,637
r__repeat_high__t-pizzicato__d-f__p-constant__v-V2__take02,real,real_violin,constant,repeat_high,repeat,high,pizzicato,real_counterfactual_primary,43,f,96,96,,V2,P1,2,2,86.0,True,0.75,data/midi/full/reference/ref__repeat_high__t-pizzicato__d-f__p-constant.mid,data/real_48k/r__repeat_high__t-pizzicato__d-f__p-constant__v-V2__take02.wav,data/real_raw/r__repeat_high__t-pizzicato__d-f__p-constant__v-V2__take02.wav,planned,638
r__leap_high__t-sustain__d-p__p-constant__v-V2__take01,real,real_violin,constant,leap_high,leap,high,sustain,real_counterfactual_primary,36,p,32,32,,V2,P1,1,1,,False,0.75,data/midi/full/reference/ref__leap_high__t-sustain__d-p__p-constant.mid,data/real_48k/r__leap_high__t-sustain__d-p__p-constant__v-V2__take01.wav,data/real_raw/r__leap_high__t-sustain__d-p__p-constant__v-V2__take01.wav,planned,639
r__long_mid__t-sustain__d-f__p-constant__v-V1__take02,real,real_violin,constant,long_mid,long,mid,sustain,real_counterfactual_primary,36,f,96,96,,V1,P1,2,2,69.0,True,0.75,data/midi/full/reference/ref__long_mid__t-sustain__d-f__p-constant.mid,data/real_48k/r__long_mid__t-sustain__d-f__p-constant__v-V1__take02.wav,data/real_raw/r__long_mid__t-sustain__d-f__p-constant__v-V1__take02.wav,planned,640
r__long_low__t-staccato__d-mf__p-constant__v-V3__take01,real,real_violin,constant,long_low,long,low,staccato,real_counterfactual_primary,40,mf,64,64,,V3,P1,1,1,57.0,True,0.75,data/midi/full/reference/ref__long_low__t-staccato__d-mf__p-constant.mid,data/real_48k/r__long_low__t-staccato__d-mf__p-constant__v-V3__take01.wav,data/real_raw/r__long_low__t-staccato__d-mf__p-constant__v-V3__take01.wav,planned,641
r__repeat_mid__t-staccato__d-mf__p-constant__v-V1__take02,real,real_violin,constant,repeat_mid,repeat,mid,staccato,real_counterfactual_primary,40,mf,64,64,,V1,P1,2,2,74.0,True,0.75,data/midi/full/reference/ref__repeat_mid__t-staccato__d-mf__p-constant.mid,data/real_48k/r__repeat_mid__t-staccato__d-mf__p-constant__v-V1__take02.wav,data/real_raw/r__repeat_mid__t-staccato__d-mf__p-constant__v-V1__take02.wav,planned,642
r__leap_mid__t-legato_slur__d-p__p-constant__v-V2__take01,real,real_violin,constant,leap_mid,leap,mid,legato_slur,real_counterfactual_primary,49,p,32,32,,V2,P1,1,1,,False,0.75,data/midi/full/reference/ref__leap_mid__t-legato_slur__d-p__p-constant.mid,data/real_48k/r__leap_mid__t-legato_slur__d-p__p-constant__v-V2__take01.wav,data/real_raw/r__leap_mid__t-legato_slur__d-p__p-constant__v-V2__take01.wav,planned,643
r__long_high__t-staccato__d-p__p-constant__v-V2__take01,real,real_violin,constant,long_high,long,high,staccato,real_counterfactual_primary,40,p,32,32,,V2,P1,1,1,81.0,True,0.75,data/midi/full/reference/ref__long_high__t-staccato__d-p__p-constant.mid,data/real_48k/r__long_high__t-staccato__d-p__p-constant__v-V2__take01.wav,data/real_raw/r__long_high__t-staccato__d-p__p-constant__v-V2__take01.wav,planned,644
r__leap_high__t-staccato__d-mf__p-constant__v-V2__take02,real,real_violin,constant,leap_high,leap,high,staccato,real_counterfactual_primary,40,mf,64,64,,V2,P1,2,2,,False,0.75,data/midi/full/reference/ref__leap_high__t-staccato__d-mf__p-constant.mid,data/real_48k/r__leap_high__t-staccato__d-mf__p-constant__v-V2__take02.wav,data/real_raw/r__leap_high__t-staccato__d-mf__p-constant__v-V2__take02.wav,planned,645
r__scale_mid__t-legato_slur__d-mf__p-constant__v-V2__take02,real,real_violin,constant,scale_mid,scale,mid,legato_slur,real_counterfactual_primary,49,mf,64,64,,V2,P1,2,2,,False,0.75,data/midi/full/reference/ref__scale_mid__t-legato_slur__d-mf__p-constant.mid,data/real_48k/r__scale_mid__t-legato_slur__d-mf__p-constant__v-V2__take02.wav,data/real_raw/r__scale_mid__t-legato_slur__d-mf__p-constant__v-V2__take02.wav,planned,646
r__scale_high__t-sustain__d-mf__p-constant__v-V2__take02,real,real_violin,constant,scale_high,scale,high,sustain,real_counterfactual_primary,36,mf,64,64,,V2,P1,2,2,,False,0.75,data/midi/full/reference/ref__scale_high__t-sustain__d-mf__p-constant.mid,data/real_48k/r__scale_high__t-sustain__d-mf__p-constant__v-V2__take02.wav,data/real_raw/r__scale_high__t-sustain__d-mf__p-constant__v-V2__take02.wav,planned,647
r__repeat_low__t-sustain__d-mf__p-constant__v-V3__take01,real,real_violin,constant,repeat_low,repeat,low,sustain,real_counterfactual_primary,36,mf,64,64,,V3,P1,1,1,62.0,True,0.75,data/midi/full/reference/ref__repeat_low__t-sustain__d-mf__p-constant.mid,data/real_48k/r__repeat_low__t-sustain__d-mf__p-constant__v-V3__take01.wav,data/real_raw/r__repeat_low__t-sustain__d-mf__p-constant__v-V3__take01.wav,planned,648
r__leap_high__t-staccato__d-f__p-constant__v-V1__take02,real,real_violin,constant,leap_high,leap,high,staccato,real_counterfactual_primary,40,f,96,96,,V1,P1,2,2,,False,0.75,data/midi/full/reference/ref__leap_high__t-staccato__d-f__p-constant.mid,data/real_48k/r__leap_high__t-staccato__d-f__p-constant__v-V1__take02.wav,data/real_raw/r__leap_high__t-staccato__d-f__p-constant__v-V1__take02.wav,planned,649
r__leap_high__t-pizzicato__d-f__p-constant__v-V3__take01,real,real_violin,constant,leap_high,leap,high,pizzicato,real_counterfactual_primary,43,f,96,96,,V3,P1,1,1,,False,0.75,data/midi/full/reference/ref__leap_high__t-pizzicato__d-f__p-constant.mid,data/real_48k/r__leap_high__t-pizzicato__d-f__p-constant__v-V3__take01.wav,data/real_raw/r__leap_high__t-pizzicato__d-f__p-constant__v-V3__take01.wav,planned,650
r__repeat_mid__t-pizzicato__d-mf__p-constant__v-V2__take02,real,real_violin,constant,repeat_mid,repeat,mid,pizzicato,real_counterfactual_primary,43,mf,64,64,,V2,P1,2,2,74.0,True,0.75,data/midi/full/reference/ref__repeat_mid__t-pizzicato__d-mf__p-constant.mid,data/real_48k/r__repeat_mid__t-pizzicato__d-mf__p-constant__v-V2__take02.wav,data/real_raw/r__repeat_mid__t-pizzicato__d-mf__p-constant__v-V2__take02.wav,planned,651
r__leap_high__t-legato_slur__d-p__p-constant__v-V2__take01,real,real_violin,constant,leap_high,leap,high,legato_slur,real_counterfactual_primary,49,p,32,32,,V2,P1,1,1,,False,0.75,data/midi/full/reference/ref__leap_high__t-legato_slur__d-p__p-constant.mid,data/real_48k/r__leap_high__t-legato_slur__d-p__p-constant__v-V2__take01.wav,data/real_raw/r__leap_high__t-legato_slur__d-p__p-constant__v-V2__take01.wav,planned,652
r__leap_high__t-legato_slur__d-p__p-constant__v-V1__take01,real,real_violin,constant,leap_high,leap,high,legato_slur,real_counterfactual_primary,49,p,32,32,,V1,P1,1,1,,False,0.75,data/midi/full/reference/ref__leap_high__t-legato_slur__d-p__p-constant.mid,data/real_48k/r__leap_high__t-legato_slur__d-p__p-constant__v-V1__take01.wav,data/real_raw/r__leap_high__t-legato_slur__d-p__p-constant__v-V1__take01.wav,planned,653
r__long_high__t-legato_slur__d-p__p-constant__v-V2__take01,real,real_violin,constant,long_high,long,high,legato_slur,real_counterfactual_primary,49,p,32,32,,V2,P1,1,1,81.0,True,0.75,data/midi/full/reference/ref__long_high__t-legato_slur__d-p__p-constant.mid,data/real_48k/r__long_high__t-legato_slur__d-p__p-constant__v-V2__take01.wav,data/real_raw/r__long_high__t-legato_slur__d-p__p-constant__v-V2__take01.wav,planned,654
r__leap_high__t-pizzicato__d-p__p-constant__v-V2__take01,real,real_violin,constant,leap_high,leap,high,pizzicato,real_counterfactual_primary,43,p,32,32,,V2,P1,1,1,,False,0.75,data/midi/full/reference/ref__leap_high__t-pizzicato__d-p__p-constant.mid,data/real_48k/r__leap_high__t-pizzicato__d-p__p-constant__v-V2__take01.wav,data/real_raw/r__leap_high__t-pizzicato__d-p__p-constant__v-V2__take01.wav,planned,655
r__scale_mid__t-staccato__d-f__p-constant__v-V2__take01,real,real_violin,constant,scale_mid,scale,mid,staccato,real_counterfactual_primary,40,f,96,96,,V2,P1,1,1,,False,0.75,data/midi/full/reference/ref__scale_mid__t-staccato__d-f__p-constant.mid,data/real_48k/r__scale_mid__t-staccato__d-f__p-constant__v-V2__take01.wav,data/real_raw/r__scale_mid__t-staccato__d-f__p-constant__v-V2__take01.wav,planned,656
r__scale_mid__t-staccato__d-f__p-constant__v-V2__take02,real,real_violin,constant,scale_mid,scale,mid,staccato,real_counterfactual_primary,40,f,96,96,,V2,P1,2,2,,False,0.75,data/midi/full/reference/ref__scale_mid__t-staccato__d-f__p-constant.mid,data/real_48k/r__scale_mid__t-staccato__d-f__p-constant__v-V2__take02.wav,data/real_raw/r__scale_mid__t-staccato__d-f__p-constant__v-V2__take02.wav,planned,657
r__leap_low__t-sustain__d-mf__p-constant__v-V2__take01,real,real_violin,constant,leap_low,leap,low,sustain,real_counterfactual_primary,36,mf,64,64,,V2,P1,1,1,,False,0.75,data/midi/full/reference/ref__leap_low__t-sustain__d-mf__p-constant.mid,data/real_48k/r__leap_low__t-sustain__d-mf__p-constant__v-V2__take01.wav,data/real_raw/r__leap_low__t-sustain__d-mf__p-constant__v-V2__take01.wav,planned,658
r__repeat_low__t-sustain__d-p__p-constant__v-V3__take01,real,real_violin,constant,repeat_low,repeat,low,sustain,real_counterfactual_primary,36,p,32,32,,V3,P1,1,1,62.0,True,0.75,data/midi/full/reference/ref__repeat_low__t-sustain__d-p__p-constant.mid,data/real_48k/r__repeat_low__t-sustain__d-p__p-constant__v-V3__take01.wav,data/real_raw/r__repeat_low__t-sustain__d-p__p-constant__v-V3__take01.wav,planned,659
r__long_low__t-pizzicato__d-mf__p-constant__v-V3__take02,real,real_violin,constant,long_low,long,low,pizzicato,real_counterfactual_primary,43,mf,64,64,,V3,P1,2,2,57.0,True,0.75,data/midi/full/reference/ref__long_low__t-pizzicato__d-mf__p-constant.mid,data/real_48k/r__long_low__t-pizzicato__d-mf__p-constant__v-V3__take02.wav,data/real_raw/r__long_low__t-pizzicato__d-mf__p-constant__v-V3__take02.wav,planned,660
r__scale_low__t-pizzicato__d-f__p-constant__v-V1__take02,real,real_violin,constant,scale_low,scale,low,pizzicato,real_counterfactual_primary,43,f,96,96,,V1,P1,2,2,,False,0.75,data/midi/full/reference/ref__scale_low__t-pizzicato__d-f__p-constant.mid,data/real_48k/r__scale_low__t-pizzicato__d-f__p-constant__v-V1__take02.wav,data/real_raw/r__scale_low__t-pizzicato__d-f__p-constant__v-V1__take02.wav,planned,661
r__leap_mid__t-staccato__d-p__p-constant__v-V2__take01,real,real_violin,constant,leap_mid,leap,mid,staccato,real_counterfactual_primary,40,p,32,32,,V2,P1,1,1,,False,0.75,data/midi/full/reference/ref__leap_mid__t-staccato__d-p__p-constant.mid,data/real_48k/r__leap_mid__t-staccato__d-p__p-constant__v-V2__take01.wav,data/real_raw/r__leap_mid__t-staccato__d-p__p-constant__v-V2__take01.wav,planned,662
r__leap_high__t-pizzicato__d-p__p-constant__v-V1__take01,real,real_violin,constant,leap_high,leap,high,pizzicato,real_counterfactual_primary,43,p,32,32,,V1,P1,1,1,,False,0.75,data/midi/full/reference/ref__leap_high__t-pizzicato__d-p__p-constant.mid,data/real_48k/r__leap_high__t-pizzicato__d-p__p-constant__v-V1__take01.wav,data/real_raw/r__leap_high__t-pizzicato__d-p__p-constant__v-V1__take01.wav,planned,663
r__leap_high__t-staccato__d-f__p-constant__v-V3__take01,real,real_violin,constant,leap_high,leap,high,staccato,real_counterfactual_primary,40,f,96,96,,V3,P1,1,1,,False,0.75,data/midi/full/reference/ref__leap_high__t-staccato__d-f__p-constant.mid,data/real_48k/r__leap_high__t-staccato__d-f__p-constant__v-V3__take01.wav,data/real_raw/r__leap_high__t-staccato__d-f__p-constant__v-V3__take01.wav,planned,664
r__repeat_low__t-staccato__d-mf__p-constant__v-V1__take01,real,real_violin,constant,repeat_low,repeat,low,staccato,real_counterfactual_primary,40,mf,64,64,,V1,P1,1,1,62.0,True,0.75,data/midi/full/reference/ref__repeat_low__t-staccato__d-mf__p-constant.mid,data/real_48k/r__repeat_low__t-staccato__d-mf__p-constant__v-V1__take01.wav,data/real_raw/r__repeat_low__t-staccato__d-mf__p-constant__v-V1__take01.wav,planned,665
r__long_low__t-pizzicato__d-mf__p-constant__v-V2__take01,real,real_violin,constant,long_low,long,low,pizzicato,real_counterfactual_primary,43,mf,64,64,,V2,P1,1,1,57.0,True,0.75,data/midi/full/reference/ref__long_low__t-pizzicato__d-mf__p-constant.mid,data/real_48k/r__long_low__t-pizzicato__d-mf__p-constant__v-V2__take01.wav,data/real_raw/r__long_low__t-pizzicato__d-mf__p-constant__v-V2__take01.wav,planned,666
r__repeat_high__t-pizzicato__d-p__p-constant__v-V3__take01,real,real_violin,constant,repeat_high,repeat,high,pizzicato,real_counterfactual_primary,43,p,32,32,,V3,P1,1,1,86.0,True,0.75,data/midi/full/reference/ref__repeat_high__t-pizzicato__d-p__p-constant.mid,data/real_48k/r__repeat_high__t-pizzicato__d-p__p-constant__v-V3__take01.wav,data/real_raw/r__repeat_high__t-pizzicato__d-p__p-constant__v-V3__take01.wav,planned,667
r__long_high__t-staccato__d-p__p-constant__v-V1__take02,real,real_violin,constant,long_high,long,high,staccato,real_counterfactual_primary,40,p,32,32,,V1,P1,2,2,81.0,True,0.75,data/midi/full/reference/ref__long_high__t-staccato__d-p__p-constant.mid,data/real_48k/r__long_high__t-staccato__d-p__p-constant__v-V1__take02.wav,data/real_raw/r__long_high__t-staccato__d-p__p-constant__v-V1__take02.wav,planned,668
r__repeat_high__t-staccato__d-p__p-constant__v-V1__take01,real,real_violin,constant,repeat_high,repeat,high,staccato,real_counterfactual_primary,40,p,32,32,,V1,P1,1,1,86.0,True,0.75,data/midi/full/reference/ref__repeat_high__t-staccato__d-p__p-constant.mid,data/real_48k/r__repeat_high__t-staccato__d-p__p-constant__v-V1__take01.wav,data/real_raw/r__repeat_high__t-staccato__d-p__p-constant__v-V1__take01.wav,planned,669
r__long_high__t-sustain__d-f__p-constant__v-V3__take02,real,real_violin,constant,long_high,long,high,sustain,real_counterfactual_primary,36,f,96,96,,V3,P1,2,2,81.0,True,0.75,data/midi/full/reference/ref__long_high__t-sustain__d-f__p-constant.mid,data/real_48k/r__long_high__t-sustain__d-f__p-constant__v-V3__take02.wav,data/real_raw/r__long_high__t-sustain__d-f__p-constant__v-V3__take02.wav,planned,670
r__scale_mid__t-staccato__d-mf__p-constant__v-V2__take01,real,real_violin,constant,scale_mid,scale,mid,staccato,real_counterfactual_primary,40,mf,64,64,,V2,P1,1,1,,False,0.75,data/midi/full/reference/ref__scale_mid__t-staccato__d-mf__p-constant.mid,data/real_48k/r__scale_mid__t-staccato__d-mf__p-constant__v-V2__take01.wav,data/real_raw/r__scale_mid__t-staccato__d-mf__p-constant__v-V2__take01.wav,planned,671
r__scale_mid__t-legato_slur__d-p__p-constant__v-V2__take02,real,real_violin,constant,scale_mid,scale,mid,legato_slur,real_counterfactual_primary,49,p,32,32,,V2,P1,2,2,,False,0.75,data/midi/full/reference/ref__scale_mid__t-legato_slur__d-p__p-constant.mid,data/real_48k/r__scale_mid__t-legato_slur__d-p__p-constant__v-V2__take02.wav,data/real_raw/r__scale_mid__t-legato_slur__d-p__p-constant__v-V2__take02.wav,planned,672
r__long_low__t-legato_slur__d-mf__p-constant__v-V1__take01,real,real_violin,constant,long_low,long,low,legato_slur,real_counterfactual_primary,49,mf,64,64,,V1,P1,1,1,57.0,True,0.75,data/midi/full/reference/ref__long_low__t-legato_slur__d-mf__p-constant.mid,data/real_48k/r__long_low__t-legato_slur__d-mf__p-constant__v-V1__take01.wav,data/real_raw/r__long_low__t-legato_slur__d-mf__p-constant__v-V1__take01.wav,planned,673
r__leap_high__t-pizzicato__d-f__p-constant__v-V1__take01,real,real_violin,constant,leap_high,leap,high,pizzicato,real_counterfactual_primary,43,f,96,96,,V1,P1,1,1,,False,0.75,data/midi/full/reference/ref__leap_high__t-pizzicato__d-f__p-constant.mid,data/real_48k/r__leap_high__t-pizzicato__d-f__p-constant__v-V1__take01.wav,data/real_raw/r__leap_high__t-pizzicato__d-f__p-constant__v-V1__take01.wav,planned,674
r__long_mid__t-sustain__d-f__p-constant__v-V2__take01,real,real_violin,constant,long_mid,long,mid,sustain,real_counterfactual_primary,36,f,96,96,,V2,P1,1,1,69.0,True,0.75,data/midi/full/reference/ref__long_mid__t-sustain__d-f__p-constant.mid,data/real_48k/r__long_mid__t-sustain__d-f__p-constant__v-V2__take01.wav,data/real_raw/r__long_mid__t-sustain__d-f__p-constant__v-V2__take01.wav,planned,675
r__leap_mid__t-sustain__d-mf__p-constant__v-V3__take02,real,real_violin,constant,leap_mid,leap,mid,sustain,real_counterfactual_primary,36,mf,64,64,,V3,P1,2,2,,False,0.75,data/midi/full/reference/ref__leap_mid__t-sustain__d-mf__p-constant.mid,data/real_48k/r__leap_mid__t-sustain__d-mf__p-constant__v-V3__take02.wav,data/real_raw/r__leap_mid__t-sustain__d-mf__p-constant__v-V3__take02.wav,planned,676
r__repeat_low__t-staccato__d-f__p-constant__v-V1__take01,real,real_violin,constant,repeat_low,repeat,low,staccato,real_counterfactual_primary,40,f,96,96,,V1,P1,1,1,62.0,True,0.75,data/midi/full/reference/ref__repeat_low__t-staccato__d-f__p-constant.mid,data/real_48k/r__repeat_low__t-staccato__d-f__p-constant__v-V1__take01.wav,data/real_raw/r__repeat_low__t-staccato__d-f__p-constant__v-V1__take01.wav,planned,677
r__long_low__t-pizzicato__d-p__p-constant__v-V2__take01,real,real_violin,constant,long_low,long,low,pizzicato,real_counterfactual_primary,43,p,32,32,,V2,P1,1,1,57.0,True,0.75,data/midi/full/reference/ref__long_low__t-pizzicato__d-p__p-constant.mid,data/real_48k/r__long_low__t-pizzicato__d-p__p-constant__v-V2__take01.wav,data/real_raw/r__long_low__t-pizzicato__d-p__p-constant__v-V2__take01.wav,planned,678
r__long_mid__t-legato_slur__d-f__p-constant__v-V3__take01,real,real_violin,constant,long_mid,long,mid,legato_slur,real_counterfactual_primary,49,f,96,96,,V3,P1,1,1,69.0,True,0.75,data/midi/full/reference/ref__long_mid__t-legato_slur__d-f__p-constant.mid,data/real_48k/r__long_mid__t-legato_slur__d-f__p-constant__v-V3__take01.wav,data/real_raw/r__long_mid__t-legato_slur__d-f__p-constant__v-V3__take01.wav,planned,679
r__repeat_low__t-staccato__d-mf__p-constant__v-V2__take02,real,real_violin,constant,repeat_low,repeat,low,staccato,real_counterfactual_primary,40,mf,64,64,,V2,P1,2,2,62.0,True,0.75,data/midi/full/reference/ref__repeat_low__t-staccato__d-mf__p-constant.mid,data/real_48k/r__repeat_low__t-staccato__d-mf__p-constant__v-V2__take02.wav,data/real_raw/r__repeat_low__t-staccato__d-mf__p-constant__v-V2__take02.wav,planned,680
r__long_low__t-legato_slur__d-mf__p-constant__v-V2__take01,real,real_violin,constant,long_low,long,low,legato_slur,real_counterfactual_primary,49,mf,64,64,,V2,P1,1,1,57.0,True,0.75,data/midi/full/reference/ref__long_low__t-legato_slur__d-mf__p-constant.mid,data/real_48k/r__long_low__t-legato_slur__d-mf__p-constant__v-V2__take01.wav,data/real_raw/r__long_low__t-legato_slur__d-mf__p-constant__v-V2__take01.wav,planned,681
r__repeat_mid__t-sustain__d-mf__p-constant__v-V1__take01,real,real_violin,constant,repeat_mid,repeat,mid,sustain,real_counterfactual_primary,36,mf,64,64,,V1,P1,1,1,74.0,True,0.75,data/midi/full/reference/ref__repeat_mid__t-sustain__d-mf__p-constant.mid,data/real_48k/r__repeat_mid__t-sustain__d-mf__p-constant__v-V1__take01.wav,data/real_raw/r__repeat_mid__t-sustain__d-mf__p-constant__v-V1__take01.wav,planned,682
r__scale_low__t-legato_slur__d-mf__p-constant__v-V2__take02,real,real_violin,constant,scale_low,scale,low,legato_slur,real_counterfactual_primary,49,mf,64,64,,V2,P1,2,2,,False,0.75,data/midi/full/reference/ref__scale_low__t-legato_slur__d-mf__p-constant.mid,data/real_48k/r__scale_low__t-legato_slur__d-mf__p-constant__v-V2__take02.wav,data/real_raw/r__scale_low__t-legato_slur__d-mf__p-constant__v-V2__take02.wav,planned,683
r__repeat_high__t-sustain__d-mf__p-constant__v-V2__take02,real,real_violin,constant,repeat_high,repeat,high,sustain,real_counterfactual_primary,36,mf,64,64,,V2,P1,2,2,86.0,True,0.75,data/midi/full/reference/ref__repeat_high__t-sustain__d-mf__p-constant.mid,data/real_48k/r__repeat_high__t-sustain__d-mf__p-constant__v-V2__take02.wav,data/real_raw/r__repeat_high__t-sustain__d-mf__p-constant__v-V2__take02.wav,planned,684
r__long_low__t-legato_slur__d-p__p-constant__v-V3__take02,real,real_violin,constant,long_low,long,low,legato_slur,real_counterfactual_primary,49,p,32,32,,V3,P1,2,2,57.0,True,0.75,data/midi/full/reference/ref__long_low__t-legato_slur__d-p__p-constant.mid,data/real_48k/r__long_low__t-legato_slur__d-p__p-constant__v-V3__take02.wav,data/real_raw/r__long_low__t-legato_slur__d-p__p-constant__v-V3__take02.wav,planned,685
r__leap_high__t-legato_slur__d-f__p-constant__v-V3__take02,real,real_violin,constant,leap_high,leap,high,legato_slur,real_counterfactual_primary,49,f,96,96,,V3,P1,2,2,,False,0.75,data/midi/full/reference/ref__leap_high__t-legato_slur__d-f__p-constant.mid,data/real_48k/r__leap_high__t-legato_slur__d-f__p-constant__v-V3__take02.wav,data/real_raw/r__leap_high__t-legato_slur__d-f__p-constant__v-V3__take02.wav,planned,686
r__long_high__t-staccato__d-f__p-constant__v-V3__take01,real,real_violin,constant,long_high,long,high,staccato,real_counterfactual_primary,40,f,96,96,,V3,P1,1,1,81.0,True,0.75,data/midi/full/reference/ref__long_high__t-staccato__d-f__p-constant.mid,data/real_48k/r__long_high__t-staccato__d-f__p-constant__v-V3__take01.wav,data/real_raw/r__long_high__t-staccato__d-f__p-constant__v-V3__take01.wav,planned,687
r__repeat_high__t-legato_slur__d-f__p-constant__v-V1__take01,real,real_violin,constant,repeat_high,repeat,high,legato_slur,real_counterfactual_primary,49,f,96,96,,V1,P1,1,1,86.0,True,0.75,data/midi/full/reference/ref__repeat_high__t-legato_slur__d-f__p-constant.mid,data/real_48k/r__repeat_high__t-legato_slur__d-f__p-constant__v-V1__take01.wav,data/real_raw/r__repeat_high__t-legato_slur__d-f__p-constant__v-V1__take01.wav,planned,688
r__repeat_high__t-sustain__d-f__p-constant__v-V2__take02,real,real_violin,constant,repeat_high,repeat,high,sustain,real_counterfactual_primary,36,f,96,96,,V2,P1,2,2,86.0,True,0.75,data/midi/full/reference/ref__repeat_high__t-sustain__d-f__p-constant.mid,data/real_48k/r__repeat_high__t-sustain__d-f__p-constant__v-V2__take02.wav,data/real_raw/r__repeat_high__t-sustain__d-f__p-constant__v-V2__take02.wav,planned,689
r__leap_high__t-legato_slur__d-mf__p-constant__v-V1__take01,real,real_violin,constant,leap_high,leap,high,legato_slur,real_counterfactual_primary,49,mf,64,64,,V1,P1,1,1,,False,0.75,data/midi/full/reference/ref__leap_high__t-legato_slur__d-mf__p-constant.mid,data/real_48k/r__leap_high__t-legato_slur__d-mf__p-constant__v-V1__take01.wav,data/real_raw/r__leap_high__t-legato_slur__d-mf__p-constant__v-V1__take01.wav,planned,690
r__repeat_mid__t-legato_slur__d-p__p-constant__v-V2__take02,real,real_violin,constant,repeat_mid,repeat,mid,legato_slur,real_counterfactual_primary,49,p,32,32,,V2,P1,2,2,74.0,True,0.75,data/midi/full/reference/ref__repeat_mid__t-legato_slur__d-p__p-constant.mid,data/real_48k/r__repeat_mid__t-legato_slur__d-p__p-constant__v-V2__take02.wav,data/real_raw/r__repeat_mid__t-legato_slur__d-p__p-constant__v-V2__take02.wav,planned,691
r__repeat_low__t-legato_slur__d-mf__p-constant__v-V1__take01,real,real_violin,constant,repeat_low,repeat,low,legato_slur,real_counterfactual_primary,49,mf,64,64,,V1,P1,1,1,62.0,True,0.75,data/midi/full/reference/ref__repeat_low__t-legato_slur__d-mf__p-constant.mid,data/real_48k/r__repeat_low__t-legato_slur__d-mf__p-constant__v-V1__take01.wav,data/real_raw/r__repeat_low__t-legato_slur__d-mf__p-constant__v-V1__take01.wav,planned,692
r__long_low__t-staccato__d-f__p-constant__v-V3__take02,real,real_violin,constant,long_low,long,low,staccato,real_counterfactual_primary,40,f,96,96,,V3,P1,2,2,57.0,True,0.75,data/midi/full/reference/ref__long_low__t-staccato__d-f__p-constant.mid,data/real_48k/r__long_low__t-staccato__d-f__p-constant__v-V3__take02.wav,data/real_raw/r__long_low__t-staccato__d-f__p-constant__v-V3__take02.wav,planned,693
r__leap_mid__t-legato_slur__d-mf__p-constant__v-V2__take01,real,real_violin,constant,leap_mid,leap,mid,legato_slur,real_counterfactual_primary,49,mf,64,64,,V2,P1,1,1,,False,0.75,data/midi/full/reference/ref__leap_mid__t-legato_slur__d-mf__p-constant.mid,data/real_48k/r__leap_mid__t-legato_slur__d-mf__p-constant__v-V2__take01.wav,data/real_raw/r__leap_mid__t-legato_slur__d-mf__p-constant__v-V2__take01.wav,planned,694
r__long_low__t-sustain__d-f__p-constant__v-V3__take01,real,real_violin,constant,long_low,long,low,sustain,real_counterfactual_primary,36,f,96,96,,V3,P1,1,1,57.0,True,0.75,data/midi/full/reference/ref__long_low__t-sustain__d-f__p-constant.mid,data/real_48k/r__long_low__t-sustain__d-f__p-constant__v-V3__take01.wav,data/real_raw/r__long_low__t-sustain__d-f__p-constant__v-V3__take01.wav,planned,695
r__repeat_low__t-legato_slur__d-p__p-constant__v-V1__take02,real,real_violin,constant,repeat_low,repeat,low,legato_slur,real_counterfactual_primary,49,p,32,32,,V1,P1,2,2,62.0,True,0.75,data/midi/full/reference/ref__repeat_low__t-legato_slur__d-p__p-constant.mid,data/real_48k/r__repeat_low__t-legato_slur__d-p__p-constant__v-V1__take02.wav,data/real_raw/r__repeat_low__t-legato_slur__d-p__p-constant__v-V1__take02.wav,planned,696
r__long_low__t-sustain__d-p__p-constant__v-V3__take02,real,real_violin,constant,long_low,long,low,sustain,real_counterfactual_primary,36,p,32,32,,V3,P1,2,2,57.0,True,0.75,data/midi/full/reference/ref__long_low__t-sustain__d-p__p-constant.mid,data/real_48k/r__long_low__t-sustain__d-p__p-constant__v-V3__take02.wav,data/real_raw/r__long_low__t-sustain__d-p__p-constant__v-V3__take02.wav,planned,697
r__long_high__t-staccato__d-mf__p-constant__v-V1__take02,real,real_violin,constant,long_high,long,high,staccato,real_counterfactual_primary,40,mf,64,64,,V1,P1,2,2,81.0,True,0.75,data/midi/full/reference/ref__long_high__t-staccato__d-mf__p-constant.mid,data/real_48k/r__long_high__t-staccato__d-mf__p-constant__v-V1__take02.wav,data/real_raw/r__long_high__t-staccato__d-mf__p-constant__v-V1__take02.wav,planned,698
r__scale_high__t-legato_slur__d-p__p-constant__v-V3__take02,real,real_violin,constant,scale_high,scale,high,legato_slur,real_counterfactual_primary,49,p,32,32,,V3,P1,2,2,,False,0.75,data/midi/full/reference/ref__scale_high__t-legato_slur__d-p__p-constant.mid,data/real_48k/r__scale_high__t-legato_slur__d-p__p-constant__v-V3__take02.wav,data/real_raw/r__scale_high__t-legato_slur__d-p__p-constant__v-V3__take02.wav,planned,699
r__scale_mid__t-staccato__d-p__p-constant__v-V3__take01,real,real_violin,constant,scale_mid,scale,mid,staccato,real_counterfactual_primary,40,p,32,32,,V3,P1,1,1,,False,0.75,data/midi/full/reference/ref__scale_mid__t-staccato__d-p__p-constant.mid,data/real_48k/r__scale_mid__t-staccato__d-p__p-constant__v-V3__take01.wav,data/real_raw/r__scale_mid__t-staccato__d-p__p-constant__v-V3__take01.wav,planned,700
r__leap_high__t-sustain__d-f__p-constant__v-V1__take01,real,real_violin,constant,leap_high,leap,high,sustain,real_counterfactual_primary,36,f,96,96,,V1,P1,1,1,,False,0.75,data/midi/full/reference/ref__leap_high__t-sustain__d-f__p-constant.mid,data/real_48k/r__leap_high__t-sustain__d-f__p-constant__v-V1__take01.wav,data/real_raw/r__leap_high__t-sustain__d-f__p-constant__v-V1__take01.wav,planned,701
r__scale_low__t-legato_slur__d-f__p-constant__v-V2__take02,real,real_violin,constant,scale_low,scale,low,legato_slur,real_counterfactual_primary,49,f,96,96,,V2,P1,2,2,,False,0.75,data/midi/full/reference/ref__scale_low__t-legato_slur__d-f__p-constant.mid,data/real_48k/r__scale_low__t-legato_slur__d-f__p-constant__v-V2__take02.wav,data/real_raw/r__scale_low__t-legato_slur__d-f__p-constant__v-V2__take02.wav,planned,702
r__repeat_low__t-legato_slur__d-mf__p-constant__v-V3__take01,real,real_violin,constant,repeat_low,repeat,low,legato_slur,real_counterfactual_primary,49,mf,64,64,,V3,P1,1,1,62.0,True,0.75,data/midi/full/reference/ref__repeat_low__t-legato_slur__d-mf__p-constant.mid,data/real_48k/r__repeat_low__t-legato_slur__d-mf__p-constant__v-V3__take01.wav,data/real_raw/r__repeat_low__t-legato_slur__d-mf__p-constant__v-V3__take01.wav,planned,703
r__long_high__t-staccato__d-p__p-constant__v-V3__take01,real,real_violin,constant,long_high,long,high,staccato,real_counterfactual_primary,40,p,32,32,,V3,P1,1,1,81.0,True,0.75,data/midi/full/reference/ref__long_high__t-staccato__d-p__p-constant.mid,data/real_48k/r__long_high__t-staccato__d-p__p-constant__v-V3__take01.wav,data/real_raw/r__long_high__t-staccato__d-p__p-constant__v-V3__take01.wav,planned,704
r__scale_low__t-staccato__d-f__p-constant__v-V2__take01,real,real_violin,constant,scale_low,scale,low,staccato,real_counterfactual_primary,40,f,96,96,,V2,P1,1,1,,False,0.75,data/midi/full/reference/ref__scale_low__t-staccato__d-f__p-constant.mid,data/real_48k/r__scale_low__t-staccato__d-f__p-constant__v-V2__take01.wav,data/real_raw/r__scale_low__t-staccato__d-f__p-constant__v-V2__take01.wav,planned,705
r__leap_mid__t-staccato__d-f__p-constant__v-V2__take01,real,real_violin,constant,leap_mid,leap,mid,staccato,real_counterfactual_primary,40,f,96,96,,V2,P1,1,1,,False,0.75,data/midi/full/reference/ref__leap_mid__t-staccato__d-f__p-constant.mid,data/real_48k/r__leap_mid__t-staccato__d-f__p-constant__v-V2__take01.wav,data/real_raw/r__leap_mid__t-staccato__d-f__p-constant__v-V2__take01.wav,planned,706
r__leap_low__t-legato_slur__d-f__p-constant__v-V2__take02,real,real_violin,constant,leap_low,leap,low,legato_slur,real_counterfactual_primary,49,f,96,96,,V2,P1,2,2,,False,0.75,data/midi/full/reference/ref__leap_low__t-legato_slur__d-f__p-constant.mid,data/real_48k/r__leap_low__t-legato_slur__d-f__p-constant__v-V2__take02.wav,data/real_raw/r__leap_low__t-legato_slur__d-f__p-constant__v-V2__take02.wav,planned,707
r__repeat_mid__t-sustain__d-p__p-constant__v-V3__take02,real,real_violin,constant,repeat_mid,repeat,mid,sustain,real_counterfactual_primary,36,p,32,32,,V3,P1,2,2,74.0,True,0.75,data/midi/full/reference/ref__repeat_mid__t-sustain__d-p__p-constant.mid,data/real_48k/r__repeat_mid__t-sustain__d-p__p-constant__v-V3__take02.wav,data/real_raw/r__repeat_mid__t-sustain__d-p__p-constant__v-V3__take02.wav,planned,708
r__repeat_mid__t-staccato__d-mf__p-constant__v-V3__take02,real,real_violin,constant,repeat_mid,repeat,mid,staccato,real_counterfactual_primary,40,mf,64,64,,V3,P1,2,2,74.0,True,0.75,data/midi/full/reference/ref__repeat_mid__t-staccato__d-mf__p-constant.mid,data/real_48k/r__repeat_mid__t-staccato__d-mf__p-constant__v-V3__take02.wav,data/real_raw/r__repeat_mid__t-staccato__d-mf__p-constant__v-V3__take02.wav,planned,709
r__leap_low__t-staccato__d-p__p-constant__v-V1__take02,real,real_violin,constant,leap_low,leap,low,staccato,real_counterfactual_primary,40,p,32,32,,V1,P1,2,2,,False,0.75,data/midi/full/reference/ref__leap_low__t-staccato__d-p__p-constant.mid,data/real_48k/r__leap_low__t-staccato__d-p__p-constant__v-V1__take02.wav,data/real_raw/r__leap_low__t-staccato__d-p__p-constant__v-V1__take02.wav,planned,710
r__repeat_mid__t-pizzicato__d-f__p-constant__v-V3__take02,real,real_violin,constant,repeat_mid,repeat,mid,pizzicato,real_counterfactual_primary,43,f,96,96,,V3,P1,2,2,74.0,True,0.75,data/midi/full/reference/ref__repeat_mid__t-pizzicato__d-f__p-constant.mid,data/real_48k/r__repeat_mid__t-pizzicato__d-f__p-constant__v-V3__take02.wav,data/real_raw/r__repeat_mid__t-pizzicato__d-f__p-constant__v-V3__take02.wav,planned,711
r__repeat_low__t-pizzicato__d-p__p-constant__v-V1__take02,real,real_violin,constant,repeat_low,repeat,low,pizzicato,real_counterfactual_primary,43,p,32,32,,V1,P1,2,2,62.0,True,0.75,data/midi/full/reference/ref__repeat_low__t-pizzicato__d-p__p-constant.mid,data/real_48k/r__repeat_low__t-pizzicato__d-p__p-constant__v-V1__take02.wav,data/real_raw/r__repeat_low__t-pizzicato__d-p__p-constant__v-V1__take02.wav,planned,712
r__repeat_mid__t-pizzicato__d-f__p-constant__v-V2__take01,real,real_violin,constant,repeat_mid,repeat,mid,pizzicato,real_counterfactual_primary,43,f,96,96,,V2,P1,1,1,74.0,True,0.75,data/midi/full/reference/ref__repeat_mid__t-pizzicato__d-f__p-constant.mid,data/real_48k/r__repeat_mid__t-pizzicato__d-f__p-constant__v-V2__take01.wav,data/real_raw/r__repeat_mid__t-pizzicato__d-f__p-constant__v-V2__take01.wav,planned,713
r__long_high__t-staccato__d-mf__p-constant__v-V3__take01,real,real_violin,constant,long_high,long,high,staccato,real_counterfactual_primary,40,mf,64,64,,V3,P1,1,1,81.0,True,0.75,data/midi/full/reference/ref__long_high__t-staccato__d-mf__p-constant.mid,data/real_48k/r__long_high__t-staccato__d-mf__p-constant__v-V3__take01.wav,data/real_raw/r__long_high__t-staccato__d-mf__p-constant__v-V3__take01.wav,planned,714
r__scale_mid__t-sustain__d-mf__p-constant__v-V2__take02,real,real_violin,constant,scale_mid,scale,mid,sustain,real_counterfactual_primary,36,mf,64,64,,V2,P1,2,2,,False,0.75,data/midi/full/reference/ref__scale_mid__t-sustain__d-mf__p-constant.mid,data/real_48k/r__scale_mid__t-sustain__d-mf__p-constant__v-V2__take02.wav,data/real_raw/r__scale_mid__t-sustain__d-mf__p-constant__v-V2__take02.wav,planned,715
r__scale_low__t-pizzicato__d-p__p-constant__v-V3__take02,real,real_violin,constant,scale_low,scale,low,pizzicato,real_counterfactual_primary,43,p,32,32,,V3,P1,2,2,,False,0.75,data/midi/full/reference/ref__scale_low__t-pizzicato__d-p__p-constant.mid,data/real_48k/r__scale_low__t-pizzicato__d-p__p-constant__v-V3__take02.wav,data/real_raw/r__scale_low__t-pizzicato__d-p__p-constant__v-V3__take02.wav,planned,716
r__repeat_low__t-legato_slur__d-f__p-constant__v-V3__take02,real,real_violin,constant,repeat_low,repeat,low,legato_slur,real_counterfactual_primary,49,f,96,96,,V3,P1,2,2,62.0,True,0.75,data/midi/full/reference/ref__repeat_low__t-legato_slur__d-f__p-constant.mid,data/real_48k/r__repeat_low__t-legato_slur__d-f__p-constant__v-V3__take02.wav,data/real_raw/r__repeat_low__t-legato_slur__d-f__p-constant__v-V3__take02.wav,planned,717
r__long_low__t-staccato__d-p__p-constant__v-V3__take02,real,real_violin,constant,long_low,long,low,staccato,real_counterfactual_primary,40,p,32,32,,V3,P1,2,2,57.0,True,0.75,data/midi/full/reference/ref__long_low__t-staccato__d-p__p-constant.mid,data/real_48k/r__long_low__t-staccato__d-p__p-constant__v-V3__take02.wav,data/real_raw/r__long_low__t-staccato__d-p__p-constant__v-V3__take02.wav,planned,718
r__leap_mid__t-staccato__d-mf__p-constant__v-V2__take01,real,real_violin,constant,leap_mid,leap,mid,staccato,real_counterfactual_primary,40,mf,64,64,,V2,P1,1,1,,False,0.75,data/midi/full/reference/ref__leap_mid__t-staccato__d-mf__p-constant.mid,data/real_48k/r__leap_mid__t-staccato__d-mf__p-constant__v-V2__take01.wav,data/real_raw/r__leap_mid__t-staccato__d-mf__p-constant__v-V2__take01.wav,planned,719
r__scale_mid__t-legato_slur__d-p__p-constant__v-V3__take02,real,real_violin,constant,scale_mid,scale,mid,legato_slur,real_counterfactual_primary,49,p,32,32,,V3,P1,2,2,,False,0.75,data/midi/full/reference/ref__scale_mid__t-legato_slur__d-p__p-constant.mid,data/real_48k/r__scale_mid__t-legato_slur__d-p__p-constant__v-V3__take02.wav,data/real_raw/r__scale_mid__t-legato_slur__d-p__p-constant__v-V3__take02.wav,planned,720
r__leap_high__t-staccato__d-mf__p-constant__v-V1__take02,real,real_violin,constant,leap_high,leap,high,staccato,real_counterfactual_primary,40,mf,64,64,,V1,P1,2,2,,False,0.75,data/midi/full/reference/ref__leap_high__t-staccato__d-mf__p-constant.mid,data/real_48k/r__leap_high__t-staccato__d-mf__p-constant__v-V1__take02.wav,data/real_raw/r__leap_high__t-staccato__d-mf__p-constant__v-V1__take02.wav,planned,721
r__long_high__t-legato_slur__d-p__p-constant__v-V3__take02,real,real_violin,constant,long_high,long,high,legato_slur,real_counterfactual_primary,49,p,32,32,,V3,P1,2,2,81.0,True,0.75,data/midi/full/reference/ref__long_high__t-legato_slur__d-p__p-constant.mid,data/real_48k/r__long_high__t-legato_slur__d-p__p-constant__v-V3__take02.wav,data/real_raw/r__long_high__t-legato_slur__d-p__p-constant__v-V3__take02.wav,planned,722
r__long_low__t-staccato__d-p__p-constant__v-V3__take01,real,real_violin,constant,long_low,long,low,staccato,real_counterfactual_primary,40,p,32,32,,V3,P1,1,1,57.0,True,0.75,data/midi/full/reference/ref__long_low__t-staccato__d-p__p-constant.mid,data/real_48k/r__long_low__t-staccato__d-p__p-constant__v-V3__take01.wav,data/real_raw/r__long_low__t-staccato__d-p__p-constant__v-V3__take01.wav,planned,723
r__leap_high__t-staccato__d-f__p-constant__v-V2__take02,real,real_violin,constant,leap_high,leap,high,staccato,real_counterfactual_primary,40,f,96,96,,V2,P1,2,2,,False,0.75,data/midi/full/reference/ref__leap_high__t-staccato__d-f__p-constant.mid,data/real_48k/r__leap_high__t-staccato__d-f__p-constant__v-V2__take02.wav,data/real_raw/r__leap_high__t-staccato__d-f__p-constant__v-V2__take02.wav,planned,724
r__long_low__t-staccato__d-mf__p-constant__v-V2__take01,real,real_violin,constant,long_low,long,low,staccato,real_counterfactual_primary,40,mf,64,64,,V2,P1,1,1,57.0,True,0.75,data/midi/full/reference/ref__long_low__t-staccato__d-mf__p-constant.mid,data/real_48k/r__long_low__t-staccato__d-mf__p-constant__v-V2__take01.wav,data/real_raw/r__long_low__t-staccato__d-mf__p-constant__v-V2__take01.wav,planned,725
r__scale_mid__t-staccato__d-f__p-constant__v-V3__take02,real,real_violin,constant,scale_mid,scale,mid,staccato,real_counterfactual_primary,40,f,96,96,,V3,P1,2,2,,False,0.75,data/midi/full/reference/ref__scale_mid__t-staccato__d-f__p-constant.mid,data/real_48k/r__scale_mid__t-staccato__d-f__p-constant__v-V3__take02.wav,data/real_raw/r__scale_mid__t-staccato__d-f__p-constant__v-V3__take02.wav,planned,726
r__repeat_low__t-pizzicato__d-p__p-constant__v-V3__take02,real,real_violin,constant,repeat_low,repeat,low,pizzicato,real_counterfactual_primary,43,p,32,32,,V3,P1,2,2,62.0,True,0.75,data/midi/full/reference/ref__repeat_low__t-pizzicato__d-p__p-constant.mid,data/real_48k/r__repeat_low__t-pizzicato__d-p__p-constant__v-V3__take02.wav,data/real_raw/r__repeat_low__t-pizzicato__d-p__p-constant__v-V3__take02.wav,planned,727
r__repeat_mid__t-staccato__d-p__p-constant__v-V2__take02,real,real_violin,constant,repeat_mid,repeat,mid,staccato,real_counterfactual_primary,40,p,32,32,,V2,P1,2,2,74.0,True,0.75,data/midi/full/reference/ref__repeat_mid__t-staccato__d-p__p-constant.mid,data/real_48k/r__repeat_mid__t-staccato__d-p__p-constant__v-V2__take02.wav,data/real_raw/r__repeat_mid__t-staccato__d-p__p-constant__v-V2__take02.wav,planned,728
r__long_high__t-sustain__d-p__p-constant__v-V3__take01,real,real_violin,constant,long_high,long,high,sustain,real_counterfactual_primary,36,p,32,32,,V3,P1,1,1,81.0,True,0.75,data/midi/full/reference/ref__long_high__t-sustain__d-p__p-constant.mid,data/real_48k/r__long_high__t-sustain__d-p__p-constant__v-V3__take01.wav,data/real_raw/r__long_high__t-sustain__d-p__p-constant__v-V3__take01.wav,planned,729
r__leap_mid__t-pizzicato__d-f__p-constant__v-V1__take01,real,real_violin,constant,leap_mid,leap,mid,pizzicato,real_counterfactual_primary,43,f,96,96,,V1,P1,1,1,,False,0.75,data/midi/full/reference/ref__leap_mid__t-pizzicato__d-f__p-constant.mid,data/real_48k/r__leap_mid__t-pizzicato__d-f__p-constant__v-V1__take01.wav,data/real_raw/r__leap_mid__t-pizzicato__d-f__p-constant__v-V1__take01.wav,planned,730
r__repeat_high__t-staccato__d-mf__p-constant__v-V1__take01,real,real_violin,constant,repeat_high,repeat,high,staccato,real_counterfactual_primary,40,mf,64,64,,V1,P1,1,1,86.0,True,0.75,data/midi/full/reference/ref__repeat_high__t-staccato__d-mf__p-constant.mid,data/real_48k/r__repeat_high__t-staccato__d-mf__p-constant__v-V1__take01.wav,data/real_raw/r__repeat_high__t-staccato__d-mf__p-constant__v-V1__take01.wav,planned,731
r__repeat_mid__t-sustain__d-p__p-constant__v-V1__take01,real,real_violin,constant,repeat_mid,repeat,mid,sustain,real_counterfactual_primary,36,p,32,32,,V1,P1,1,1,74.0,True,0.75,data/midi/full/reference/ref__repeat_mid__t-sustain__d-p__p-constant.mid,data/real_48k/r__repeat_mid__t-sustain__d-p__p-constant__v-V1__take01.wav,data/real_raw/r__repeat_mid__t-sustain__d-p__p-constant__v-V1__take01.wav,planned,732
r__long_mid__t-pizzicato__d-mf__p-constant__v-V2__take02,real,real_violin,constant,long_mid,long,mid,pizzicato,real_counterfactual_primary,43,mf,64,64,,V2,P1,2,2,69.0,True,0.75,data/midi/full/reference/ref__long_mid__t-pizzicato__d-mf__p-constant.mid,data/real_48k/r__long_mid__t-pizzicato__d-mf__p-constant__v-V2__take02.wav,data/real_raw/r__long_mid__t-pizzicato__d-mf__p-constant__v-V2__take02.wav,planned,733
r__leap_high__t-legato_slur__d-mf__p-constant__v-V3__take02,real,real_violin,constant,leap_high,leap,high,legato_slur,real_counterfactual_primary,49,mf,64,64,,V3,P1,2,2,,False,0.75,data/midi/full/reference/ref__leap_high__t-legato_slur__d-mf__p-constant.mid,data/real_48k/r__leap_high__t-legato_slur__d-mf__p-constant__v-V3__take02.wav,data/real_raw/r__leap_high__t-legato_slur__d-mf__p-constant__v-V3__take02.wav,planned,734
r__leap_mid__t-sustain__d-f__p-constant__v-V1__take01,real,real_violin,constant,leap_mid,leap,mid,sustain,real_counterfactual_primary,36,f,96,96,,V1,P1,1,1,,False,0.75,data/midi/full/reference/ref__leap_mid__t-sustain__d-f__p-constant.mid,data/real_48k/r__leap_mid__t-sustain__d-f__p-constant__v-V1__take01.wav,data/real_raw/r__leap_mid__t-sustain__d-f__p-constant__v-V1__take01.wav,planned,735
r__leap_high__t-sustain__d-mf__p-constant__v-V3__take02,real,real_violin,constant,leap_high,leap,high,sustain,real_counterfactual_primary,36,mf,64,64,,V3,P1,2,2,,False,0.75,data/midi/full/reference/ref__leap_high__t-sustain__d-mf__p-constant.mid,data/real_48k/r__leap_high__t-sustain__d-mf__p-constant__v-V3__take02.wav,data/real_raw/r__leap_high__t-sustain__d-mf__p-constant__v-V3__take02.wav,planned,736
r__scale_low__t-sustain__d-f__p-constant__v-V3__take01,real,real_violin,constant,scale_low,scale,low,sustain,real_counterfactual_primary,36,f,96,96,,V3,P1,1,1,,False,0.75,data/midi/full/reference/ref__scale_low__t-sustain__d-f__p-constant.mid,data/real_48k/r__scale_low__t-sustain__d-f__p-constant__v-V3__take01.wav,data/real_raw/r__scale_low__t-sustain__d-f__p-constant__v-V3__take01.wav,planned,737
r__leap_low__t-sustain__d-p__p-constant__v-V1__take02,real,real_violin,constant,leap_low,leap,low,sustain,real_counterfactual_primary,36,p,32,32,,V1,P1,2,2,,False,0.75,data/midi/full/reference/ref__leap_low__t-sustain__d-p__p-constant.mid,data/real_48k/r__leap_low__t-sustain__d-p__p-constant__v-V1__take02.wav,data/real_raw/r__leap_low__t-sustain__d-p__p-constant__v-V1__take02.wav,planned,738
r__long_mid__t-pizzicato__d-f__p-constant__v-V2__take01,real,real_violin,constant,long_mid,long,mid,pizzicato,real_counterfactual_primary,43,f,96,96,,V2,P1,1,1,69.0,True,0.75,data/midi/full/reference/ref__long_mid__t-pizzicato__d-f__p-constant.mid,data/real_48k/r__long_mid__t-pizzicato__d-f__p-constant__v-V2__take01.wav,data/real_raw/r__long_mid__t-pizzicato__d-f__p-constant__v-V2__take01.wav,planned,739
r__long_low__t-staccato__d-mf__p-constant__v-V3__take02,real,real_violin,constant,long_low,long,low,staccato,real_counterfactual_primary,40,mf,64,64,,V3,P1,2,2,57.0,True,0.75,data/midi/full/reference/ref__long_low__t-staccato__d-mf__p-constant.mid,data/real_48k/r__long_low__t-staccato__d-mf__p-constant__v-V3__take02.wav,data/real_raw/r__long_low__t-staccato__d-mf__p-constant__v-V3__take02.wav,planned,740
r__long_mid__t-legato_slur__d-mf__p-constant__v-V1__take02,real,real_violin,constant,long_mid,long,mid,legato_slur,real_counterfactual_primary,49,mf,64,64,,V1,P1,2,2,69.0,True,0.75,data/midi/full/reference/ref__long_mid__t-legato_slur__d-mf__p-constant.mid,data/real_48k/r__long_mid__t-legato_slur__d-mf__p-constant__v-V1__take02.wav,data/real_raw/r__long_mid__t-legato_slur__d-mf__p-constant__v-V1__take02.wav,planned,741
r__repeat_high__t-staccato__d-mf__p-constant__v-V1__take02,real,real_violin,constant,repeat_high,repeat,high,staccato,real_counterfactual_primary,40,mf,64,64,,V1,P1,2,2,86.0,True,0.75,data/midi/full/reference/ref__repeat_high__t-staccato__d-mf__p-constant.mid,data/real_48k/r__repeat_high__t-staccato__d-mf__p-constant__v-V1__take02.wav,data/real_raw/r__repeat_high__t-staccato__d-mf__p-constant__v-V1__take02.wav,planned,742
r__repeat_low__t-pizzicato__d-f__p-constant__v-V1__take02,real,real_violin,constant,repeat_low,repeat,low,pizzicato,real_counterfactual_primary,43,f,96,96,,V1,P1,2,2,62.0,True,0.75,data/midi/full/reference/ref__repeat_low__t-pizzicato__d-f__p-constant.mid,data/real_48k/r__repeat_low__t-pizzicato__d-f__p-constant__v-V1__take02.wav,data/real_raw/r__repeat_low__t-pizzicato__d-f__p-constant__v-V1__take02.wav,planned,743
r__repeat_high__t-legato_slur__d-p__p-constant__v-V3__take01,real,real_violin,constant,repeat_high,repeat,high,legato_slur,real_counterfactual_primary,49,p,32,32,,V3,P1,1,1,86.0,True,0.75,data/midi/full/reference/ref__repeat_high__t-legato_slur__d-p__p-constant.mid,data/real_48k/r__repeat_high__t-legato_slur__d-p__p-constant__v-V3__take01.wav,data/real_raw/r__repeat_high__t-legato_slur__d-p__p-constant__v-V3__take01.wav,planned,744
r__repeat_high__t-legato_slur__d-mf__p-constant__v-V3__take01,real,real_violin,constant,repeat_high,repeat,high,legato_slur,real_counterfactual_primary,49,mf,64,64,,V3,P1,1,1,86.0,True,0.75,data/midi/full/reference/ref__repeat_high__t-legato_slur__d-mf__p-constant.mid,data/real_48k/r__repeat_high__t-legato_slur__d-mf__p-constant__v-V3__take01.wav,data/real_raw/r__repeat_high__t-legato_slur__d-mf__p-constant__v-V3__take01.wav,planned,745
r__repeat_low__t-staccato__d-f__p-constant__v-V3__take02,real,real_violin,constant,repeat_low,repeat,low,staccato,real_counterfactual_primary,40,f,96,96,,V3,P1,2,2,62.0,True,0.75,data/midi/full/reference/ref__repeat_low__t-staccato__d-f__p-constant.mid,data/real_48k/r__repeat_low__t-staccato__d-f__p-constant__v-V3__take02.wav,data/real_raw/r__repeat_low__t-staccato__d-f__p-constant__v-V3__take02.wav,planned,746
r__scale_high__t-staccato__d-p__p-constant__v-V3__take01,real,real_violin,constant,scale_high,scale,high,staccato,real_counterfactual_primary,40,p,32,32,,V3,P1,1,1,,False,0.75,data/midi/full/reference/ref__scale_high__t-staccato__d-p__p-constant.mid,data/real_48k/r__scale_high__t-staccato__d-p__p-constant__v-V3__take01.wav,data/real_raw/r__scale_high__t-staccato__d-p__p-constant__v-V3__take01.wav,planned,747
r__repeat_mid__t-staccato__d-f__p-constant__v-V1__take02,real,real_violin,constant,repeat_mid,repeat,mid,staccato,real_counterfactual_primary,40,f,96,96,,V1,P1,2,2,74.0,True,0.75,data/midi/full/reference/ref__repeat_mid__t-staccato__d-f__p-constant.mid,data/real_48k/r__repeat_mid__t-staccato__d-f__p-constant__v-V1__take02.wav,data/real_raw/r__repeat_mid__t-staccato__d-f__p-constant__v-V1__take02.wav,planned,748
r__leap_mid__t-sustain__d-p__p-constant__v-V2__take01,real,real_violin,constant,leap_mid,leap,mid,sustain,real_counterfactual_primary,36,p,32,32,,V2,P1,1,1,,False,0.75,data/midi/full/reference/ref__leap_mid__t-sustain__d-p__p-constant.mid,data/real_48k/r__leap_mid__t-sustain__d-p__p-constant__v-V2__take01.wav,data/real_raw/r__leap_mid__t-sustain__d-p__p-constant__v-V2__take01.wav,planned,749
r__scale_low__t-sustain__d-mf__p-constant__v-V2__take02,real,real_violin,constant,scale_low,scale,low,sustain,real_counterfactual_primary,36,mf,64,64,,V2,P1,2,2,,False,0.75,data/midi/full/reference/ref__scale_low__t-sustain__d-mf__p-constant.mid,data/real_48k/r__scale_low__t-sustain__d-mf__p-constant__v-V2__take02.wav,data/real_raw/r__scale_low__t-sustain__d-mf__p-constant__v-V2__take02.wav,planned,750
r__long_high__t-staccato__d-f__p-constant__v-V1__take02,real,real_violin,constant,long_high,long,high,staccato,real_counterfactual_primary,40,f,96,96,,V1,P1,2,2,81.0,True,0.75,data/midi/full/reference/ref__long_high__t-staccato__d-f__p-constant.mid,data/real_48k/r__long_high__t-staccato__d-f__p-constant__v-V1__take02.wav,data/real_raw/r__long_high__t-staccato__d-f__p-constant__v-V1__take02.wav,planned,751
r__long_high__t-staccato__d-p__p-constant__v-V1__take01,real,real_violin,constant,long_high,long,high,staccato,real_counterfactual_primary,40,p,32,32,,V1,P1,1,1,81.0,True,0.75,data/midi/full/reference/ref__long_high__t-staccato__d-p__p-constant.mid,data/real_48k/r__long_high__t-staccato__d-p__p-constant__v-V1__take01.wav,data/real_raw/r__long_high__t-staccato__d-p__p-constant__v-V1__take01.wav,planned,752
r__long_high__t-pizzicato__d-mf__p-constant__v-V3__take01,real,real_violin,constant,long_high,long,high,pizzicato,real_counterfactual_primary,43,mf,64,64,,V3,P1,1,1,81.0,True,0.75,data/midi/full/reference/ref__long_high__t-pizzicato__d-mf__p-constant.mid,data/real_48k/r__long_high__t-pizzicato__d-mf__p-constant__v-V3__take01.wav,data/real_raw/r__long_high__t-pizzicato__d-mf__p-constant__v-V3__take01.wav,planned,753
r__long_low__t-sustain__d-mf__p-constant__v-V1__take01,real,real_violin,constant,long_low,long,low,sustain,real_counterfactual_primary,36,mf,64,64,,V1,P1,1,1,57.0,True,0.75,data/midi/full/reference/ref__long_low__t-sustain__d-mf__p-constant.mid,data/real_48k/r__long_low__t-sustain__d-mf__p-constant__v-V1__take01.wav,data/real_raw/r__long_low__t-sustain__d-mf__p-constant__v-V1__take01.wav,planned,754
r__repeat_high__t-sustain__d-mf__p-constant__v-V1__take01,real,real_violin,constant,repeat_high,repeat,high,sustain,real_counterfactual_primary,36,mf,64,64,,V1,P1,1,1,86.0,True,0.75,data/midi/full/reference/ref__repeat_high__t-sustain__d-mf__p-constant.mid,data/real_48k/r__repeat_high__t-sustain__d-mf__p-constant__v-V1__take01.wav,data/real_raw/r__repeat_high__t-sustain__d-mf__p-constant__v-V1__take01.wav,planned,755
r__scale_mid__t-staccato__d-mf__p-constant__v-V3__take01,real,real_violin,constant,scale_mid,scale,mid,staccato,real_counterfactual_primary,40,mf,64,64,,V3,P1,1,1,,False,0.75,data/midi/full/reference/ref__scale_mid__t-staccato__d-mf__p-constant.mid,data/real_48k/r__scale_mid__t-staccato__d-mf__p-constant__v-V3__take01.wav,data/real_raw/r__scale_mid__t-staccato__d-mf__p-constant__v-V3__take01.wav,planned,756
r__leap_mid__t-legato_slur__d-f__p-constant__v-V1__take01,real,real_violin,constant,leap_mid,leap,mid,legato_slur,real_counterfactual_primary,49,f,96,96,,V1,P1,1,1,,False,0.75,data/midi/full/reference/ref__leap_mid__t-legato_slur__d-f__p-constant.mid,data/real_48k/r__leap_mid__t-legato_slur__d-f__p-constant__v-V1__take01.wav,data/real_raw/r__leap_mid__t-legato_slur__d-f__p-constant__v-V1__take01.wav,planned,757
r__leap_low__t-staccato__d-mf__p-constant__v-V1__take02,real,real_violin,constant,leap_low,leap,low,staccato,real_counterfactual_primary,40,mf,64,64,,V1,P1,2,2,,False,0.75,data/midi/full/reference/ref__leap_low__t-staccato__d-mf__p-constant.mid,data/real_48k/r__leap_low__t-staccato__d-mf__p-constant__v-V1__take02.wav,data/real_raw/r__leap_low__t-staccato__d-mf__p-constant__v-V1__take02.wav,planned,758
r__long_high__t-staccato__d-f__p-constant__v-V2__take01,real,real_violin,constant,long_high,long,high,staccato,real_counterfactual_primary,40,f,96,96,,V2,P1,1,1,81.0,True,0.75,data/midi/full/reference/ref__long_high__t-staccato__d-f__p-constant.mid,data/real_48k/r__long_high__t-staccato__d-f__p-constant__v-V2__take01.wav,data/real_raw/r__long_high__t-staccato__d-f__p-constant__v-V2__take01.wav,planned,759
r__scale_mid__t-sustain__d-p__p-constant__v-V2__take01,real,real_violin,constant,scale_mid,scale,mid,sustain,real_counterfactual_primary,36,p,32,32,,V2,P1,1,1,,False,0.75,data/midi/full/reference/ref__scale_mid__t-sustain__d-p__p-constant.mid,data/real_48k/r__scale_mid__t-sustain__d-p__p-constant__v-V2__take01.wav,data/real_raw/r__scale_mid__t-sustain__d-p__p-constant__v-V2__take01.wav,planned,760
r__repeat_mid__t-legato_slur__d-p__p-constant__v-V3__take01,real,real_violin,constant,repeat_mid,repeat,mid,legato_slur,real_counterfactual_primary,49,p,32,32,,V3,P1,1,1,74.0,True,0.75,data/midi/full/reference/ref__repeat_mid__t-legato_slur__d-p__p-constant.mid,data/real_48k/r__repeat_mid__t-legato_slur__d-p__p-constant__v-V3__take01.wav,data/real_raw/r__repeat_mid__t-legato_slur__d-p__p-constant__v-V3__take01.wav,planned,761
r__repeat_mid__t-sustain__d-f__p-constant__v-V1__take01,real,real_violin,constant,repeat_mid,repeat,mid,sustain,real_counterfactual_primary,36,f,96,96,,V1,P1,1,1,74.0,True,0.75,data/midi/full/reference/ref__repeat_mid__t-sustain__d-f__p-constant.mid,data/real_48k/r__repeat_mid__t-sustain__d-f__p-constant__v-V1__take01.wav,data/real_raw/r__repeat_mid__t-sustain__d-f__p-constant__v-V1__take01.wav,planned,762
r__leap_low__t-sustain__d-f__p-constant__v-V1__take02,real,real_violin,constant,leap_low,leap,low,sustain,real_counterfactual_primary,36,f,96,96,,V1,P1,2,2,,False,0.75,data/midi/full/reference/ref__leap_low__t-sustain__d-f__p-constant.mid,data/real_48k/r__leap_low__t-sustain__d-f__p-constant__v-V1__take02.wav,data/real_raw/r__leap_low__t-sustain__d-f__p-constant__v-V1__take02.wav,planned,763
r__leap_low__t-pizzicato__d-mf__p-constant__v-V2__take02,real,real_violin,constant,leap_low,leap,low,pizzicato,real_counterfactual_primary,43,mf,64,64,,V2,P1,2,2,,False,0.75,data/midi/full/reference/ref__leap_low__t-pizzicato__d-mf__p-constant.mid,data/real_48k/r__leap_low__t-pizzicato__d-mf__p-constant__v-V2__take02.wav,data/real_raw/r__leap_low__t-pizzicato__d-mf__p-constant__v-V2__take02.wav,planned,764
r__scale_mid__t-staccato__d-f__p-constant__v-V1__take02,real,real_violin,constant,scale_mid,scale,mid,staccato,real_counterfactual_primary,40,f,96,96,,V1,P1,2,2,,False,0.75,data/midi/full/reference/ref__scale_mid__t-staccato__d-f__p-constant.mid,data/real_48k/r__scale_mid__t-staccato__d-f__p-constant__v-V1__take02.wav,data/real_raw/r__scale_mid__t-staccato__d-f__p-constant__v-V1__take02.wav,planned,765
r__repeat_mid__t-sustain__d-f__p-constant__v-V3__take02,real,real_violin,constant,repeat_mid,repeat,mid,sustain,real_counterfactual_primary,36,f,96,96,,V3,P1,2,2,74.0,True,0.75,data/midi/full/reference/ref__repeat_mid__t-sustain__d-f__p-constant.mid,data/real_48k/r__repeat_mid__t-sustain__d-f__p-constant__v-V3__take02.wav,data/real_raw/r__repeat_mid__t-sustain__d-f__p-constant__v-V3__take02.wav,planned,766
r__leap_low__t-sustain__d-f__p-constant__v-V2__take01,real,real_violin,constant,leap_low,leap,low,sustain,real_counterfactual_primary,36,f,96,96,,V2,P1,1,1,,False,0.75,data/midi/full/reference/ref__leap_low__t-sustain__d-f__p-constant.mid,data/real_48k/r__leap_low__t-sustain__d-f__p-constant__v-V2__take01.wav,data/real_raw/r__leap_low__t-sustain__d-f__p-constant__v-V2__take01.wav,planned,767
r__long_low__t-legato_slur__d-mf__p-constant__v-V2__take02,real,real_violin,constant,long_low,long,low,legato_slur,real_counterfactual_primary,49,mf,64,64,,V2,P1,2,2,57.0,True,0.75,data/midi/full/reference/ref__long_low__t-legato_slur__d-mf__p-constant.mid,data/real_48k/r__long_low__t-legato_slur__d-mf__p-constant__v-V2__take02.wav,data/real_raw/r__long_low__t-legato_slur__d-mf__p-constant__v-V2__take02.wav,planned,768
r__repeat_mid__t-staccato__d-mf__p-constant__v-V1__take01,real,real_violin,constant,repeat_mid,repeat,mid,staccato,real_counterfactual_primary,40,mf,64,64,,V1,P1,1,1,74.0,True,0.75,data/midi/full/reference/ref__repeat_mid__t-staccato__d-mf__p-constant.mid,data/real_48k/r__repeat_mid__t-staccato__d-mf__p-constant__v-V1__take01.wav,data/real_raw/r__repeat_mid__t-staccato__d-mf__p-constant__v-V1__take01.wav,planned,769
r__repeat_mid__t-sustain__d-f__p-constant__v-V3__take01,real,real_violin,constant,repeat_mid,repeat,mid,sustain,real_counterfactual_primary,36,f,96,96,,V3,P1,1,1,74.0,True,0.75,data/midi/full/reference/ref__repeat_mid__t-sustain__d-f__p-constant.mid,data/real_48k/r__repeat_mid__t-sustain__d-f__p-constant__v-V3__take01.wav,data/real_raw/r__repeat_mid__t-sustain__d-f__p-constant__v-V3__take01.wav,planned,770
r__long_high__t-staccato__d-mf__p-constant__v-V3__take02,real,real_violin,constant,long_high,long,high,staccato,real_counterfactual_primary,40,mf,64,64,,V3,P1,2,2,81.0,True,0.75,data/midi/full/reference/ref__long_high__t-staccato__d-mf__p-constant.mid,data/real_48k/r__long_high__t-staccato__d-mf__p-constant__v-V3__take02.wav,data/real_raw/r__long_high__t-staccato__d-mf__p-constant__v-V3__take02.wav,planned,771
r__leap_high__t-pizzicato__d-p__p-constant__v-V2__take02,real,real_violin,constant,leap_high,leap,high,pizzicato,real_counterfactual_primary,43,p,32,32,,V2,P1,2,2,,False,0.75,data/midi/full/reference/ref__leap_high__t-pizzicato__d-p__p-constant.mid,data/real_48k/r__leap_high__t-pizzicato__d-p__p-constant__v-V2__take02.wav,data/real_raw/r__leap_high__t-pizzicato__d-p__p-constant__v-V2__take02.wav,planned,772
r__leap_low__t-sustain__d-p__p-constant__v-V1__take01,real,real_violin,constant,leap_low,leap,low,sustain,real_counterfactual_primary,36,p,32,32,,V1,P1,1,1,,False,0.75,data/midi/full/reference/ref__leap_low__t-sustain__d-p__p-constant.mid,data/real_48k/r__leap_low__t-sustain__d-p__p-constant__v-V1__take01.wav,data/real_raw/r__leap_low__t-sustain__d-p__p-constant__v-V1__take01.wav,planned,773
r__repeat_low__t-staccato__d-p__p-constant__v-V2__take02,real,real_violin,constant,repeat_low,repeat,low,staccato,real_counterfactual_primary,40,p,32,32,,V2,P1,2,2,62.0,True,0.75,data/midi/full/reference/ref__repeat_low__t-staccato__d-p__p-constant.mid,data/real_48k/r__repeat_low__t-staccato__d-p__p-constant__v-V2__take02.wav,data/real_raw/r__repeat_low__t-staccato__d-p__p-constant__v-V2__take02.wav,planned,774
r__scale_high__t-sustain__d-f__p-constant__v-V3__take01,real,real_violin,constant,scale_high,scale,high,sustain,real_counterfactual_primary,36,f,96,96,,V3,P1,1,1,,False,0.75,data/midi/full/reference/ref__scale_high__t-sustain__d-f__p-constant.mid,data/real_48k/r__scale_high__t-sustain__d-f__p-constant__v-V3__take01.wav,data/real_raw/r__scale_high__t-sustain__d-f__p-constant__v-V3__take01.wav,planned,775
r__scale_mid__t-legato_slur__d-mf__p-constant__v-V1__take02,real,real_violin,constant,scale_mid,scale,mid,legato_slur,real_counterfactual_primary,49,mf,64,64,,V1,P1,2,2,,False,0.75,data/midi/full/reference/ref__scale_mid__t-legato_slur__d-mf__p-constant.mid,data/real_48k/r__scale_mid__t-legato_slur__d-mf__p-constant__v-V1__take02.wav,data/real_raw/r__scale_mid__t-legato_slur__d-mf__p-constant__v-V1__take02.wav,planned,776
r__leap_low__t-sustain__d-p__p-constant__v-V3__take02,real,real_violin,constant,leap_low,leap,low,sustain,real_counterfactual_primary,36,p,32,32,,V3,P1,2,2,,False,0.75,data/midi/full/reference/ref__leap_low__t-sustain__d-p__p-constant.mid,data/real_48k/r__leap_low__t-sustain__d-p__p-constant__v-V3__take02.wav,data/real_raw/r__leap_low__t-sustain__d-p__p-constant__v-V3__take02.wav,planned,777
r__scale_low__t-sustain__d-f__p-constant__v-V1__take02,real,real_violin,constant,scale_low,scale,low,sustain,real_counterfactual_primary,36,f,96,96,,V1,P1,2,2,,False,0.75,data/midi/full/reference/ref__scale_low__t-sustain__d-f__p-constant.mid,data/real_48k/r__scale_low__t-sustain__d-f__p-constant__v-V1__take02.wav,data/real_raw/r__scale_low__t-sustain__d-f__p-constant__v-V1__take02.wav,planned,778
r__scale_high__t-pizzicato__d-mf__p-constant__v-V1__take01,real,real_violin,constant,scale_high,scale,high,pizzicato,real_counterfactual_primary,43,mf,64,64,,V1,P1,1,1,,False,0.75,data/midi/full/reference/ref__scale_high__t-pizzicato__d-mf__p-constant.mid,data/real_48k/r__scale_high__t-pizzicato__d-mf__p-constant__v-V1__take01.wav,data/real_raw/r__scale_high__t-pizzicato__d-mf__p-constant__v-V1__take01.wav,planned,779
r__scale_low__t-sustain__d-mf__p-constant__v-V3__take01,real,real_violin,constant,scale_low,scale,low,sustain,real_counterfactual_primary,36,mf,64,64,,V3,P1,1,1,,False,0.75,data/midi/full/reference/ref__scale_low__t-sustain__d-mf__p-constant.mid,data/real_48k/r__scale_low__t-sustain__d-mf__p-constant__v-V3__take01.wav,data/real_raw/r__scale_low__t-sustain__d-mf__p-constant__v-V3__take01.wav,planned,780
r__leap_high__t-legato_slur__d-p__p-constant__v-V1__take02,real,real_violin,constant,leap_high,leap,high,legato_slur,real_counterfactual_primary,49,p,32,32,,V1,P1,2,2,,False,0.75,data/midi/full/reference/ref__leap_high__t-legato_slur__d-p__p-constant.mid,data/real_48k/r__leap_high__t-legato_slur__d-p__p-constant__v-V1__take02.wav,data/real_raw/r__leap_high__t-legato_slur__d-p__p-constant__v-V1__take02.wav,planned,781
r__repeat_high__t-sustain__d-mf__p-constant__v-V3__take02,real,real_violin,constant,repeat_high,repeat,high,sustain,real_counterfactual_primary,36,mf,64,64,,V3,P1,2,2,86.0,True,0.75,data/midi/full/reference/ref__repeat_high__t-sustain__d-mf__p-constant.mid,data/real_48k/r__repeat_high__t-sustain__d-mf__p-constant__v-V3__take02.wav,data/real_raw/r__repeat_high__t-sustain__d-mf__p-constant__v-V3__take02.wav,planned,782
r__long_low__t-pizzicato__d-p__p-constant__v-V1__take02,real,real_violin,constant,long_low,long,low,pizzicato,real_counterfactual_primary,43,p,32,32,,V1,P1,2,2,57.0,True,0.75,data/midi/full/reference/ref__long_low__t-pizzicato__d-p__p-constant.mid,data/real_48k/r__long_low__t-pizzicato__d-p__p-constant__v-V1__take02.wav,data/real_raw/r__long_low__t-pizzicato__d-p__p-constant__v-V1__take02.wav,planned,783
r__leap_high__t-sustain__d-mf__p-constant__v-V3__take01,real,real_violin,constant,leap_high,leap,high,sustain,real_counterfactual_primary,36,mf,64,64,,V3,P1,1,1,,False,0.75,data/midi/full/reference/ref__leap_high__t-sustain__d-mf__p-constant.mid,data/real_48k/r__leap_high__t-sustain__d-mf__p-constant__v-V3__take01.wav,data/real_raw/r__leap_high__t-sustain__d-mf__p-constant__v-V3__take01.wav,planned,784
r__long_high__t-pizzicato__d-f__p-constant__v-V3__take01,real,real_violin,constant,long_high,long,high,pizzicato,real_counterfactual_primary,43,f,96,96,,V3,P1,1,1,81.0,True,0.75,data/midi/full/reference/ref__long_high__t-pizzicato__d-f__p-constant.mid,data/real_48k/r__long_high__t-pizzicato__d-f__p-constant__v-V3__take01.wav,data/real_raw/r__long_high__t-pizzicato__d-f__p-constant__v-V3__take01.wav,planned,785
r__leap_low__t-staccato__d-mf__p-constant__v-V1__take01,real,real_violin,constant,leap_low,leap,low,staccato,real_counterfactual_primary,40,mf,64,64,,V1,P1,1,1,,False,0.75,data/midi/full/reference/ref__leap_low__t-staccato__d-mf__p-constant.mid,data/real_48k/r__leap_low__t-staccato__d-mf__p-constant__v-V1__take01.wav,data/real_raw/r__leap_low__t-staccato__d-mf__p-constant__v-V1__take01.wav,planned,786
r__repeat_high__t-staccato__d-p__p-constant__v-V3__take02,real,real_violin,constant,repeat_high,repeat,high,staccato,real_counterfactual_primary,40,p,32,32,,V3,P1,2,2,86.0,True,0.75,data/midi/full/reference/ref__repeat_high__t-staccato__d-p__p-constant.mid,data/real_48k/r__repeat_high__t-staccato__d-p__p-constant__v-V3__take02.wav,data/real_raw/r__repeat_high__t-staccato__d-p__p-constant__v-V3__take02.wav,planned,787
r__leap_high__t-pizzicato__d-mf__p-constant__v-V2__take02,real,real_violin,constant,leap_high,leap,high,pizzicato,real_counterfactual_primary,43,mf,64,64,,V2,P1,2,2,,False,0.75,data/midi/full/reference/ref__leap_high__t-pizzicato__d-mf__p-constant.mid,data/real_48k/r__leap_high__t-pizzicato__d-mf__p-constant__v-V2__take02.wav,data/real_raw/r__leap_high__t-pizzicato__d-mf__p-constant__v-V2__take02.wav,planned,788
r__leap_low__t-pizzicato__d-mf__p-constant__v-V3__take01,real,real_violin,constant,leap_low,leap,low,pizzicato,real_counterfactual_primary,43,mf,64,64,,V3,P1,1,1,,False,0.75,data/midi/full/reference/ref__leap_low__t-pizzicato__d-mf__p-constant.mid,data/real_48k/r__leap_low__t-pizzicato__d-mf__p-constant__v-V3__take01.wav,data/real_raw/r__leap_low__t-pizzicato__d-mf__p-constant__v-V3__take01.wav,planned,789
r__leap_low__t-pizzicato__d-p__p-constant__v-V1__take02,real,real_violin,constant,leap_low,leap,low,pizzicato,real_counterfactual_primary,43,p,32,32,,V1,P1,2,2,,False,0.75,data/midi/full/reference/ref__leap_low__t-pizzicato__d-p__p-constant.mid,data/real_48k/r__leap_low__t-pizzicato__d-p__p-constant__v-V1__take02.wav,data/real_raw/r__leap_low__t-pizzicato__d-p__p-constant__v-V1__take02.wav,planned,790
r__scale_low__t-staccato__d-mf__p-constant__v-V1__take02,real,real_violin,constant,scale_low,scale,low,staccato,real_counterfactual_primary,40,mf,64,64,,V1,P1,2,2,,False,0.75,data/midi/full/reference/ref__scale_low__t-staccato__d-mf__p-constant.mid,data/real_48k/r__scale_low__t-staccato__d-mf__p-constant__v-V1__take02.wav,data/real_raw/r__scale_low__t-staccato__d-mf__p-constant__v-V1__take02.wav,planned,791
r__scale_high__t-pizzicato__d-f__p-constant__v-V1__take01,real,real_violin,constant,scale_high,scale,high,pizzicato,real_counterfactual_primary,43,f,96,96,,V1,P1,1,1,,False,0.75,data/midi/full/reference/ref__scale_high__t-pizzicato__d-f__p-constant.mid,data/real_48k/r__scale_high__t-pizzicato__d-f__p-constant__v-V1__take01.wav,data/real_raw/r__scale_high__t-pizzicato__d-f__p-constant__v-V1__take01.wav,planned,792
r__repeat_low__t-legato_slur__d-mf__p-constant__v-V2__take01,real,real_violin,constant,repeat_low,repeat,low,legato_slur,real_counterfactual_primary,49,mf,64,64,,V2,P1,1,1,62.0,True,0.75,data/midi/full/reference/ref__repeat_low__t-legato_slur__d-mf__p-constant.mid,data/real_48k/r__repeat_low__t-legato_slur__d-mf__p-constant__v-V2__take01.wav,data/real_raw/r__repeat_low__t-legato_slur__d-mf__p-constant__v-V2__take01.wav,planned,793
r__repeat_high__t-legato_slur__d-p__p-constant__v-V1__take01,real,real_violin,constant,repeat_high,repeat,high,legato_slur,real_counterfactual_primary,49,p,32,32,,V1,P1,1,1,86.0,True,0.75,data/midi/full/reference/ref__repeat_high__t-legato_slur__d-p__p-constant.mid,data/real_48k/r__repeat_high__t-legato_slur__d-p__p-constant__v-V1__take01.wav,data/real_raw/r__repeat_high__t-legato_slur__d-p__p-constant__v-V1__take01.wav,planned,794
r__repeat_mid__t-staccato__d-mf__p-constant__v-V2__take02,real,real_violin,constant,repeat_mid,repeat,mid,staccato,real_counterfactual_primary,40,mf,64,64,,V2,P1,2,2,74.0,True,0.75,data/midi/full/reference/ref__repeat_mid__t-staccato__d-mf__p-constant.mid,data/real_48k/r__repeat_mid__t-staccato__d-mf__p-constant__v-V2__take02.wav,data/real_raw/r__repeat_mid__t-staccato__d-mf__p-constant__v-V2__take02.wav,planned,795
r__scale_high__t-sustain__d-mf__p-constant__v-V3__take01,real,real_violin,constant,scale_high,scale,high,sustain,real_counterfactual_primary,36,mf,64,64,,V3,P1,1,1,,False,0.75,data/midi/full/reference/ref__scale_high__t-sustain__d-mf__p-constant.mid,data/real_48k/r__scale_high__t-sustain__d-mf__p-constant__v-V3__take01.wav,data/real_raw/r__scale_high__t-sustain__d-mf__p-constant__v-V3__take01.wav,planned,796
r__repeat_low__t-legato_slur__d-f__p-constant__v-V1__take01,real,real_violin,constant,repeat_low,repeat,low,legato_slur,real_counterfactual_primary,49,f,96,96,,V1,P1,1,1,62.0,True,0.75,data/midi/full/reference/ref__repeat_low__t-legato_slur__d-f__p-constant.mid,data/real_48k/r__repeat_low__t-legato_slur__d-f__p-constant__v-V1__take01.wav,data/real_raw/r__repeat_low__t-legato_slur__d-f__p-constant__v-V1__take01.wav,planned,797
r__repeat_high__t-staccato__d-p__p-constant__v-V1__take02,real,real_violin,constant,repeat_high,repeat,high,staccato,real_counterfactual_primary,40,p,32,32,,V1,P1,2,2,86.0,True,0.75,data/midi/full/reference/ref__repeat_high__t-staccato__d-p__p-constant.mid,data/real_48k/r__repeat_high__t-staccato__d-p__p-constant__v-V1__take02.wav,data/real_raw/r__repeat_high__t-staccato__d-p__p-constant__v-V1__take02.wav,planned,798
r__scale_high__t-staccato__d-mf__p-constant__v-V3__take01,real,real_violin,constant,scale_high,scale,high,staccato,real_counterfactual_primary,40,mf,64,64,,V3,P1,1,1,,False,0.75,data/midi/full/reference/ref__scale_high__t-staccato__d-mf__p-constant.mid,data/real_48k/r__scale_high__t-staccato__d-mf__p-constant__v-V3__take01.wav,data/real_raw/r__scale_high__t-staccato__d-mf__p-constant__v-V3__take01.wav,planned,799
r__leap_mid__t-pizzicato__d-f__p-constant__v-V3__take01,real,real_violin,constant,leap_mid,leap,mid,pizzicato,real_counterfactual_primary,43,f,96,96,,V3,P1,1,1,,False,0.75,data/midi/full/reference/ref__leap_mid__t-pizzicato__d-f__p-constant.mid,data/real_48k/r__leap_mid__t-pizzicato__d-f__p-constant__v-V3__take01.wav,data/real_raw/r__leap_mid__t-pizzicato__d-f__p-constant__v-V3__take01.wav,planned,800
r__repeat_high__t-sustain__d-f__p-constant__v-V3__take01,real,real_violin,constant,repeat_high,repeat,high,sustain,real_counterfactual_primary,36,f,96,96,,V3,P1,1,1,86.0,True,0.75,data/midi/full/reference/ref__repeat_high__t-sustain__d-f__p-constant.mid,data/real_48k/r__repeat_high__t-sustain__d-f__p-constant__v-V3__take01.wav,data/real_raw/r__repeat_high__t-sustain__d-f__p-constant__v-V3__take01.wav,planned,801
r__long_high__t-pizzicato__d-f__p-constant__v-V1__take01,real,real_violin,constant,long_high,long,high,pizzicato,real_counterfactual_primary,43,f,96,96,,V1,P1,1,1,81.0,True,0.75,data/midi/full/reference/ref__long_high__t-pizzicato__d-f__p-constant.mid,data/real_48k/r__long_high__t-pizzicato__d-f__p-constant__v-V1__take01.wav,data/real_raw/r__long_high__t-pizzicato__d-f__p-constant__v-V1__take01.wav,planned,802
r__leap_mid__t-legato_slur__d-mf__p-constant__v-V1__take01,real,real_violin,constant,leap_mid,leap,mid,legato_slur,real_counterfactual_primary,49,mf,64,64,,V1,P1,1,1,,False,0.75,data/midi/full/reference/ref__leap_mid__t-legato_slur__d-mf__p-constant.mid,data/real_48k/r__leap_mid__t-legato_slur__d-mf__p-constant__v-V1__take01.wav,data/real_raw/r__leap_mid__t-legato_slur__d-mf__p-constant__v-V1__take01.wav,planned,803
r__leap_high__t-sustain__d-p__p-constant__v-V2__take02,real,real_violin,constant,leap_high,leap,high,sustain,real_counterfactual_primary,36,p,32,32,,V2,P1,2,2,,False,0.75,data/midi/full/reference/ref__leap_high__t-sustain__d-p__p-constant.mid,data/real_48k/r__leap_high__t-sustain__d-p__p-constant__v-V2__take02.wav,data/real_raw/r__leap_high__t-sustain__d-p__p-constant__v-V2__take02.wav,planned,804
r__scale_low__t-pizzicato__d-f__p-constant__v-V2__take01,real,real_violin,constant,scale_low,scale,low,pizzicato,real_counterfactual_primary,43,f,96,96,,V2,P1,1,1,,False,0.75,data/midi/full/reference/ref__scale_low__t-pizzicato__d-f__p-constant.mid,data/real_48k/r__scale_low__t-pizzicato__d-f__p-constant__v-V2__take01.wav,data/real_raw/r__scale_low__t-pizzicato__d-f__p-constant__v-V2__take01.wav,planned,805
r__scale_high__t-legato_slur__d-p__p-constant__v-V2__take02,real,real_violin,constant,scale_high,scale,high,legato_slur,real_counterfactual_primary,49,p,32,32,,V2,P1,2,2,,False,0.75,data/midi/full/reference/ref__scale_high__t-legato_slur__d-p__p-constant.mid,data/real_48k/r__scale_high__t-legato_slur__d-p__p-constant__v-V2__take02.wav,data/real_raw/r__scale_high__t-legato_slur__d-p__p-constant__v-V2__take02.wav,planned,806
r__repeat_high__t-legato_slur__d-f__p-constant__v-V1__take02,real,real_violin,constant,repeat_high,repeat,high,legato_slur,real_counterfactual_primary,49,f,96,96,,V1,P1,2,2,86.0,True,0.75,data/midi/full/reference/ref__repeat_high__t-legato_slur__d-f__p-constant.mid,data/real_48k/r__repeat_high__t-legato_slur__d-f__p-constant__v-V1__take02.wav,data/real_raw/r__repeat_high__t-legato_slur__d-f__p-constant__v-V1__take02.wav,planned,807
r__long_mid__t-legato_slur__d-mf__p-constant__v-V1__take01,real,real_violin,constant,long_mid,long,mid,legato_slur,real_counterfactual_primary,49,mf,64,64,,V1,P1,1,1,69.0,True,0.75,data/midi/full/reference/ref__long_mid__t-legato_slur__d-mf__p-constant.mid,data/real_48k/r__long_mid__t-legato_slur__d-mf__p-constant__v-V1__take01.wav,data/real_raw/r__long_mid__t-legato_slur__d-mf__p-constant__v-V1__take01.wav,planned,808
r__leap_high__t-sustain__d-mf__p-constant__v-V1__take02,real,real_violin,constant,leap_high,leap,high,sustain,real_counterfactual_primary,36,mf,64,64,,V1,P1,2,2,,False,0.75,data/midi/full/reference/ref__leap_high__t-sustain__d-mf__p-constant.mid,data/real_48k/r__leap_high__t-sustain__d-mf__p-constant__v-V1__take02.wav,data/real_raw/r__leap_high__t-sustain__d-mf__p-constant__v-V1__take02.wav,planned,809
r__long_low__t-legato_slur__d-f__p-constant__v-V3__take02,real,real_violin,constant,long_low,long,low,legato_slur,real_counterfactual_primary,49,f,96,96,,V3,P1,2,2,57.0,True,0.75,data/midi/full/reference/ref__long_low__t-legato_slur__d-f__p-constant.mid,data/real_48k/r__long_low__t-legato_slur__d-f__p-constant__v-V3__take02.wav,data/real_raw/r__long_low__t-legato_slur__d-f__p-constant__v-V3__take02.wav,planned,810
r__long_mid__t-sustain__d-mf__p-constant__v-V3__take01,real,real_violin,constant,long_mid,long,mid,sustain,real_counterfactual_primary,36,mf,64,64,,V3,P1,1,1,69.0,True,0.75,data/midi/full/reference/ref__long_mid__t-sustain__d-mf__p-constant.mid,data/real_48k/r__long_mid__t-sustain__d-mf__p-constant__v-V3__take01.wav,data/real_raw/r__long_mid__t-sustain__d-mf__p-constant__v-V3__take01.wav,planned,811
r__long_high__t-sustain__d-p__p-constant__v-V2__take01,real,real_violin,constant,long_high,long,high,sustain,real_counterfactual_primary,36,p,32,32,,V2,P1,1,1,81.0,True,0.75,data/midi/full/reference/ref__long_high__t-sustain__d-p__p-constant.mid,data/real_48k/r__long_high__t-sustain__d-p__p-constant__v-V2__take01.wav,data/real_raw/r__long_high__t-sustain__d-p__p-constant__v-V2__take01.wav,planned,812
r__scale_low__t-sustain__d-p__p-constant__v-V2__take01,real,real_violin,constant,scale_low,scale,low,sustain,real_counterfactual_primary,36,p,32,32,,V2,P1,1,1,,False,0.75,data/midi/full/reference/ref__scale_low__t-sustain__d-p__p-constant.mid,data/real_48k/r__scale_low__t-sustain__d-p__p-constant__v-V2__take01.wav,data/real_raw/r__scale_low__t-sustain__d-p__p-constant__v-V2__take01.wav,planned,813
r__scale_mid__t-sustain__d-f__p-constant__v-V1__take02,real,real_violin,constant,scale_mid,scale,mid,sustain,real_counterfactual_primary,36,f,96,96,,V1,P1,2,2,,False,0.75,data/midi/full/reference/ref__scale_mid__t-sustain__d-f__p-constant.mid,data/real_48k/r__scale_mid__t-sustain__d-f__p-constant__v-V1__take02.wav,data/real_raw/r__scale_mid__t-sustain__d-f__p-constant__v-V1__take02.wav,planned,814
r__leap_mid__t-pizzicato__d-f__p-constant__v-V3__take02,real,real_violin,constant,leap_mid,leap,mid,pizzicato,real_counterfactual_primary,43,f,96,96,,V3,P1,2,2,,False,0.75,data/midi/full/reference/ref__leap_mid__t-pizzicato__d-f__p-constant.mid,data/real_48k/r__leap_mid__t-pizzicato__d-f__p-constant__v-V3__take02.wav,data/real_raw/r__leap_mid__t-pizzicato__d-f__p-constant__v-V3__take02.wav,planned,815
r__long_mid__t-pizzicato__d-p__p-constant__v-V2__take02,real,real_violin,constant,long_mid,long,mid,pizzicato,real_counterfactual_primary,43,p,32,32,,V2,P1,2,2,69.0,True,0.75,data/midi/full/reference/ref__long_mid__t-pizzicato__d-p__p-constant.mid,data/real_48k/r__long_mid__t-pizzicato__d-p__p-constant__v-V2__take02.wav,data/real_raw/r__long_mid__t-pizzicato__d-p__p-constant__v-V2__take02.wav,planned,816
r__scale_low__t-pizzicato__d-mf__p-constant__v-V1__take02,real,real_violin,constant,scale_low,scale,low,pizzicato,real_counterfactual_primary,43,mf,64,64,,V1,P1,2,2,,False,0.75,data/midi/full/reference/ref__scale_low__t-pizzicato__d-mf__p-constant.mid,data/real_48k/r__scale_low__t-pizzicato__d-mf__p-constant__v-V1__take02.wav,data/real_raw/r__scale_low__t-pizzicato__d-mf__p-constant__v-V1__take02.wav,planned,817
r__scale_high__t-sustain__d-mf__p-constant__v-V3__take02,real,real_violin,constant,scale_high,scale,high,sustain,real_counterfactual_primary,36,mf,64,64,,V3,P1,2,2,,False,0.75,data/midi/full/reference/ref__scale_high__t-sustain__d-mf__p-constant.mid,data/real_48k/r__scale_high__t-sustain__d-mf__p-constant__v-V3__take02.wav,data/real_raw/r__scale_high__t-sustain__d-mf__p-constant__v-V3__take02.wav,planned,818
r__scale_high__t-pizzicato__d-mf__p-constant__v-V3__take02,real,real_violin,constant,scale_high,scale,high,pizzicato,real_counterfactual_primary,43,mf,64,64,,V3,P1,2,2,,False,0.75,data/midi/full/reference/ref__scale_high__t-pizzicato__d-mf__p-constant.mid,data/real_48k/r__scale_high__t-pizzicato__d-mf__p-constant__v-V3__take02.wav,data/real_raw/r__scale_high__t-pizzicato__d-mf__p-constant__v-V3__take02.wav,planned,819
r__repeat_high__t-sustain__d-mf__p-constant__v-V1__take02,real,real_violin,constant,repeat_high,repeat,high,sustain,real_counterfactual_primary,36,mf,64,64,,V1,P1,2,2,86.0,True,0.75,data/midi/full/reference/ref__repeat_high__t-sustain__d-mf__p-constant.mid,data/real_48k/r__repeat_high__t-sustain__d-mf__p-constant__v-V1__take02.wav,data/real_raw/r__repeat_high__t-sustain__d-mf__p-constant__v-V1__take02.wav,planned,820
r__long_high__t-pizzicato__d-p__p-constant__v-V3__take02,real,real_violin,constant,long_high,long,high,pizzicato,real_counterfactual_primary,43,p,32,32,,V3,P1,2,2,81.0,True,0.75,data/midi/full/reference/ref__long_high__t-pizzicato__d-p__p-constant.mid,data/real_48k/r__long_high__t-pizzicato__d-p__p-constant__v-V3__take02.wav,data/real_raw/r__long_high__t-pizzicato__d-p__p-constant__v-V3__take02.wav,planned,821
r__long_mid__t-staccato__d-f__p-constant__v-V2__take02,real,real_violin,constant,long_mid,long,mid,staccato,real_counterfactual_primary,40,f,96,96,,V2,P1,2,2,69.0,True,0.75,data/midi/full/reference/ref__long_mid__t-staccato__d-f__p-constant.mid,data/real_48k/r__long_mid__t-staccato__d-f__p-constant__v-V2__take02.wav,data/real_raw/r__long_mid__t-staccato__d-f__p-constant__v-V2__take02.wav,planned,822
r__leap_low__t-pizzicato__d-p__p-constant__v-V1__take01,real,real_violin,constant,leap_low,leap,low,pizzicato,real_counterfactual_primary,43,p,32,32,,V1,P1,1,1,,False,0.75,data/midi/full/reference/ref__leap_low__t-pizzicato__d-p__p-constant.mid,data/real_48k/r__leap_low__t-pizzicato__d-p__p-constant__v-V1__take01.wav,data/real_raw/r__leap_low__t-pizzicato__d-p__p-constant__v-V1__take01.wav,planned,823
r__long_high__t-legato_slur__d-p__p-constant__v-V1__take02,real,real_violin,constant,long_high,long,high,legato_slur,real_counterfactual_primary,49,p,32,32,,V1,P1,2,2,81.0,True,0.75,data/midi/full/reference/ref__long_high__t-legato_slur__d-p__p-constant.mid,data/real_48k/r__long_high__t-legato_slur__d-p__p-constant__v-V1__take02.wav,data/real_raw/r__long_high__t-legato_slur__d-p__p-constant__v-V1__take02.wav,planned,824
r__long_low__t-staccato__d-f__p-constant__v-V1__take01,real,real_violin,constant,long_low,long,low,staccato,real_counterfactual_primary,40,f,96,96,,V1,P1,1,1,57.0,True,0.75,data/midi/full/reference/ref__long_low__t-staccato__d-f__p-constant.mid,data/real_48k/r__long_low__t-staccato__d-f__p-constant__v-V1__take01.wav,data/real_raw/r__long_low__t-staccato__d-f__p-constant__v-V1__take01.wav,planned,825
r__long_mid__t-sustain__d-p__p-constant__v-V3__take02,real,real_violin,constant,long_mid,long,mid,sustain,real_counterfactual_primary,36,p,32,32,,V3,P1,2,2,69.0,True,0.75,data/midi/full/reference/ref__long_mid__t-sustain__d-p__p-constant.mid,data/real_48k/r__long_mid__t-sustain__d-p__p-constant__v-V3__take02.wav,data/real_raw/r__long_mid__t-sustain__d-p__p-constant__v-V3__take02.wav,planned,826
r__repeat_mid__t-staccato__d-f__p-constant__v-V2__take02,real,real_violin,constant,repeat_mid,repeat,mid,staccato,real_counterfactual_primary,40,f,96,96,,V2,P1,2,2,74.0,True,0.75,data/midi/full/reference/ref__repeat_mid__t-staccato__d-f__p-constant.mid,data/real_48k/r__repeat_mid__t-staccato__d-f__p-constant__v-V2__take02.wav,data/real_raw/r__repeat_mid__t-staccato__d-f__p-constant__v-V2__take02.wav,planned,827
r__long_high__t-pizzicato__d-p__p-constant__v-V1__take02,real,real_violin,constant,long_high,long,high,pizzicato,real_counterfactual_primary,43,p,32,32,,V1,P1,2,2,81.0,True,0.75,data/midi/full/reference/ref__long_high__t-pizzicato__d-p__p-constant.mid,data/real_48k/r__long_high__t-pizzicato__d-p__p-constant__v-V1__take02.wav,data/real_raw/r__long_high__t-pizzicato__d-p__p-constant__v-V1__take02.wav,planned,828
r__repeat_high__t-staccato__d-p__p-constant__v-V3__take01,real,real_violin,constant,repeat_high,repeat,high,staccato,real_counterfactual_primary,40,p,32,32,,V3,P1,1,1,86.0,True,0.75,data/midi/full/reference/ref__repeat_high__t-staccato__d-p__p-constant.mid,data/real_48k/r__repeat_high__t-staccato__d-p__p-constant__v-V3__take01.wav,data/real_raw/r__repeat_high__t-staccato__d-p__p-constant__v-V3__take01.wav,planned,829
r__scale_mid__t-pizzicato__d-p__p-constant__v-V1__take02,real,real_violin,constant,scale_mid,scale,mid,pizzicato,real_counterfactual_primary,43,p,32,32,,V1,P1,2,2,,False,0.75,data/midi/full/reference/ref__scale_mid__t-pizzicato__d-p__p-constant.mid,data/real_48k/r__scale_mid__t-pizzicato__d-p__p-constant__v-V1__take02.wav,data/real_raw/r__scale_mid__t-pizzicato__d-p__p-constant__v-V1__take02.wav,planned,830
r__leap_high__t-staccato__d-f__p-constant__v-V1__take01,real,real_violin,constant,leap_high,leap,high,staccato,real_counterfactual_primary,40,f,96,96,,V1,P1,1,1,,False,0.75,data/midi/full/reference/ref__leap_high__t-staccato__d-f__p-constant.mid,data/real_48k/r__leap_high__t-staccato__d-f__p-constant__v-V1__take01.wav,data/real_raw/r__leap_high__t-staccato__d-f__p-constant__v-V1__take01.wav,planned,831
r__scale_mid__t-legato_slur__d-mf__p-constant__v-V2__take01,real,real_violin,constant,scale_mid,scale,mid,legato_slur,real_counterfactual_primary,49,mf,64,64,,V2,P1,1,1,,False,0.75,data/midi/full/reference/ref__scale_mid__t-legato_slur__d-mf__p-constant.mid,data/real_48k/r__scale_mid__t-legato_slur__d-mf__p-constant__v-V2__take01.wav,data/real_raw/r__scale_mid__t-legato_slur__d-mf__p-constant__v-V2__take01.wav,planned,832
r__repeat_mid__t-legato_slur__d-f__p-constant__v-V1__take01,real,real_violin,constant,repeat_mid,repeat,mid,legato_slur,real_counterfactual_primary,49,f,96,96,,V1,P1,1,1,74.0,True,0.75,data/midi/full/reference/ref__repeat_mid__t-legato_slur__d-f__p-constant.mid,data/real_48k/r__repeat_mid__t-legato_slur__d-f__p-constant__v-V1__take01.wav,data/real_raw/r__repeat_mid__t-legato_slur__d-f__p-constant__v-V1__take01.wav,planned,833
r__leap_high__t-staccato__d-f__p-constant__v-V3__take02,real,real_violin,constant,leap_high,leap,high,staccato,real_counterfactual_primary,40,f,96,96,,V3,P1,2,2,,False,0.75,data/midi/full/reference/ref__leap_high__t-staccato__d-f__p-constant.mid,data/real_48k/r__leap_high__t-staccato__d-f__p-constant__v-V3__take02.wav,data/real_raw/r__leap_high__t-staccato__d-f__p-constant__v-V3__take02.wav,planned,834
r__long_high__t-sustain__d-mf__p-constant__v-V3__take01,real,real_violin,constant,long_high,long,high,sustain,real_counterfactual_primary,36,mf,64,64,,V3,P1,1,1,81.0,True,0.75,data/midi/full/reference/ref__long_high__t-sustain__d-mf__p-constant.mid,data/real_48k/r__long_high__t-sustain__d-mf__p-constant__v-V3__take01.wav,data/real_raw/r__long_high__t-sustain__d-mf__p-constant__v-V3__take01.wav,planned,835
r__leap_mid__t-sustain__d-p__p-constant__v-V1__take02,real,real_violin,constant,leap_mid,leap,mid,sustain,real_counterfactual_primary,36,p,32,32,,V1,P1,2,2,,False,0.75,data/midi/full/reference/ref__leap_mid__t-sustain__d-p__p-constant.mid,data/real_48k/r__leap_mid__t-sustain__d-p__p-constant__v-V1__take02.wav,data/real_raw/r__leap_mid__t-sustain__d-p__p-constant__v-V1__take02.wav,planned,836
r__long_mid__t-staccato__d-f__p-constant__v-V3__take01,real,real_violin,constant,long_mid,long,mid,staccato,real_counterfactual_primary,40,f,96,96,,V3,P1,1,1,69.0,True,0.75,data/midi/full/reference/ref__long_mid__t-staccato__d-f__p-constant.mid,data/real_48k/r__long_mid__t-staccato__d-f__p-constant__v-V3__take01.wav,data/real_raw/r__long_mid__t-staccato__d-f__p-constant__v-V3__take01.wav,planned,837
r__scale_low__t-pizzicato__d-p__p-constant__v-V1__take02,real,real_violin,constant,scale_low,scale,low,pizzicato,real_counterfactual_primary,43,p,32,32,,V1,P1,2,2,,False,0.75,data/midi/full/reference/ref__scale_low__t-pizzicato__d-p__p-constant.mid,data/real_48k/r__scale_low__t-pizzicato__d-p__p-constant__v-V1__take02.wav,data/real_raw/r__scale_low__t-pizzicato__d-p__p-constant__v-V1__take02.wav,planned,838
r__scale_low__t-sustain__d-mf__p-constant__v-V3__take02,real,real_violin,constant,scale_low,scale,low,sustain,real_counterfactual_primary,36,mf,64,64,,V3,P1,2,2,,False,0.75,data/midi/full/reference/ref__scale_low__t-sustain__d-mf__p-constant.mid,data/real_48k/r__scale_low__t-sustain__d-mf__p-constant__v-V3__take02.wav,data/real_raw/r__scale_low__t-sustain__d-mf__p-constant__v-V3__take02.wav,planned,839
r__leap_high__t-pizzicato__d-p__p-constant__v-V3__take02,real,real_violin,constant,leap_high,leap,high,pizzicato,real_counterfactual_primary,43,p,32,32,,V3,P1,2,2,,False,0.75,data/midi/full/reference/ref__leap_high__t-pizzicato__d-p__p-constant.mid,data/real_48k/r__leap_high__t-pizzicato__d-p__p-constant__v-V3__take02.wav,data/real_raw/r__leap_high__t-pizzicato__d-p__p-constant__v-V3__take02.wav,planned,840
r__leap_low__t-sustain__d-mf__p-constant__v-V3__take02,real,real_violin,constant,leap_low,leap,low,sustain,real_counterfactual_primary,36,mf,64,64,,V3,P1,2,2,,False,0.75,data/midi/full/reference/ref__leap_low__t-sustain__d-mf__p-constant.mid,data/real_48k/r__leap_low__t-sustain__d-mf__p-constant__v-V3__take02.wav,data/real_raw/r__leap_low__t-sustain__d-mf__p-constant__v-V3__take02.wav,planned,841
r__repeat_low__t-legato_slur__d-mf__p-constant__v-V3__take02,real,real_violin,constant,repeat_low,repeat,low,legato_slur,real_counterfactual_primary,49,mf,64,64,,V3,P1,2,2,62.0,True,0.75,data/midi/full/reference/ref__repeat_low__t-legato_slur__d-mf__p-constant.mid,data/real_48k/r__repeat_low__t-legato_slur__d-mf__p-constant__v-V3__take02.wav,data/real_raw/r__repeat_low__t-legato_slur__d-mf__p-constant__v-V3__take02.wav,planned,842
r__scale_high__t-legato_slur__d-f__p-constant__v-V2__take02,real,real_violin,constant,scale_high,scale,high,legato_slur,real_counterfactual_primary,49,f,96,96,,V2,P1,2,2,,False,0.75,data/midi/full/reference/ref__scale_high__t-legato_slur__d-f__p-constant.mid,data/real_48k/r__scale_high__t-legato_slur__d-f__p-constant__v-V2__take02.wav,data/real_raw/r__scale_high__t-legato_slur__d-f__p-constant__v-V2__take02.wav,planned,843
r__repeat_low__t-sustain__d-f__p-constant__v-V2__take01,real,real_violin,constant,repeat_low,repeat,low,sustain,real_counterfactual_primary,36,f,96,96,,V2,P1,1,1,62.0,True,0.75,data/midi/full/reference/ref__repeat_low__t-sustain__d-f__p-constant.mid,data/real_48k/r__repeat_low__t-sustain__d-f__p-constant__v-V2__take01.wav,data/real_raw/r__repeat_low__t-sustain__d-f__p-constant__v-V2__take01.wav,planned,844
r__scale_mid__t-sustain__d-f__p-constant__v-V2__take01,real,real_violin,constant,scale_mid,scale,mid,sustain,real_counterfactual_primary,36,f,96,96,,V2,P1,1,1,,False,0.75,data/midi/full/reference/ref__scale_mid__t-sustain__d-f__p-constant.mid,data/real_48k/r__scale_mid__t-sustain__d-f__p-constant__v-V2__take01.wav,data/real_raw/r__scale_mid__t-sustain__d-f__p-constant__v-V2__take01.wav,planned,845
r__long_low__t-legato_slur__d-mf__p-constant__v-V1__take02,real,real_violin,constant,long_low,long,low,legato_slur,real_counterfactual_primary,49,mf,64,64,,V1,P1,2,2,57.0,True,0.75,data/midi/full/reference/ref__long_low__t-legato_slur__d-mf__p-constant.mid,data/real_48k/r__long_low__t-legato_slur__d-mf__p-constant__v-V1__take02.wav,data/real_raw/r__long_low__t-legato_slur__d-mf__p-constant__v-V1__take02.wav,planned,846
r__leap_low__t-staccato__d-p__p-constant__v-V3__take02,real,real_violin,constant,leap_low,leap,low,staccato,real_counterfactual_primary,40,p,32,32,,V3,P1,2,2,,False,0.75,data/midi/full/reference/ref__leap_low__t-staccato__d-p__p-constant.mid,data/real_48k/r__leap_low__t-staccato__d-p__p-constant__v-V3__take02.wav,data/real_raw/r__leap_low__t-staccato__d-p__p-constant__v-V3__take02.wav,planned,847
r__scale_high__t-sustain__d-f__p-constant__v-V3__take02,real,real_violin,constant,scale_high,scale,high,sustain,real_counterfactual_primary,36,f,96,96,,V3,P1,2,2,,False,0.75,data/midi/full/reference/ref__scale_high__t-sustain__d-f__p-constant.mid,data/real_48k/r__scale_high__t-sustain__d-f__p-constant__v-V3__take02.wav,data/real_raw/r__scale_high__t-sustain__d-f__p-constant__v-V3__take02.wav,planned,848
r__scale_high__t-staccato__d-f__p-constant__v-V1__take01,real,real_violin,constant,scale_high,scale,high,staccato,real_counterfactual_primary,40,f,96,96,,V1,P1,1,1,,False,0.75,data/midi/full/reference/ref__scale_high__t-staccato__d-f__p-constant.mid,data/real_48k/r__scale_high__t-staccato__d-f__p-constant__v-V1__take01.wav,data/real_raw/r__scale_high__t-staccato__d-f__p-constant__v-V1__take01.wav,planned,849
r__scale_high__t-staccato__d-p__p-constant__v-V2__take01,real,real_violin,constant,scale_high,scale,high,staccato,real_counterfactual_primary,40,p,32,32,,V2,P1,1,1,,False,0.75,data/midi/full/reference/ref__scale_high__t-staccato__d-p__p-constant.mid,data/real_48k/r__scale_high__t-staccato__d-p__p-constant__v-V2__take01.wav,data/real_raw/r__scale_high__t-staccato__d-p__p-constant__v-V2__take01.wav,planned,850
r__leap_high__t-staccato__d-mf__p-constant__v-V1__take01,real,real_violin,constant,leap_high,leap,high,staccato,real_counterfactual_primary,40,mf,64,64,,V1,P1,1,1,,False,0.75,data/midi/full/reference/ref__leap_high__t-staccato__d-mf__p-constant.mid,data/real_48k/r__leap_high__t-staccato__d-mf__p-constant__v-V1__take01.wav,data/real_raw/r__leap_high__t-staccato__d-mf__p-constant__v-V1__take01.wav,planned,851
r__repeat_high__t-staccato__d-mf__p-constant__v-V2__take02,real,real_violin,constant,repeat_high,repeat,high,staccato,real_counterfactual_primary,40,mf,64,64,,V2,P1,2,2,86.0,True,0.75,data/midi/full/reference/ref__repeat_high__t-staccato__d-mf__p-constant.mid,data/real_48k/r__repeat_high__t-staccato__d-mf__p-constant__v-V2__take02.wav,data/real_raw/r__repeat_high__t-staccato__d-mf__p-constant__v-V2__take02.wav,planned,852
r__scale_high__t-pizzicato__d-p__p-constant__v-V3__take01,real,real_violin,constant,scale_high,scale,high,pizzicato,real_counterfactual_primary,43,p,32,32,,V3,P1,1,1,,False,0.75,data/midi/full/reference/ref__scale_high__t-pizzicato__d-p__p-constant.mid,data/real_48k/r__scale_high__t-pizzicato__d-p__p-constant__v-V3__take01.wav,data/real_raw/r__scale_high__t-pizzicato__d-p__p-constant__v-V3__take01.wav,planned,853
r__repeat_mid__t-legato_slur__d-mf__p-constant__v-V1__take01,real,real_violin,constant,repeat_mid,repeat,mid,legato_slur,real_counterfactual_primary,49,mf,64,64,,V1,P1,1,1,74.0,True,0.75,data/midi/full/reference/ref__repeat_mid__t-legato_slur__d-mf__p-constant.mid,data/real_48k/r__repeat_mid__t-legato_slur__d-mf__p-constant__v-V1__take01.wav,data/real_raw/r__repeat_mid__t-legato_slur__d-mf__p-constant__v-V1__take01.wav,planned,854
r__scale_high__t-legato_slur__d-mf__p-constant__v-V2__take02,real,real_violin,constant,scale_high,scale,high,legato_slur,real_counterfactual_primary,49,mf,64,64,,V2,P1,2,2,,False,0.75,data/midi/full/reference/ref__scale_high__t-legato_slur__d-mf__p-constant.mid,data/real_48k/r__scale_high__t-legato_slur__d-mf__p-constant__v-V2__take02.wav,data/real_raw/r__scale_high__t-legato_slur__d-mf__p-constant__v-V2__take02.wav,planned,855
r__scale_high__t-legato_slur__d-f__p-constant__v-V2__take01,real,real_violin,constant,scale_high,scale,high,legato_slur,real_counterfactual_primary,49,f,96,96,,V2,P1,1,1,,False,0.75,data/midi/full/reference/ref__scale_high__t-legato_slur__d-f__p-constant.mid,data/real_48k/r__scale_high__t-legato_slur__d-f__p-constant__v-V2__take01.wav,data/real_raw/r__scale_high__t-legato_slur__d-f__p-constant__v-V2__take01.wav,planned,856
r__scale_mid__t-sustain__d-p__p-constant__v-V3__take01,real,real_violin,constant,scale_mid,scale,mid,sustain,real_counterfactual_primary,36,p,32,32,,V3,P1,1,1,,False,0.75,data/midi/full/reference/ref__scale_mid__t-sustain__d-p__p-constant.mid,data/real_48k/r__scale_mid__t-sustain__d-p__p-constant__v-V3__take01.wav,data/real_raw/r__scale_mid__t-sustain__d-p__p-constant__v-V3__take01.wav,planned,857
r__repeat_high__t-pizzicato__d-f__p-constant__v-V1__take01,real,real_violin,constant,repeat_high,repeat,high,pizzicato,real_counterfactual_primary,43,f,96,96,,V1,P1,1,1,86.0,True,0.75,data/midi/full/reference/ref__repeat_high__t-pizzicato__d-f__p-constant.mid,data/real_48k/r__repeat_high__t-pizzicato__d-f__p-constant__v-V1__take01.wav,data/real_raw/r__repeat_high__t-pizzicato__d-f__p-constant__v-V1__take01.wav,planned,858
r__leap_low__t-legato_slur__d-p__p-constant__v-V1__take02,real,real_violin,constant,leap_low,leap,low,legato_slur,real_counterfactual_primary,49,p,32,32,,V1,P1,2,2,,False,0.75,data/midi/full/reference/ref__leap_low__t-legato_slur__d-p__p-constant.mid,data/real_48k/r__leap_low__t-legato_slur__d-p__p-constant__v-V1__take02.wav,data/real_raw/r__leap_low__t-legato_slur__d-p__p-constant__v-V1__take02.wav,planned,859
r__repeat_low__t-pizzicato__d-mf__p-constant__v-V1__take02,real,real_violin,constant,repeat_low,repeat,low,pizzicato,real_counterfactual_primary,43,mf,64,64,,V1,P1,2,2,62.0,True,0.75,data/midi/full/reference/ref__repeat_low__t-pizzicato__d-mf__p-constant.mid,data/real_48k/r__repeat_low__t-pizzicato__d-mf__p-constant__v-V1__take02.wav,data/real_raw/r__repeat_low__t-pizzicato__d-mf__p-constant__v-V1__take02.wav,planned,860
r__scale_low__t-sustain__d-mf__p-constant__v-V1__take01,real,real_violin,constant,scale_low,scale,low,sustain,real_counterfactual_primary,36,mf,64,64,,V1,P1,1,1,,False,0.75,data/midi/full/reference/ref__scale_low__t-sustain__d-mf__p-constant.mid,data/real_48k/r__scale_low__t-sustain__d-mf__p-constant__v-V1__take01.wav,data/real_raw/r__scale_low__t-sustain__d-mf__p-constant__v-V1__take01.wav,planned,861
r__scale_low__t-staccato__d-mf__p-constant__v-V2__take02,real,real_violin,constant,scale_low,scale,low,staccato,real_counterfactual_primary,40,mf,64,64,,V2,P1,2,2,,False,0.75,data/midi/full/reference/ref__scale_low__t-staccato__d-mf__p-constant.mid,data/real_48k/r__scale_low__t-staccato__d-mf__p-constant__v-V2__take02.wav,data/real_raw/r__scale_low__t-staccato__d-mf__p-constant__v-V2__take02.wav,planned,862
r__scale_high__t-sustain__d-p__p-constant__v-V2__take02,real,real_violin,constant,scale_high,scale,high,sustain,real_counterfactual_primary,36,p,32,32,,V2,P1,2,2,,False,0.75,data/midi/full/reference/ref__scale_high__t-sustain__d-p__p-constant.mid,data/real_48k/r__scale_high__t-sustain__d-p__p-constant__v-V2__take02.wav,data/real_raw/r__scale_high__t-sustain__d-p__p-constant__v-V2__take02.wav,planned,863
r__repeat_low__t-legato_slur__d-p__p-constant__v-V1__take01,real,real_violin,constant,repeat_low,repeat,low,legato_slur,real_counterfactual_primary,49,p,32,32,,V1,P1,1,1,62.0,True,0.75,data/midi/full/reference/ref__repeat_low__t-legato_slur__d-p__p-constant.mid,data/real_48k/r__repeat_low__t-legato_slur__d-p__p-constant__v-V1__take01.wav,data/real_raw/r__repeat_low__t-legato_slur__d-p__p-constant__v-V1__take01.wav,planned,864
