clip_id,source,model,profile,sweep_kind,prompt_id,pattern,register,timing_variant,technique,analysis_tier,technique_keyswitch,dynamic_label,cc1_initial,cc1_final,branch_offset_s,seed,base_seed,noise_group,replicate,w_tech,w_cc,sampling_steps,reference_midi,single_pitch,note_onset_s,midi_path,audio_path,status
long_low_short-rep01__t-sustain__d-p__s-steps__w-wt10_wc10__n-120,model,VIOLET,sweep_steps,steps,long_low_short,long,low,short,sustain,real_counterfactual_primary,36,p,32,32,,1821681125536737200,20260826,long_low_short-rep01,1,1.0,1.0,120,57.0,True,0.75,data/midi/sweep/steps/n120/long_low_short-rep01__t-sustain__d-p__s-steps__w-wt10_wc10__n-120.mid,data/model_audio/sweep/long_low_short-rep01__t-sustain__d-p__s-steps__w-wt10_wc10__n-120.wav,planned
long_low_short-rep02__t-sustain__d-p__s-steps__w-wt10_wc10__n-120,model,VIOLET,sweep_steps,steps,long_low_short,long,low,short,sustain,real_counterfactual_primary,36,p,32,32,,2911600852117595179,20260826,long_low_short-rep02,2,1.0,1.0,120,57.0,True,0.75,data/midi/sweep/steps/n120/long_low_short-rep02__t-sustain__d-p__s-steps__w-wt10_wc10__n-120.mid,data/model_audio/sweep/long_low_short-rep02__t-sustain__d-p__s-steps__w-wt10_wc10__n-120.wav,planned
long_low_short-rep03__t-sustain__d-p__s-steps__w-wt10_wc10__n-120,model,VIOLET,sweep_steps,steps,long_low_short,long,low,short,sustain,real_counterfactual_primary,36,p,32,32,,1399299735963476573,20260826,long_low_short-rep03,3,1.0,1.0,120,57.0,True,0.75,data/midi/sweep/steps/n120/long_low_short-rep03__t-sustain__d-p__s-steps__w-wt10_wc10__n-120.mid,data/model_audio/sweep/long_low_short-rep03__t-sustain__d-p__s-steps__w-wt10_wc10__n-120.wav,planned
long_low_short-rep04__t-sustain__d-p__s-steps__w-wt10_wc10__n-120,model,VIOLET,sweep_steps,steps,long_low_short,long,low,short,sustain,real_counterfactual_primary,36,p,32,32,,3278601921478672932,20260826,long_low_short-rep04,4,1.0,1.0,120,57.0,True,0.75,data/midi/sweep/steps/n120/long_low_short-rep04__t-sustain__d-p__s-steps__w-wt10_wc10__n-120.mid,data/model_audio/sweep/long_low_short-rep04__t-sustain__d-p__s-steps__w-wt10_wc10__n-120.wav,planned
long_low_short-rep05__t-sustain__d-p__s-steps__w-wt10_wc10__n-120,model,VIOLET,sweep_steps,steps,long_low_short,long,low,short,sustain,real_counterfactual_primary,36,p,32,32,,3792011369038416571,20260826,long_low_short-rep05,5,1.0,1.0,120,57.0,True,0.75,data/midi/sweep/steps/n120/long_low_short-rep05__t-sustain__d-p__s-steps__w-wt10_wc10__n-120.mid,data/model_audio/sweep/long_low_short-rep05__t-sustain__d-p__s-steps__w-wt10_wc10__n-120.wav,planned
long_low_short-rep06__t-sustain__d-p__s-steps__w-wt10_wc10__n-120,model,VIOLET,sweep_steps,steps,long_low_short,long,low,short,sustain,real_counterfactual_primary,36,p,32,32,,8000593431006145158,20260826,long_low_short-rep06,6,1.0,1.0,120,57.0,True,0.75,data/midi/sweep/steps/n120/long_low_short-rep06__t-sustain__d-p__s-steps__w-wt10_wc10__n-120.mid,data/model_audio/sweep/long_low_short-rep06__t-sustain__d-p__s-steps__w-wt10_wc10__n-120.wav,planned
long_low_short-rep07__t-sustain__d-p__s-steps__w-wt10_wc10__n-120,model,VIOLET,sweep_steps,steps,long_low_short,long,low,short,sustain,real_counterfactual_primary,36,p,32,32,,3027752896819503932,20260826,long_low_short-rep07,7,1.0,1.0,120,57.0,True,0.75,data/midi/sweep/steps/n120/long_low_short-rep07__t-sustain__d-p__s-steps__w-wt10_wc10__n-120.mid,data/model_audio/sweep/long_low_short-rep07__t-sustain__d-p__s-steps__w-wt10_wc10__n-120.wav,planned
long_low_short-rep08__t-sustain__d-p__s-steps__w-wt10_wc10__n-120,model,VIOLET,sweep_steps,steps,long_low_short,long,low,short,sustain,real_counterfactual_primary,36,p,32,32,,5380287683912322282,20260826,long_low_short-rep08,8,1.0,1.0,120,57.0,True,0.75,data/midi/sweep/steps/n120/long_low_short-rep08__t-sustain__d-p__s-steps__w-wt10_wc10__n-120.mid,data/model_audio/sweep/long_low_short-rep08__t-sustain__d-p__s-steps__w-wt10_wc10__n-120.wav,planned
long_low_short-rep01__t-sustain__d-mf__s-steps__w-wt10_wc10__n-120,model,VIOLET,sweep_steps,steps,long_low_short,long,low,short,sustain,real_counterfactual_primary,36,mf,64,64,,1821681125536737200,20260826,long_low_short-rep01,1,1.0,1.0,120,57.0,True,0.75,data/midi/sweep/steps/n120/long_low_short-rep01__t-sustain__d-mf__s-steps__w-wt10_wc10__n-120.mid,data/model_audio/sweep/long_low_short-rep01__t-sustain__d-mf__s-steps__w-wt10_wc10__n-120.wav,planned
long_low_short-rep02__t-sustain__d-mf__s-steps__w-wt10_wc10__n-120,model,VIOLET,sweep_steps,steps,long_low_short,long,low,short,sustain,real_counterfactual_primary,36,mf,64,64,,2911600852117595179,20260826,long_low_short-rep02,2,1.0,1.0,120,57.0,True,0.75,data/midi/sweep/steps/n120/long_low_short-rep02__t-sustain__d-mf__s-steps__w-wt10_wc10__n-120.mid,data/model_audio/sweep/long_low_short-rep02__t-sustain__d-mf__s-steps__w-wt10_wc10__n-120.wav,planned
long_low_short-rep03__t-sustain__d-mf__s-steps__w-wt10_wc10__n-120,model,VIOLET,sweep_steps,steps,long_low_short,long,low,short,sustain,real_counterfactual_primary,36,mf,64,64,,1399299735963476573,20260826,long_low_short-rep03,3,1.0,1.0,120,57.0,True,0.75,data/midi/sweep/steps/n120/long_low_short-rep03__t-sustain__d-mf__s-steps__w-wt10_wc10__n-120.mid,data/model_audio/sweep/long_low_short-rep03__t-sustain__d-mf__s-steps__w-wt10_wc10__n-120.wav,planned
long_low_short-rep04__t-sustain__d-mf__s-steps__w-wt10_wc10__n-120,model,VIOLET,sweep_steps,steps,long_low_short,long,low,short,sustain,real_counterfactual_primary,36,mf,64,64,,3278601921478672932,20260826,long_low_short-rep04,4,1.0,1.0,120,57.0,True,0.75,data/midi/sweep/steps/n120/long_low_short-rep04__t-sustain__d-mf__s-steps__w-wt10_wc10__n-120.mid,data/model_audio/sweep/long_low_short-rep04__t-sustain__d-mf__s-steps__w-wt10_wc10__n-120.wav,planned
long_low_short-rep05__t-sustain__d-mf__s-steps__w-wt10_wc10__n-120,model,VIOLET,sweep_steps,steps,long_low_short,long,low,short,sustain,real_counterfactual_primary,36,mf,64,64,,3792011369038416571,20260826,long_low_short-rep05,5,1.0,1.0,120,57.0,True,0.75,data/midi/sweep/steps/n120/long_low_short-rep05__t-sustain__d-mf__s-steps__w-wt10_wc10__n-120.mid,data/model_audio/sweep/long_low_short-rep05__t-sustain__d-mf__s-steps__w-wt10_wc10__n-120.wav,planned
long_low_short-rep06__t-sustain__d-mf__s-steps__w-wt10_wc10__n-120,model,VIOLET,sweep_steps,steps,long_low_short,long,low,short,sustain,real_counterfactual_primary,36,mf,64,64,,8000593431006145158,20260826,long_low_short-rep06,6,1.0,1.0,120,57.0,True,0.75,data/midi/sweep/steps/n120/long_low_short-rep06__t-sustain__d-mf__s-steps__w-wt10_wc10__n-120.mid,data/model_audio/sweep/long_low_short-rep06__t-sustain__d-mf__s-steps__w-wt10_wc10__n-120.wav,planned
long_low_short-rep07__t-sustain__d-mf__s-steps__w-wt10_wc10__n-120,model,VIOLET,sweep_steps,steps,long_low_short,long,low,short,sustain,real_counterfactual_primary,36,mf,64,64,,3027752896819503932,20260826,long_low_short-rep07,7,1.0,1.0,120,57.0,True,0.75,data/midi/sweep/steps/n120/long_low_short-rep07__t-sustain__d-mf__s-steps__w-wt10_wc10__n-120.mid,data/model_audio/sweep/long_low_short-rep07__t-sustain__d-mf__s-steps__w-wt10_wc10__n-120.wav,planned
long_low_short-rep08__t-sustain__d-mf__s-steps__w-wt10_wc10__n-120,model,VIOLET,sweep_steps,steps,long_low_short,long,low,short,sustain,real_counterfactual_primary,36,mf,64,64,,5380287683912322282,20260826,long_low_short-rep08,8,1.0,1.0,120,57.0,True,0.75,data/midi/sweep/steps/n120/long_low_short-rep08__t-sustain__d-mf__s-steps__w-wt10_wc10__n-120.mid,data/model_audio/sweep/long_low_short-rep08__t-sustain__d-mf__s-steps__w-wt10_wc10__n-120.wav,planned
long_low_short-rep01__t-sustain__d-f__s-steps__w-wt10_wc10__n-120,model,VIOLET,sweep_steps,steps,long_low_short,long,low,short,sustain,real_counterfactual_primary,36,f,96,96,,1821681125536737200,20260826,long_low_short-rep01,1,1.0,1.0,120,57.0,True,0.75,data/midi/sweep/steps/n120/long_low_short-rep01__t-sustain__d-f__s-steps__w-wt10_wc10__n-120.mid,data/model_audio/sweep/long_low_short-rep01__t-sustain__d-f__s-steps__w-wt10_wc10__n-120.wav,planned
long_low_short-rep02__t-sustain__d-f__s-steps__w-wt10_wc10__n-120,model,VIOLET,sweep_steps,steps,long_low_short,long,low,short,sustain,real_counterfactual_primary,36,f,96,96,,2911600852117595179,20260826,long_low_short-rep02,2,1.0,1.0,120,57.0,True,0.75,data/midi/sweep/steps/n120/long_low_short-rep02__t-sustain__d-f__s-steps__w-wt10_wc10__n-120.mid,data/model_audio/sweep/long_low_short-rep02__t-sustain__d-f__s-steps__w-wt10_wc10__n-120.wav,planned
long_low_short-rep03__t-sustain__d-f__s-steps__w-wt10_wc10__n-120,model,VIOLET,sweep_steps,steps,long_low_short,long,low,short,sustain,real_counterfactual_primary,36,f,96,96,,1399299735963476573,20260826,long_low_short-rep03,3,1.0,1.0,120,57.0,True,0.75,data/midi/sweep/steps/n120/long_low_short-rep03__t-sustain__d-f__s-steps__w-wt10_wc10__n-120.mid,data/model_audio/sweep/long_low_short-rep03__t-sustain__d-f__s-steps__w-wt10_wc10__n-120.wav,planned
long_low_short-rep04__t-sustain__d-f__s-steps__w-wt10_wc10__n-120,model,VIOLET,sweep_steps,steps,long_low_short,long,low,short,sustain,real_counterfactual_primary,36,f,96,96,,3278601921478672932,20260826,long_low_short-rep04,4,1.0,1.0,120,57.0,True,0.75,data/midi/sweep/steps/n120/long_low_short-rep04__t-sustain__d-f__s-steps__w-wt10_wc10__n-120.mid,data/model_audio/sweep/long_low_short-rep04__t-sustain__d-f__s-steps__w-wt10_wc10__n-120.wav,planned
long_low_short-rep05__t-sustain__d-f__s-steps__w-wt10_wc10__n-120,model,VIOLET,sweep_steps,steps,long_low_short,long,low,short,sustain,real_counterfactual_primary,36,f,96,96,,3792011369038416571,20260826,long_low_short-rep05,5,1.0,1.0,120,57.0,True,0.75,data/midi/sweep/steps/n120/long_low_short-rep05__t-sustain__d-f__s-steps__w-wt10_wc10__n-120.mid,data/model_audio/sweep/long_low_short-rep05__t-sustain__d-f__s-steps__w-wt10_wc10__n-120.wav,planned
long_low_short-rep06__t-sustain__d-f__s-steps__w-wt10_wc10__n-120,model,VIOLET,sweep_steps,steps,long_low_short,long,low,short,sustain,real_counterfactual_primary,36,f,96,96,,8000593431006145158,20260826,long_low_short-rep06,6,1.0,1.0,120,57.0,True,0.75,data/midi/sweep/steps/n120/long_low_short-rep06__t-sustain__d-f__s-steps__w-wt10_wc10__n-120.mid,data/model_audio/sweep/long_low_short-rep06__t-sustain__d-f__s-steps__w-wt10_wc10__n-120.wav,planned
long_low_short-rep07__t-sustain__d-f__s-steps__w-wt10_wc10__n-120,model,VIOLET,sweep_steps,steps,long_low_short,long,low,short,sustain,real_counterfactual_primary,36,f,96,96,,3027752896819503932,20260826,long_low_short-rep07,7,1.0,1.0,120,57.0,True,0.75,data/midi/sweep/steps/n120/long_low_short-rep07__t-sustain__d-f__s-steps__w-wt10_wc10__n-120.mid,data/model_audio/sweep/long_low_short-rep07__t-sustain__d-f__s-steps__w-wt10_wc10__n-120.wav,planned
long_low_short-rep08__t-sustain__d-f__s-steps__w-wt10_wc10__n-120,model,VIOLET,sweep_steps,steps,long_low_short,long,low,short,sustain,real_counterfactual_primary,36,f,96,96,,5380287683912322282,20260826,long_low_short-rep08,8,1.0,1.0,120,57.0,True,0.75,data/midi/sweep/steps/n120/long_low_short-rep08__t-sustain__d-f__s-steps__w-wt10_wc10__n-120.mid,data/model_audio/sweep/long_low_short-rep08__t-sustain__d-f__s-steps__w-wt10_wc10__n-120.wav,planned
long_low_short-rep01__t-staccato__d-p__s-steps__w-wt10_wc10__n-120,model,VIOLET,sweep_steps,steps,long_low_short,long,low,short,staccato,real_counterfactual_primary,40,p,32,32,,1821681125536737200,20260826,long_low_short-rep01,1,1.0,1.0,120,57.0,True,0.75,data/midi/sweep/steps/n120/long_low_short-rep01__t-staccato__d-p__s-steps__w-wt10_wc10__n-120.mid,data/model_audio/sweep/long_low_short-rep01__t-staccato__d-p__s-steps__w-wt10_wc10__n-120.wav,planned
long_low_short-rep02__t-staccato__d-p__s-steps__w-wt10_wc10__n-120,model,VIOLET,sweep_steps,steps,long_low_short,long,low,short,staccato,real_counterfactual_primary,40,p,32,32,,2911600852117595179,20260826,long_low_short-rep02,2,1.0,1.0,120,57.0,True,0.75,data/midi/sweep/steps/n120/long_low_short-rep02__t-staccato__d-p__s-steps__w-wt10_wc10__n-120.mid,data/model_audio/sweep/long_low_short-rep02__t-staccato__d-p__s-steps__w-wt10_wc10__n-120.wav,planned
long_low_short-rep03__t-staccato__d-p__s-steps__w-wt10_wc10__n-120,model,VIOLET,sweep_steps,steps,long_low_short,long,low,short,staccato,real_counterfactual_primary,40,p,32,32,,1399299735963476573,20260826,long_low_short-rep03,3,1.0,1.0,120,57.0,True,0.75,data/midi/sweep/steps/n120/long_low_short-rep03__t-staccato__d-p__s-steps__w-wt10_wc10__n-120.mid,data/model_audio/sweep/long_low_short-rep03__t-staccato__d-p__s-steps__w-wt10_wc10__n-120.wav,planned
long_low_short-rep04__t-staccato__d-p__s-steps__w-wt10_wc10__n-120,model,VIOLET,sweep_steps,steps,long_low_short,long,low,short,staccato,real_counterfactual_primary,40,p,32,32,,3278601921478672932,20260826,long_low_short-rep04,4,1.0,1.0,120,57.0,True,0.75,data/midi/sweep/steps/n120/long_low_short-rep04__t-staccato__d-p__s-steps__w-wt10_wc10__n-120.mid,data/model_audio/sweep/long_low_short-rep04__t-staccato__d-p__s-steps__w-wt10_wc10__n-120.wav,planned
long_low_short-rep05__t-staccato__d-p__s-steps__w-wt10_wc10__n-120,model,VIOLET,sweep_steps,steps,long_low_short,long,low,short,staccato,real_counterfactual_primary,40,p,32,32,,3792011369038416571,20260826,long_low_short-rep05,5,1.0,1.0,120,57.0,True,0.75,data/midi/sweep/steps/n120/long_low_short-rep05__t-staccato__d-p__s-steps__w-wt10_wc10__n-120.mid,data/model_audio/sweep/long_low_short-rep05__t-staccato__d-p__s-steps__w-wt10_wc10__n-120.wav,planned
long_low_short-rep06__t-staccato__d-p__s-steps__w-wt10_wc10__n-120,model,VIOLET,sweep_steps,steps,long_low_short,long,low,short,staccato,real_counterfactual_primary,40,p,32,32,,8000593431006145158,20260826,long_low_short-rep06,6,1.0,1.0,120,57.0,True,0.75,data/midi/sweep/steps/n120/long_low_short-rep06__t-staccato__d-p__s-steps__w-wt10_wc10__n-120.mid,data/model_audio/sweep/long_low_short-rep06__t-staccato__d-p__s-steps__w-wt10_wc10__n-120.wav,planned
long_low_short-rep07__t-staccato__d-p__s-steps__w-wt10_wc10__n-120,model,VIOLET,sweep_steps,steps,long_low_short,long,low,short,staccato,real_counterfactual_primary,40,p,32,32,,3027752896819503932,20260826,long_low_short-rep07,7,1.0,1.0,120,57.0,True,0.75,data/midi/sweep/steps/n120/long_low_short-rep07__t-staccato__d-p__s-steps__w-wt10_wc10__n-120.mid,data/model_audio/sweep/long_low_short-rep07__t-staccato__d-p__s-steps__w-wt10_wc10__n-120.wav,planned
long_low_short-rep08__t-staccato__d-p__s-steps__w-wt10_wc10__n-120,model,VIOLET,sweep_steps,steps,long_low_short,long,low,short,staccato,real_counterfactual_primary,40,p,32,32,,5380287683912322282,20260826,long_low_short-rep08,8,1.0,1.0,120,57.0,True,0.75,data/midi/sweep/steps/n120/long_low_short-rep08__t-staccato__d-p__s-steps__w-wt10_wc10__n-120.mid,data/model_audio/sweep/long_low_short-rep08__t-staccato__d-p__s-steps__w-wt10_wc10__n-120.wav,planned
long_low_short-rep01__t-staccato__d-mf__s-steps__w-wt10_wc10__n-120,model,VIOLET,sweep_steps,steps,long_low_short,long,low,short,staccato,real_counterfactual_primary,40,mf,64,64,,1821681125536737200,20260826,long_low_short-rep01,1,1.0,1.0,120,57.0,True,0.75,data/midi/sweep/steps/n120/long_low_short-rep01__t-staccato__d-mf__s-steps__w-wt10_wc10__n-120.mid,data/model_audio/sweep/long_low_short-rep01__t-staccato__d-mf__s-steps__w-wt10_wc10__n-120.wav,planned
long_low_short-rep02__t-staccato__d-mf__s-steps__w-wt10_wc10__n-120,model,VIOLET,sweep_steps,steps,long_low_short,long,low,short,staccato,real_counterfactual_primary,40,mf,64,64,,2911600852117595179,20260826,long_low_short-rep02,2,1.0,1.0,120,57.0,True,0.75,data/midi/sweep/steps/n120/long_low_short-rep02__t-staccato__d-mf__s-steps__w-wt10_wc10__n-120.mid,data/model_audio/sweep/long_low_short-rep02__t-staccato__d-mf__s-steps__w-wt10_wc10__n-120.wav,planned
long_low_short-rep03__t-staccato__d-mf__s-steps__w-wt10_wc10__n-120,model,VIOLET,sweep_steps,steps,long_low_short,long,low,short,staccato,real_counterfactual_primary,40,mf,64,64,,1399299735963476573,20260826,long_low_short-rep03,3,1.0,1.0,120,57.0,True,0.75,data/midi/sweep/steps/n120/long_low_short-rep03__t-staccato__d-mf__s-steps__w-wt10_wc10__n-120.mid,data/model_audio/sweep/long_low_short-rep03__t-staccato__d-mf__s-steps__w-wt10_wc10__n-120.wav,planned
long_low_short-rep04__t-staccato__d-mf__s-steps__w-wt10_wc10__n-120,model,VIOLET,sweep_steps,steps,long_low_short,long,low,short,staccato,real_counterfactual_primary,40,mf,64,64,,3278601921478672932,20260826,long_low_short-rep04,4,1.0,1.0,120,57.0,True,0.75,data/midi/sweep/steps/n120/long_low_short-rep04__t-staccato__d-mf__s-steps__w-wt10_wc10__n-120.mid,data/model_audio/sweep/long_low_short-rep04__t-staccato__d-mf__s-steps__w-wt10_wc10__n-120.wav,planned
long_low_short-rep05__t-staccato__d-mf__s-steps__w-wt10_wc10__n-120,model,VIOLET,sweep_steps,steps,long_low_short,long,low,short,staccato,real_counterfactual_primary,40,mf,64,64,,3792011369038416571,20260826,long_low_short-rep05,5,1.0,1.0,120,57.0,True,0.75,data/midi/sweep/steps/n120/long_low_short-rep05__t-staccato__d-mf__s-steps__w-wt10_wc10__n-120.mid,data/model_audio/sweep/long_low_short-rep05__t-staccato__d-mf__s-steps__w-wt10_wc10__n-120.wav,planned
long_low_short-rep06__t-staccato__d-mf__s-steps__w-wt10_wc10__n-120,model,VIOLET,sweep_steps,steps,long_low_short,long,low,short,staccato,real_counterfactual_primary,40,mf,64,64,,8000593431006145158,20260826,long_low_short-rep06,6,1.0,1.0,120,57.0,True,0.75,data/midi/sweep/steps/n120/long_low_short-rep06__t-staccato__d-mf__s-steps__w-wt10_wc10__n-120.mid,data/model_audio/sweep/long_low_short-rep06__t-staccato__d-mf__s-steps__w-wt10_wc10__n-120.wav,planned
long_low_short-rep07__t-staccato__d-mf__s-steps__w-wt10_wc10__n-120,model,VIOLET,sweep_steps,steps,long_low_short,long,low,short,staccato,real_counterfactual_primary,40,mf,64,64,,3027752896819503932,20260826,long_low_short-rep07,7,1.0,1.0,120,57.0,True,0.75,data/midi/sweep/steps/n120/long_low_short-rep07__t-staccato__d-mf__s-steps__w-wt10_wc10__n-120.mid,data/model_audio/sweep/long_low_short-rep07__t-staccato__d-mf__s-steps__w-wt10_wc10__n-120.wav,planned
long_low_short-rep08__t-staccato__d-mf__s-steps__w-wt10_wc10__n-120,model,VIOLET,sweep_steps,steps,long_low_short,long,low,short,staccato,real_counterfactual_primary,40,mf,64,64,,5380287683912322282,20260826,long_low_short-rep08,8,1.0,1.0,120,57.0,True,0.75,data/midi/sweep/steps/n120/long_low_short-rep08__t-staccato__d-mf__s-steps__w-wt10_wc10__n-120.mid,data/model_audio/sweep/long_low_short-rep08__t-staccato__d-mf__s-steps__w-wt10_wc10__n-120.wav,planned
long_low_short-rep01__t-staccato__d-f__s-steps__w-wt10_wc10__n-120,model,VIOLET,sweep_steps,steps,long_low_short,long,low,short,staccato,real_counterfactual_primary,40,f,96,96,,1821681125536737200,20260826,long_low_short-rep01,1,1.0,1.0,120,57.0,True,0.75,data/midi/sweep/steps/n120/long_low_short-rep01__t-staccato__d-f__s-steps__w-wt10_wc10__n-120.mid,data/model_audio/sweep/long_low_short-rep01__t-staccato__d-f__s-steps__w-wt10_wc10__n-120.wav,planned
long_low_short-rep02__t-staccato__d-f__s-steps__w-wt10_wc10__n-120,model,VIOLET,sweep_steps,steps,long_low_short,long,low,short,staccato,real_counterfactual_primary,40,f,96,96,,2911600852117595179,20260826,long_low_short-rep02,2,1.0,1.0,120,57.0,True,0.75,data/midi/sweep/steps/n120/long_low_short-rep02__t-staccato__d-f__s-steps__w-wt10_wc10__n-120.mid,data/model_audio/sweep/long_low_short-rep02__t-staccato__d-f__s-steps__w-wt10_wc10__n-120.wav,planned
long_low_short-rep03__t-staccato__d-f__s-steps__w-wt10_wc10__n-120,model,VIOLET,sweep_steps,steps,long_low_short,long,low,short,staccato,real_counterfactual_primary,40,f,96,96,,1399299735963476573,20260826,long_low_short-rep03,3,1.0,1.0,120,57.0,True,0.75,data/midi/sweep/steps/n120/long_low_short-rep03__t-staccato__d-f__s-steps__w-wt10_wc10__n-120.mid,data/model_audio/sweep/long_low_short-rep03__t-staccato__d-f__s-steps__w-wt10_wc10__n-120.wav,planned
long_low_short-rep04__t-staccato__d-f__s-steps__w-wt10_wc10__n-120,model,VIOLET,sweep_steps,steps,long_low_short,long,low,short,staccato,real_counterfactual_primary,40,f,96,96,,3278601921478672932,20260826,long_low_short-rep04,4,1.0,1.0,120,57.0,True,0.75,data/midi/sweep/steps/n120/long_low_short-rep04__t-staccato__d-f__s-steps__w-wt10_wc10__n-120.mid,data/model_audio/sweep/long_low_short-rep04__t-staccato__d-f__s-steps__w-wt10_wc10__n-120.wav,planned
long_low_short-rep05__t-staccato__d-f__s-steps__w-wt10_wc10__n-120,model,VIOLET,sweep_steps,steps,long_low_short,long,low,short,staccato,real_counterfactual_primary,40,f,96,96,,3792011369038416571,20260826,long_low_short-rep05,5,1.0,1.0,120,57.0,True,0.75,data/midi/sweep/steps/n120/long_low_short-rep05__t-staccato__d-f__s-steps__w-wt10_wc10__n-120.mid,data/model_audio/sweep/long_low_short-rep05__t-staccato__d-f__s-steps__w-wt10_wc10__n-120.wav,planned
long_low_short-rep06__t-staccato__d-f__s-steps__w-wt10_wc10__n-120,model,VIOLET,sweep_steps,steps,long_low_short,long,low,short,staccato,real_counterfactual_primary,40,f,96,96,,8000593431006145158,20260826,long_low_short-rep06,6,1.0,1.0,120,57.0,True,0.75,data/midi/sweep/steps/n120/long_low_short-rep06__t-staccato__d-f__s-steps__w-wt10_wc10__n-120.mid,data/model_audio/sweep/long_low_short-rep06__t-staccato__d-f__s-steps__w-wt10_wc10__n-120.wav,planned
long_low_short-rep07__t-staccato__d-f__s-steps__w-wt10_wc10__n-120,model,VIOLET,sweep_steps,steps,long_low_short,long,low,short,staccato,real_counterfactual_primary,40,f,96,96,,3027752896819503932,20260826,long_low_short-rep07,7,1.0,1.0,120,57.0,True,0.75,data/midi/sweep/steps/n120/long_low_short-rep07__t-staccato__d-f__s-steps__w-wt10_wc10__n-120.mid,data/model_audio/sweep/long_low_short-rep07__t-staccato__d-f__s-steps__w-wt10_wc10__n-120.wav,planned
long_low_short-rep08__t-staccato__d-f__s-steps__w-wt10_wc10__n-120,model,VIOLET,sweep_steps,steps,long_low_short,long,low,short,staccato,real_counterfactual_primary,40,f,96,96,,5380287683912322282,20260826,long_low_short-rep08,8,1.0,1.0,120,57.0,True,0.75,data/midi/sweep/steps/n120/long_low_short-rep08__t-staccato__d-f__s-steps__w-wt10_wc10__n-120.mid,data/model_audio/sweep/long_low_short-rep08__t-staccato__d-f__s-steps__w-wt10_wc10__n-120.wav,planned
long_low_short-rep01__t-pizzicato__d-p__s-steps__w-wt10_wc10__n-120,model,VIOLET,sweep_steps,steps,long_low_short,long,low,short,pizzicato,real_counterfactual_primary,43,p,32,32,,1821681125536737200,20260826,long_low_short-rep01,1,1.0,1.0,120,57.0,True,0.75,data/midi/sweep/steps/n120/long_low_short-rep01__t-pizzicato__d-p__s-steps__w-wt10_wc10__n-120.mid,data/model_audio/sweep/long_low_short-rep01__t-pizzicato__d-p__s-steps__w-wt10_wc10__n-120.wav,planned
long_low_short-rep02__t-pizzicato__d-p__s-steps__w-wt10_wc10__n-120,model,VIOLET,sweep_steps,steps,long_low_short,long,low,short,pizzicato,real_counterfactual_primary,43,p,32,32,,2911600852117595179,20260826,long_low_short-rep02,2,1.0,1.0,120,57.0,True,0.75,data/midi/sweep/steps/n120/long_low_short-rep02__t-pizzicato__d-p__s-steps__w-wt10_wc10__n-120.mid,data/model_audio/sweep/long_low_short-rep02__t-pizzicato__d-p__s-steps__w-wt10_wc10__n-120.wav,planned
long_low_short-rep03__t-pizzicato__d-p__s-steps__w-wt10_wc10__n-120,model,VIOLET,sweep_steps,steps,long_low_short,long,low,short,pizzicato,real_counterfactual_primary,43,p,32,32,,1399299735963476573,20260826,long_low_short-rep03,3,1.0,1.0,120,57.0,True,0.75,data/midi/sweep/steps/n120/long_low_short-rep03__t-pizzicato__d-p__s-steps__w-wt10_wc10__n-120.mid,data/model_audio/sweep/long_low_short-rep03__t-pizzicato__d-p__s-steps__w-wt10_wc10__n-120.wav,planned
long_low_short-rep04__t-pizzicato__d-p__s-steps__w-wt10_wc10__n-120,model,VIOLET,sweep_steps,steps,long_low_short,long,low,short,pizzicato,real_counterfactual_primary,43,p,32,32,,3278601921478672932,20260826,long_low_short-rep04,4,1.0,1.0,120,57.0,True,0.75,data/midi/sweep/steps/n120/long_low_short-rep04__t-pizzicato__d-p__s-steps__w-wt10_wc10__n-120.mid,data/model_audio/sweep/long_low_short-rep04__t-pizzicato__d-p__s-steps__w-wt10_wc10__n-120.wav,planned
long_low_short-rep05__t-pizzicato__d-p__s-steps__w-wt10_wc10__n-120,model,VIOLET,sweep_steps,steps,long_low_short,long,low,short,pizzicato,real_counterfactual_primary,43,p,32,32,,3792011369038416571,20260826,long_low_short-rep05,5,1.0,1.0,120,57.0,True,0.75,data/midi/sweep/steps/n120/long_low_short-rep05__t-pizzicato__d-p__s-steps__w-wt10_wc10__n-120.mid,data/model_audio/sweep/long_low_short-rep05__t-pizzicato__d-p__s-steps__w-wt10_wc10__n-120.wav,planned
long_low_short-rep06__t-pizzicato__d-p__s-steps__w-wt10_wc10__n-120,model,VIOLET,sweep_steps,steps,long_low_short,long,low,short,pizzicato,real_counterfactual_primary,43,p,32,32,,8000593431006145158,20260826,long_low_short-rep06,6,1.0,1.0,120,57.0,True,0.75,data/midi/sweep/steps/n120/long_low_short-rep06__t-pizzicato__d-p__s-steps__w-wt10_wc10__n-120.mid,data/model_audio/sweep/long_low_short-rep06__t-pizzicato__d-p__s-steps__w-wt10_wc10__n-120.wav,planned
long_low_short-rep07__t-pizzicato__d-p__s-steps__w-wt10_wc10__n-120,model,VIOLET,sweep_steps,steps,long_low_short,long,low,short,pizzicato,real_counterfactual_primary,43,p,32,32,,3027752896819503932,20260826,long_low_short-rep07,7,1.0,1.0,120,57.0,True,0.75,data/midi/sweep/steps/n120/long_low_short-rep07__t-pizzicato__d-p__s-steps__w-wt10_wc10__n-120.mid,data/model_audio/sweep/long_low_short-rep07__t-pizzicato__d-p__s-steps__w-wt10_wc10__n-120.wav,planned
long_low_short-rep08__t-pizzicato__d-p__s-steps__w-wt10_wc10__n-120,model,VIOLET,sweep_steps,steps,long_low_short,long,low,short,pizzicato,real_counterfactual_primary,43,p,32,32,,5380287683912322282,20260826,long_low_short-rep08,8,1.0,1.0,120,57.0,True,0.75,data/midi/sweep/steps/n120/long_low_short-rep08__t-pizzicato__d-p__s-steps__w-wt10_wc10__n-120.mid,data/model_audio/sweep/long_low_short-rep08__t-pizzicato__d-p__s-steps__w-wt10_wc10__n-120.wav,planned
long_low_short-rep01__t-pizzicato__d-mf__s-steps__w-wt10_wc10__n-120,model,VIOLET,sweep_steps,steps,long_low_short,long,low,short,pizzicato,real_counterfactual_primary,43,mf,64,64,,1821681125536737200,20260826,long_low_short-rep01,1,1.0,1.0,120,57.0,True,0.75,data/midi/sweep/steps/n120/long_low_short-rep01__t-pizzicato__d-mf__s-steps__w-wt10_wc10__n-120.mid,data/model_audio/sweep/long_low_short-rep01__t-pizzicato__d-mf__s-steps__w-wt10_wc10__n-120.wav,planned
long_low_short-rep02__t-pizzicato__d-mf__s-steps__w-wt10_wc10__n-120,model,VIOLET,sweep_steps,steps,long_low_short,long,low,short,pizzicato,real_counterfactual_primary,43,mf,64,64,,2911600852117595179,20260826,long_low_short-rep02,2,1.0,1.0,120,57.0,True,0.75,data/midi/sweep/steps/n120/long_low_short-rep02__t-pizzicato__d-mf__s-steps__w-wt10_wc10__n-120.mid,data/model_audio/sweep/long_low_short-rep02__t-pizzicato__d-mf__s-steps__w-wt10_wc10__n-120.wav,planned
long_low_short-rep03__t-pizzicato__d-mf__s-steps__w-wt10_wc10__n-120,model,VIOLET,sweep_steps,steps,long_low_short,long,low,short,pizzicato,real_counterfactual_primary,43,mf,64,64,,1399299735963476573,20260826,long_low_short-rep03,3,1.0,1.0,120,57.0,True,0.75,data/midi/sweep/steps/n120/long_low_short-rep03__t-pizzicato__d-mf__s-steps__w-wt10_wc10__n-120.mid,data/model_audio/sweep/long_low_short-rep03__t-pizzicato__d-mf__s-steps__w-wt10_wc10__n-120.wav,planned
long_low_short-rep04__t-pizzicato__d-mf__s-steps__w-wt10_wc10__n-120,model,VIOLET,sweep_steps,steps,long_low_short,long,low,short,pizzicato,real_counterfactual_primary,43,mf,64,64,,3278601921478672932,20260826,long_low_short-rep04,4,1.0,1.0,120,57.0,True,0.75,data/midi/sweep/steps/n120/long_low_short-rep04__t-pizzicato__d-mf__s-steps__w-wt10_wc10__n-120.mid,data/model_audio/sweep/long_low_short-rep04__t-pizzicato__d-mf__s-steps__w-wt10_wc10__n-120.wav,planned
long_low_short-rep05__t-pizzicato__d-mf__s-steps__w-wt10_wc10__n-120,model,VIOLET,sweep_steps,steps,long_low_short,long,low,short,pizzicato,real_counterfactual_primary,43,mf,64,64,,3792011369038416571,20260826,long_low_short-rep05,5,1.0,1.0,120,57.0,True,0.75,data/midi/sweep/steps/n120/long_low_short-rep05__t-pizzicato__d-mf__s-steps__w-wt10_wc10__n-120.mid,data/model_audio/sweep/long_low_short-rep05__t-pizzicato__d-mf__s-steps__w-wt10_wc10__n-120.wav,planned
long_low_short-rep06__t-pizzicato__d-mf__s-steps__w-wt10_wc10__n-120,model,VIOLET,sweep_steps,steps,long_low_short,long,low,short,pizzicato,real_counterfactual_primary,43,mf,64,64,,8000593431006145158,20260826,long_low_short-rep06,6,1.0,1.0,120,57.0,True,0.75,data/midi/sweep/steps/n120/long_low_short-rep06__t-pizzicato__d-mf__s-steps__w-wt10_wc10__n-120.mid,data/model_audio/sweep/long_low_short-rep06__t-pizzicato__d-mf__s-steps__w-wt10_wc10__n-120.wav,planned
long_low_short-rep07__t-pizzicato__d-mf__s-steps__w-wt10_wc10__n-120,model,VIOLET,sweep_steps,steps,long_low_short,long,low,short,pizzicato,real_counterfactual_primary,43,mf,64,64,,3027752896819503932,20260826,long_low_short-rep07,7,1.0,1.0,120,57.0,True,0.75,data/midi/sweep/steps/n120/long_low_short-rep07__t-pizzicato__d-mf__s-steps__w-wt10_wc10__n-120.mid,data/model_audio/sweep/long_low_short-rep07__t-pizzicato__d-mf__s-steps__w-wt10_wc10__n-120.wav,planned
long_low_short-rep08__t-pizzicato__d-mf__s-steps__w-wt10_wc10__n-120,model,VIOLET,sweep_steps,steps,long_low_short,long,low,short,pizzicato,real_counterfactual_primary,43,mf,64,64,,5380287683912322282,20260826,long_low_short-rep08,8,1.0,1.0,120,57.0,True,0.75,data/midi/sweep/steps/n120/long_low_short-rep08__t-pizzicato__d-mf__s-steps__w-wt10_wc10__n-120.mid,data/model_audio/sweep/long_low_short-rep08__t-pizzicato__d-mf__s-steps__w-wt10_wc10__n-120.wav,planned
long_low_short-rep01__t-pizzicato__d-f__s-steps__w-wt10_wc10__n-120,model,VIOLET,sweep_steps,steps,long_low_short,long,low,short,pizzicato,real_counterfactual_primary,43,f,96,96,,1821681125536737200,20260826,long_low_short-rep01,1,1.0,1.0,120,57.0,True,0.75,data/midi/sweep/steps/n120/long_low_short-rep01__t-pizzicato__d-f__s-steps__w-wt10_wc10__n-120.mid,data/model_audio/sweep/long_low_short-rep01__t-pizzicato__d-f__s-steps__w-wt10_wc10__n-120.wav,planned
long_low_short-rep02__t-pizzicato__d-f__s-steps__w-wt10_wc10__n-120,model,VIOLET,sweep_steps,steps,long_low_short,long,low,short,pizzicato,real_counterfactual_primary,43,f,96,96,,2911600852117595179,20260826,long_low_short-rep02,2,1.0,1.0,120,57.0,True,0.75,data/midi/sweep/steps/n120/long_low_short-rep02__t-pizzicato__d-f__s-steps__w-wt10_wc10__n-120.mid,data/model_audio/sweep/long_low_short-rep02__t-pizzicato__d-f__s-steps__w-wt10_wc10__n-120.wav,planned
long_low_short-rep03__t-pizzicato__d-f__s-steps__w-wt10_wc10__n-120,model,VIOLET,sweep_steps,steps,long_low_short,long,low,short,pizzicato,real_counterfactual_primary,43,f,96,96,,1399299735963476573,20260826,long_low_short-rep03,3,1.0,1.0,120,57.0,True,0.75,data/midi/sweep/steps/n120/long_low_short-rep03__t-pizzicato__d-f__s-steps__w-wt10_wc10__n-120.mid,data/model_audio/sweep/long_low_short-rep03__t-pizzicato__d-f__s-steps__w-wt10_wc10__n-120.wav,planned
long_low_short-rep04__t-pizzicato__d-f__s-steps__w-wt10_wc10__n-120,model,VIOLET,sweep_steps,steps,long_low_short,long,low,short,pizzicato,real_counterfactual_primary,43,f,96,96,,3278601921478672932,20260826,long_low_short-rep04,4,1.0,1.0,120,57.0,True,0.75,data/midi/sweep/steps/n120/long_low_short-rep04__t-pizzicato__d-f__s-steps__w-wt10_wc10__n-120.mid,data/model_audio/sweep/long_low_short-rep04__t-pizzicato__d-f__s-steps__w-wt10_wc10__n-120.wav,planned
long_low_short-rep05__t-pizzicato__d-f__s-steps__w-wt10_wc10__n-120,model,VIOLET,sweep_steps,steps,long_low_short,long,low,short,pizzicato,real_counterfactual_primary,43,f,96,96,,3792011369038416571,20260826,long_low_short-rep05,5,1.0,1.0,120,57.0,True,0.75,data/midi/sweep/steps/n120/long_low_short-rep05__t-pizzicato__d-f__s-steps__w-wt10_wc10__n-120.mid,data/model_audio/sweep/long_low_short-rep05__t-pizzicato__d-f__s-steps__w-wt10_wc10__n-120.wav,planned
long_low_short-rep06__t-pizzicato__d-f__s-steps__w-wt10_wc10__n-120,model,VIOLET,sweep_steps,steps,long_low_short,long,low,short,pizzicato,real_counterfactual_primary,43,f,96,96,,8000593431006145158,20260826,long_low_short-rep06,6,1.0,1.0,120,57.0,True,0.75,data/midi/sweep/steps/n120/long_low_short-rep06__t-pizzicato__d-f__s-steps__w-wt10_wc10__n-120.mid,data/model_audio/sweep/long_low_short-rep06__t-pizzicato__d-f__s-steps__w-wt10_wc10__n-120.wav,planned
long_low_short-rep07__t-pizzicato__d-f__s-steps__w-wt10_wc10__n-120,model,VIOLET,sweep_steps,steps,long_low_short,long,low,short,pizzicato,real_counterfactual_primary,43,f,96,96,,3027752896819503932,20260826,long_low_short-rep07,7,1.0,1.0,120,57.0,True,0.75,data/midi/sweep/steps/n120/long_low_short-rep07__t-pizzicato__d-f__s-steps__w-wt10_wc10__n-120.mid,data/model_audio/sweep/long_low_short-rep07__t-pizzicato__d-f__s-steps__w-wt10_wc10__n-120.wav,planned
long_low_short-rep08__t-pizzicato__d-f__s-steps__w-wt10_wc10__n-120,model,VIOLET,sweep_steps,steps,long_low_short,long,low,short,pizzicato,real_counterfactual_primary,43,f,96,96,,5380287683912322282,20260826,long_low_short-rep08,8,1.0,1.0,120,57.0,True,0.75,data/midi/sweep/steps/n120/long_low_short-rep08__t-pizzicato__d-f__s-steps__w-wt10_wc10__n-120.mid,data/model_audio/sweep/long_low_short-rep08__t-pizzicato__d-f__s-steps__w-wt10_wc10__n-120.wav,planned
long_low_short-rep01__t-legato_slur__d-p__s-steps__w-wt10_wc10__n-120,model,VIOLET,sweep_steps,steps,long_low_short,long,low,short,legato_slur,real_counterfactual_primary,49,p,32,32,,1821681125536737200,20260826,long_low_short-rep01,1,1.0,1.0,120,57.0,True,0.75,data/midi/sweep/steps/n120/long_low_short-rep01__t-legato_slur__d-p__s-steps__w-wt10_wc10__n-120.mid,data/model_audio/sweep/long_low_short-rep01__t-legato_slur__d-p__s-steps__w-wt10_wc10__n-120.wav,planned
long_low_short-rep02__t-legato_slur__d-p__s-steps__w-wt10_wc10__n-120,model,VIOLET,sweep_steps,steps,long_low_short,long,low,short,legato_slur,real_counterfactual_primary,49,p,32,32,,2911600852117595179,20260826,long_low_short-rep02,2,1.0,1.0,120,57.0,True,0.75,data/midi/sweep/steps/n120/long_low_short-rep02__t-legato_slur__d-p__s-steps__w-wt10_wc10__n-120.mid,data/model_audio/sweep/long_low_short-rep02__t-legato_slur__d-p__s-steps__w-wt10_wc10__n-120.wav,planned
long_low_short-rep03__t-legato_slur__d-p__s-steps__w-wt10_wc10__n-120,model,VIOLET,sweep_steps,steps,long_low_short,long,low,short,legato_slur,real_counterfactual_primary,49,p,32,32,,1399299735963476573,20260826,long_low_short-rep03,3,1.0,1.0,120,57.0,True,0.75,data/midi/sweep/steps/n120/long_low_short-rep03__t-legato_slur__d-p__s-steps__w-wt10_wc10__n-120.mid,data/model_audio/sweep/long_low_short-rep03__t-legato_slur__d-p__s-steps__w-wt10_wc10__n-120.wav,planned
long_low_short-rep04__t-legato_slur__d-p__s-steps__w-wt10_wc10__n-120,model,VIOLET,sweep_steps,steps,long_low_short,long,low,short,legato_slur,real_counterfactual_primary,49,p,32,32,,3278601921478672932,20260826,long_low_short-rep04,4,1.0,1.0,120,57.0,True,0.75,data/midi/sweep/steps/n120/long_low_short-rep04__t-legato_slur__d-p__s-steps__w-wt10_wc10__n-120.mid,data/model_audio/sweep/long_low_short-rep04__t-legato_slur__d-p__s-steps__w-wt10_wc10__n-120.wav,planned
long_low_short-rep05__t-legato_slur__d-p__s-steps__w-wt10_wc10__n-120,model,VIOLET,sweep_steps,steps,long_low_short,long,low,short,legato_slur,real_counterfactual_primary,49,p,32,32,,3792011369038416571,20260826,long_low_short-rep05,5,1.0,1.0,120,57.0,True,0.75,data/midi/sweep/steps/n120/long_low_short-rep05__t-legato_slur__d-p__s-steps__w-wt10_wc10__n-120.mid,data/model_audio/sweep/long_low_short-rep05__t-legato_slur__d-p__s-steps__w-wt10_wc10__n-120.wav,planned
long_low_short-rep06__t-legato_slur__d-p__s-steps__w-wt10_wc10__n-120,model,VIOLET,sweep_steps,steps,long_low_short,long,low,short,legato_slur,real_counterfactual_primary,49,p,32,32,,8000593431006145158,20260826,long_low_short-rep06,6,1.0,1.0,120,57.0,True,0.75,data/midi/sweep/steps/n120/long_low_short-rep06__t-legato_slur__d-p__s-steps__w-wt10_wc10__n-120.mid,data/model_audio/sweep/long_low_short-rep06__t-legato_slur__d-p__s-steps__w-wt10_wc10__n-120.wav,planned
long_low_short-rep07__t-legato_slur__d-p__s-steps__w-wt10_wc10__n-120,model,VIOLET,sweep_steps,steps,long_low_short,long,low,short,legato_slur,real_counterfactual_primary,49,p,32,32,,3027752896819503932,20260826,long_low_short-rep07,7,1.0,1.0,120,57.0,True,0.75,data/midi/sweep/steps/n120/long_low_short-rep07__t-legato_slur__d-p__s-steps__w-wt10_wc10__n-120.mid,data/model_audio/sweep/long_low_short-rep07__t-legato_slur__d-p__s-steps__w-wt10_wc10__n-120.wav,planned
long_low_short-rep08__t-legato_slur__d-p__s-steps__w-wt10_wc10__n-120,model,VIOLET,sweep_steps,steps,long_low_short,long,low,short,legato_slur,real_counterfactual_primary,49,p,32,32,,5380287683912322282,20260826,long_low_short-rep08,8,1.0,1.0,120,57.0,True,0.75,data/midi/sweep/steps/n120/long_low_short-rep08__t-legato_slur__d-p__s-steps__w-wt10_wc10__n-120.mid,data/model_audio/sweep/long_low_short-rep08__t-legato_slur__d-p__s-steps__w-wt10_wc10__n-120.wav,planned
long_low_short-rep01__t-legato_slur__d-mf__s-steps__w-wt10_wc10__n-120,model,VIOLET,sweep_steps,steps,long_low_short,long,low,short,legato_slur,real_counterfactual_primary,49,mf,64,64,,1821681125536737200,20260826,long_low_short-rep01,1,1.0,1.0,120,57.0,True,0.75,data/midi/sweep/steps/n120/long_low_short-rep01__t-legato_slur__d-mf__s-steps__w-wt10_wc10__n-120.mid,data/model_audio/sweep/long_low_short-rep01__t-legato_slur__d-mf__s-steps__w-wt10_wc10__n-120.wav,planned
long_low_short-rep02__t-legato_slur__d-mf__s-steps__w-wt10_wc10__n-120,model,VIOLET,sweep_steps,steps,long_low_short,long,low,short,legato_slur,real_counterfactual_primary,49,mf,64,64,,2911600852117595179,20260826,long_low_short-rep02,2,1.0,1.0,120,57.0,True,0.75,data/midi/sweep/steps/n120/long_low_short-rep02__t-legato_slur__d-mf__s-steps__w-wt10_wc10__n-120.mid,data/model_audio/sweep/long_low_short-rep02__t-legato_slur__d-mf__s-steps__w-wt10_wc10__n-120.wav,planned
long_low_short-rep03__t-legato_slur__d-mf__s-steps__w-wt10_wc10__n-120,model,VIOLET,sweep_steps,steps,long_low_short,long,low,short,legato_slur,real_counterfactual_primary,49,mf,64,64,,1399299735963476573,20260826,long_low_short-rep03,3,1.0,1.0,120,57.0,True,0.75,data/midi/sweep/steps/n120/long_low_short-rep03__t-legato_slur__d-mf__s-steps__w-wt10_wc10__n-120.mid,data/model_audio/sweep/long_low_short-rep03__t-legato_slur__d-mf__s-steps__w-wt10_wc10__n-120.wav,planned
long_low_short-rep04__t-legato_slur__d-mf__s-steps__w-wt10_wc10__n-120,model,VIOLET,sweep_steps,steps,long_low_short,long,low,short,legato_slur,real_counterfactual_primary,49,mf,64,64,,3278601921478672932,20260826,long_low_short-rep04,4,1.0,1.0,120,57.0,True,0.75,data/midi/sweep/steps/n120/long_low_short-rep04__t-legato_slur__d-mf__s-steps__w-wt10_wc10__n-120.mid,data/model_audio/sweep/long_low_short-rep04__t-legato_slur__d-mf__s-steps__w-wt10_wc10__n-120.wav,planned
long_low_short-rep05__t-legato_slur__d-mf__s-steps__w-wt10_wc10__n-120,model,VIOLET,sweep_steps,steps,long_low_short,long,low,short,legato_slur,real_counterfactual_primary,49,mf,64,64,,3792011369038416571,20260826,long_low_short-rep05,5,1.0,1.0,120,57.0,True,0.75,data/midi/sweep/steps/n120/long_low_short-rep05__t-legato_slur__d-mf__s-steps__w-wt10_wc10__n-120.mid,data/model_audio/sweep/long_low_short-rep05__t-legato_slur__d-mf__s-steps__w-wt10_wc10__n-120.wav,planned
long_low_short-rep06__t-legato_slur__d-mf__s-steps__w-wt10_wc10__n-120,model,VIOLET,sweep_steps,steps,long_low_short,long,low,short,legato_slur,real_counterfactual_primary,49,mf,64,64,,8000593431006145158,20260826,long_low_short-rep06,6,1.0,1.0,120,57.0,True,0.75,data/midi/sweep/steps/n120/long_low_short-rep06__t-legato_slur__d-mf__s-steps__w-wt10_wc10__n-120.mid,data/model_audio/sweep/long_low_short-rep06__t-legato_slur__d-mf__s-steps__w-wt10_wc10__n-120.wav,planned
long_low_short-rep07__t-legato_slur__d-mf__s-steps__w-wt10_wc10__n-120,model,VIOLET,sweep_steps,steps,long_low_short,long,low,short,legato_slur,real_counterfactual_primary,49,mf,64,64,,3027752896819503932,20260826,long_low_short-rep07,7,1.0,1.0,120,57.0,True,0.75,data/midi/sweep/steps/n120/long_low_short-rep07__t-legato_slur__d-mf__s-steps__w-wt10_wc10__n-120.mid,data/model_audio/sweep/long_low_short-rep07__t-legato_slur__d-mf__s-steps__w-wt10_wc10__n-120.wav,planned
long_low_short-rep08__t-legato_slur__d-mf__s-steps__w-wt10_wc10__n-120,model,VIOLET,sweep_steps,steps,long_low_short,long,low,short,legato_slur,real_counterfactual_primary,49,mf,64,64,,5380287683912322282,20260826,long_low_short-rep08,8,1.0,1.0,120,57.0,True,0.75,data/midi/sweep/steps/n120/long_low_short-rep08__t-legato_slur__d-mf__s-steps__w-wt10_wc10__n-120.mid,data/model_audio/sweep/long_low_short-rep08__t-legato_slur__d-mf__s-steps__w-wt10_wc10__n-120.wav,planned
long_low_short-rep01__t-legato_slur__d-f__s-steps__w-wt10_wc10__n-120,model,VIOLET,sweep_steps,steps,long_low_short,long,low,short,legato_slur,real_counterfactual_primary,49,f,96,96,,1821681125536737200,20260826,long_low_short-rep01,1,1.0,1.0,120,57.0,True,0.75,data/midi/sweep/steps/n120/long_low_short-rep01__t-legato_slur__d-f__s-steps__w-wt10_wc10__n-120.mid,data/model_audio/sweep/long_low_short-rep01__t-legato_slur__d-f__s-steps__w-wt10_wc10__n-120.wav,planned
long_low_short-rep02__t-legato_slur__d-f__s-steps__w-wt10_wc10__n-120,model,VIOLET,sweep_steps,steps,long_low_short,long,low,short,legato_slur,real_counterfactual_primary,49,f,96,96,,2911600852117595179,20260826,long_low_short-rep02,2,1.0,1.0,120,57.0,True,0.75,data/midi/sweep/steps/n120/long_low_short-rep02__t-legato_slur__d-f__s-steps__w-wt10_wc10__n-120.mid,data/model_audio/sweep/long_low_short-rep02__t-legato_slur__d-f__s-steps__w-wt10_wc10__n-120.wav,planned
long_low_short-rep03__t-legato_slur__d-f__s-steps__w-wt10_wc10__n-120,model,VIOLET,sweep_steps,steps,long_low_short,long,low,short,legato_slur,real_counterfactual_primary,49,f,96,96,,1399299735963476573,20260826,long_low_short-rep03,3,1.0,1.0,120,57.0,True,0.75,data/midi/sweep/steps/n120/long_low_short-rep03__t-legato_slur__d-f__s-steps__w-wt10_wc10__n-120.mid,data/model_audio/sweep/long_low_short-rep03__t-legato_slur__d-f__s-steps__w-wt10_wc10__n-120.wav,planned
long_low_short-rep04__t-legato_slur__d-f__s-steps__w-wt10_wc10__n-120,model,VIOLET,sweep_steps,steps,long_low_short,long,low,short,legato_slur,real_counterfactual_primary,49,f,96,96,,3278601921478672932,20260826,long_low_short-rep04,4,1.0,1.0,120,57.0,True,0.75,data/midi/sweep/steps/n120/long_low_short-rep04__t-legato_slur__d-f__s-steps__w-wt10_wc10__n-120.mid,data/model_audio/sweep/long_low_short-rep04__t-legato_slur__d-f__s-steps__w-wt10_wc10__n-120.wav,planned
long_low_short-rep05__t-legato_slur__d-f__s-steps__w-wt10_wc10__n-120,model,VIOLET,sweep_steps,steps,long_low_short,long,low,short,legato_slur,real_counterfactual_primary,49,f,96,96,,3792011369038416571,20260826,long_low_short-rep05,5,1.0,1.0,120,57.0,True,0.75,data/midi/sweep/steps/n120/long_low_short-rep05__t-legato_slur__d-f__s-steps__w-wt10_wc10__n-120.mid,data/model_audio/sweep/long_low_short-rep05__t-legato_slur__d-f__s-steps__w-wt10_wc10__n-120.wav,planned
long_low_short-rep06__t-legato_slur__d-f__s-steps__w-wt10_wc10__n-120,model,VIOLET,sweep_steps,steps,long_low_short,long,low,short,legato_slur,real_counterfactual_primary,49,f,96,96,,8000593431006145158,20260826,long_low_short-rep06,6,1.0,1.0,120,57.0,True,0.75,data/midi/sweep/steps/n120/long_low_short-rep06__t-legato_slur__d-f__s-steps__w-wt10_wc10__n-120.mid,data/model_audio/sweep/long_low_short-rep06__t-legato_slur__d-f__s-steps__w-wt10_wc10__n-120.wav,planned
long_low_short-rep07__t-legato_slur__d-f__s-steps__w-wt10_wc10__n-120,model,VIOLET,sweep_steps,steps,long_low_short,long,low,short,legato_slur,real_counterfactual_primary,49,f,96,96,,3027752896819503932,20260826,long_low_short-rep07,7,1.0,1.0,120,57.0,True,0.75,data/midi/sweep/steps/n120/long_low_short-rep07__t-legato_slur__d-f__s-steps__w-wt10_wc10__n-120.mid,data/model_audio/sweep/long_low_short-rep07__t-legato_slur__d-f__s-steps__w-wt10_wc10__n-120.wav,planned
long_low_short-rep08__t-legato_slur__d-f__s-steps__w-wt10_wc10__n-120,model,VIOLET,sweep_steps,steps,long_low_short,long,low,short,legato_slur,real_counterfactual_primary,49,f,96,96,,5380287683912322282,20260826,long_low_short-rep08,8,1.0,1.0,120,57.0,True,0.75,data/midi/sweep/steps/n120/long_low_short-rep08__t-legato_slur__d-f__s-steps__w-wt10_wc10__n-120.mid,data/model_audio/sweep/long_low_short-rep08__t-legato_slur__d-f__s-steps__w-wt10_wc10__n-120.wav,planned
long_high_long-rep01__t-sustain__d-p__s-steps__w-wt10_wc10__n-120,model,VIOLET,sweep_steps,steps,long_high_long,long,high,long,sustain,real_counterfactual_primary,36,p,32,32,,783129699631193259,20260826,long_high_long-rep01,1,1.0,1.0,120,81.0,True,0.75,data/midi/sweep/steps/n120/long_high_long-rep01__t-sustain__d-p__s-steps__w-wt10_wc10__n-120.mid,data/model_audio/sweep/long_high_long-rep01__t-sustain__d-p__s-steps__w-wt10_wc10__n-120.wav,planned
long_high_long-rep02__t-sustain__d-p__s-steps__w-wt10_wc10__n-120,model,VIOLET,sweep_steps,steps,long_high_long,long,high,long,sustain,real_counterfactual_primary,36,p,32,32,,3205758975103824288,20260826,long_high_long-rep02,2,1.0,1.0,120,81.0,True,0.75,data/midi/sweep/steps/n120/long_high_long-rep02__t-sustain__d-p__s-steps__w-wt10_wc10__n-120.mid,data/model_audio/sweep/long_high_long-rep02__t-sustain__d-p__s-steps__w-wt10_wc10__n-120.wav,planned
long_high_long-rep03__t-sustain__d-p__s-steps__w-wt10_wc10__n-120,model,VIOLET,sweep_steps,steps,long_high_long,long,high,long,sustain,real_counterfactual_primary,36,p,32,32,,8260705675710319947,20260826,long_high_long-rep03,3,1.0,1.0,120,81.0,True,0.75,data/midi/sweep/steps/n120/long_high_long-rep03__t-sustain__d-p__s-steps__w-wt10_wc10__n-120.mid,data/model_audio/sweep/long_high_long-rep03__t-sustain__d-p__s-steps__w-wt10_wc10__n-120.wav,planned
long_high_long-rep04__t-sustain__d-p__s-steps__w-wt10_wc10__n-120,model,VIOLET,sweep_steps,steps,long_high_long,long,high,long,sustain,real_counterfactual_primary,36,p,32,32,,1479089932150990109,20260826,long_high_long-rep04,4,1.0,1.0,120,81.0,True,0.75,data/midi/sweep/steps/n120/long_high_long-rep04__t-sustain__d-p__s-steps__w-wt10_wc10__n-120.mid,data/model_audio/sweep/long_high_long-rep04__t-sustain__d-p__s-steps__w-wt10_wc10__n-120.wav,planned
long_high_long-rep05__t-sustain__d-p__s-steps__w-wt10_wc10__n-120,model,VIOLET,sweep_steps,steps,long_high_long,long,high,long,sustain,real_counterfactual_primary,36,p,32,32,,1048861310561683284,20260826,long_high_long-rep05,5,1.0,1.0,120,81.0,True,0.75,data/midi/sweep/steps/n120/long_high_long-rep05__t-sustain__d-p__s-steps__w-wt10_wc10__n-120.mid,data/model_audio/sweep/long_high_long-rep05__t-sustain__d-p__s-steps__w-wt10_wc10__n-120.wav,planned
long_high_long-rep06__t-sustain__d-p__s-steps__w-wt10_wc10__n-120,model,VIOLET,sweep_steps,steps,long_high_long,long,high,long,sustain,real_counterfactual_primary,36,p,32,32,,1312400529811761307,20260826,long_high_long-rep06,6,1.0,1.0,120,81.0,True,0.75,data/midi/sweep/steps/n120/long_high_long-rep06__t-sustain__d-p__s-steps__w-wt10_wc10__n-120.mid,data/model_audio/sweep/long_high_long-rep06__t-sustain__d-p__s-steps__w-wt10_wc10__n-120.wav,planned
long_high_long-rep07__t-sustain__d-p__s-steps__w-wt10_wc10__n-120,model,VIOLET,sweep_steps,steps,long_high_long,long,high,long,sustain,real_counterfactual_primary,36,p,32,32,,8007516170939644700,20260826,long_high_long-rep07,7,1.0,1.0,120,81.0,True,0.75,data/midi/sweep/steps/n120/long_high_long-rep07__t-sustain__d-p__s-steps__w-wt10_wc10__n-120.mid,data/model_audio/sweep/long_high_long-rep07__t-sustain__d-p__s-steps__w-wt10_wc10__n-120.wav,planned
long_high_long-rep08__t-sustain__d-p__s-steps__w-wt10_wc10__n-120,model,VIOLET,sweep_steps,steps,long_high_long,long,high,long,sustain,real_counterfactual_primary,36,p,32,32,,1402403455823634827,20260826,long_high_long-rep08,8,1.0,1.0,120,81.0,True,0.75,data/midi/sweep/steps/n120/long_high_long-rep08__t-sustain__d-p__s-steps__w-wt10_wc10__n-120.mid,data/model_audio/sweep/long_high_long-rep08__t-sustain__d-p__s-steps__w-wt10_wc10__n-120.wav,planned
long_high_long-rep01__t-sustain__d-mf__s-steps__w-wt10_wc10__n-120,model,VIOLET,sweep_steps,steps,long_high_long,long,high,long,sustain,real_counterfactual_primary,36,mf,64,64,,783129699631193259,20260826,long_high_long-rep01,1,1.0,1.0,120,81.0,True,0.75,data/midi/sweep/steps/n120/long_high_long-rep01__t-sustain__d-mf__s-steps__w-wt10_wc10__n-120.mid,data/model_audio/sweep/long_high_long-rep01__t-sustain__d-mf__s-steps__w-wt10_wc10__n-120.wav,planned
long_high_long-rep02__t-sustain__d-mf__s-steps__w-wt10_wc10__n-120,model,VIOLET,sweep_steps,steps,long_high_long,long,high,long,sustain,real_counterfactual_primary,36,mf,64,64,,3205758975103824288,20260826,long_high_long-rep02,2,1.0,1.0,120,81.0,True,0.75,data/midi/sweep/steps/n120/long_high_long-rep02__t-sustain__d-mf__s-steps__w-wt10_wc10__n-120.mid,data/model_audio/sweep/long_high_long-rep02__t-sustain__d-mf__s-steps__w-wt10_wc10__n-120.wav,planned
long_high_long-rep03__t-sustain__d-mf__s-steps__w-wt10_wc10__n-120,model,VIOLET,sweep_steps,steps,long_high_long,long,high,long,sustain,real_counterfactual_primary,36,mf,64,64,,8260705675710319947,20260826,long_high_long-rep03,3,1.0,1.0,120,81.0,True,0.75,data/midi/sweep/steps/n120/long_high_long-rep03__t-sustain__d-mf__s-steps__w-wt10_wc10__n-120.mid,data/model_audio/sweep/long_high_long-rep03__t-sustain__d-mf__s-steps__w-wt10_wc10__n-120.wav,planned
long_high_long-rep04__t-sustain__d-mf__s-steps__w-wt10_wc10__n-120,model,VIOLET,sweep_steps,steps,long_high_long,long,high,long,sustain,real_counterfactual_primary,36,mf,64,64,,1479089932150990109,20260826,long_high_long-rep04,4,1.0,1.0,120,81.0,True,0.75,data/midi/sweep/steps/n120/long_high_long-rep04__t-sustain__d-mf__s-steps__w-wt10_wc10__n-120.mid,data/model_audio/sweep/long_high_long-rep04__t-sustain__d-mf__s-steps__w-wt10_wc10__n-120.wav,planned
long_high_long-rep05__t-sustain__d-mf__s-steps__w-wt10_wc10__n-120,model,VIOLET,sweep_steps,steps,long_high_long,long,high,long,sustain,real_counterfactual_primary,36,mf,64,64,,1048861310561683284,20260826,long_high_long-rep05,5,1.0,1.0,120,81.0,True,0.75,data/midi/sweep/steps/n120/long_high_long-rep05__t-sustain__d-mf__s-steps__w-wt10_wc10__n-120.mid,data/model_audio/sweep/long_high_long-rep05__t-sustain__d-mf__s-steps__w-wt10_wc10__n-120.wav,planned
long_high_long-rep06__t-sustain__d-mf__s-steps__w-wt10_wc10__n-120,model,VIOLET,sweep_steps,steps,long_high_long,long,high,long,sustain,real_counterfactual_primary,36,mf,64,64,,1312400529811761307,20260826,long_high_long-rep06,6,1.0,1.0,120,81.0,True,0.75,data/midi/sweep/steps/n120/long_high_long-rep06__t-sustain__d-mf__s-steps__w-wt10_wc10__n-120.mid,data/model_audio/sweep/long_high_long-rep06__t-sustain__d-mf__s-steps__w-wt10_wc10__n-120.wav,planned
long_high_long-rep07__t-sustain__d-mf__s-steps__w-wt10_wc10__n-120,model,VIOLET,sweep_steps,steps,long_high_long,long,high,long,sustain,real_counterfactual_primary,36,mf,64,64,,8007516170939644700,20260826,long_high_long-rep07,7,1.0,1.0,120,81.0,True,0.75,data/midi/sweep/steps/n120/long_high_long-rep07__t-sustain__d-mf__s-steps__w-wt10_wc10__n-120.mid,data/model_audio/sweep/long_high_long-rep07__t-sustain__d-mf__s-steps__w-wt10_wc10__n-120.wav,planned
long_high_long-rep08__t-sustain__d-mf__s-steps__w-wt10_wc10__n-120,model,VIOLET,sweep_steps,steps,long_high_long,long,high,long,sustain,real_counterfactual_primary,36,mf,64,64,,1402403455823634827,20260826,long_high_long-rep08,8,1.0,1.0,120,81.0,True,0.75,data/midi/sweep/steps/n120/long_high_long-rep08__t-sustain__d-mf__s-steps__w-wt10_wc10__n-120.mid,data/model_audio/sweep/long_high_long-rep08__t-sustain__d-mf__s-steps__w-wt10_wc10__n-120.wav,planned
long_high_long-rep01__t-sustain__d-f__s-steps__w-wt10_wc10__n-120,model,VIOLET,sweep_steps,steps,long_high_long,long,high,long,sustain,real_counterfactual_primary,36,f,96,96,,783129699631193259,20260826,long_high_long-rep01,1,1.0,1.0,120,81.0,True,0.75,data/midi/sweep/steps/n120/long_high_long-rep01__t-sustain__d-f__s-steps__w-wt10_wc10__n-120.mid,data/model_audio/sweep/long_high_long-rep01__t-sustain__d-f__s-steps__w-wt10_wc10__n-120.wav,planned
long_high_long-rep02__t-sustain__d-f__s-steps__w-wt10_wc10__n-120,model,VIOLET,sweep_steps,steps,long_high_long,long,high,long,sustain,real_counterfactual_primary,36,f,96,96,,3205758975103824288,20260826,long_high_long-rep02,2,1.0,1.0,120,81.0,True,0.75,data/midi/sweep/steps/n120/long_high_long-rep02__t-sustain__d-f__s-steps__w-wt10_wc10__n-120.mid,data/model_audio/sweep/long_high_long-rep02__t-sustain__d-f__s-steps__w-wt10_wc10__n-120.wav,planned
long_high_long-rep03__t-sustain__d-f__s-steps__w-wt10_wc10__n-120,model,VIOLET,sweep_steps,steps,long_high_long,long,high,long,sustain,real_counterfactual_primary,36,f,96,96,,8260705675710319947,20260826,long_high_long-rep03,3,1.0,1.0,120,81.0,True,0.75,data/midi/sweep/steps/n120/long_high_long-rep03__t-sustain__d-f__s-steps__w-wt10_wc10__n-120.mid,data/model_audio/sweep/long_high_long-rep03__t-sustain__d-f__s-steps__w-wt10_wc10__n-120.wav,planned
long_high_long-rep04__t-sustain__d-f__s-steps__w-wt10_wc10__n-120,model,VIOLET,sweep_steps,steps,long_high_long,long,high,long,sustain,real_counterfactual_primary,36,f,96,96,,1479089932150990109,20260826,long_high_long-rep04,4,1.0,1.0,120,81.0,True,0.75,data/midi/sweep/steps/n120/long_high_long-rep04__t-sustain__d-f__s-steps__w-wt10_wc10__n-120.mid,data/model_audio/sweep/long_high_long-rep04__t-sustain__d-f__s-steps__w-wt10_wc10__n-120.wav,planned
long_high_long-rep05__t-sustain__d-f__s-steps__w-wt10_wc10__n-120,model,VIOLET,sweep_steps,steps,long_high_long,long,high,long,sustain,real_counterfactual_primary,36,f,96,96,,1048861310561683284,20260826,long_high_long-rep05,5,1.0,1.0,120,81.0,True,0.75,data/midi/sweep/steps/n120/long_high_long-rep05__t-sustain__d-f__s-steps__w-wt10_wc10__n-120.mid,data/model_audio/sweep/long_high_long-rep05__t-sustain__d-f__s-steps__w-wt10_wc10__n-120.wav,planned
long_high_long-rep06__t-sustain__d-f__s-steps__w-wt10_wc10__n-120,model,VIOLET,sweep_steps,steps,long_high_long,long,high,long,sustain,real_counterfactual_primary,36,f,96,96,,1312400529811761307,20260826,long_high_long-rep06,6,1.0,1.0,120,81.0,True,0.75,data/midi/sweep/steps/n120/long_high_long-rep06__t-sustain__d-f__s-steps__w-wt10_wc10__n-120.mid,data/model_audio/sweep/long_high_long-rep06__t-sustain__d-f__s-steps__w-wt10_wc10__n-120.wav,planned
long_high_long-rep07__t-sustain__d-f__s-steps__w-wt10_wc10__n-120,model,VIOLET,sweep_steps,steps,long_high_long,long,high,long,sustain,real_counterfactual_primary,36,f,96,96,,8007516170939644700,20260826,long_high_long-rep07,7,1.0,1.0,120,81.0,True,0.75,data/midi/sweep/steps/n120/long_high_long-rep07__t-sustain__d-f__s-steps__w-wt10_wc10__n-120.mid,data/model_audio/sweep/long_high_long-rep07__t-sustain__d-f__s-steps__w-wt10_wc10__n-120.wav,planned
long_high_long-rep08__t-sustain__d-f__s-steps__w-wt10_wc10__n-120,model,VIOLET,sweep_steps,steps,long_high_long,long,high,long,sustain,real_counterfactual_primary,36,f,96,96,,1402403455823634827,20260826,long_high_long-rep08,8,1.0,1.0,120,81.0,True,0.75,data/midi/sweep/steps/n120/long_high_long-rep08__t-sustain__d-f__s-steps__w-wt10_wc10__n-120.mid,data/model_audio/sweep/long_high_long-rep08__t-sustain__d-f__s-steps__w-wt10_wc10__n-120.wav,planned
long_high_long-rep01__t-staccato__d-p__s-steps__w-wt10_wc10__n-120,model,VIOLET,sweep_steps,steps,long_high_long,long,high,long,staccato,real_counterfactual_primary,40,p,32,32,,783129699631193259,20260826,long_high_long-rep01,1,1.0,1.0,120,81.0,True,0.75,data/midi/sweep/steps/n120/long_high_long-rep01__t-staccato__d-p__s-steps__w-wt10_wc10__n-120.mid,data/model_audio/sweep/long_high_long-rep01__t-staccato__d-p__s-steps__w-wt10_wc10__n-120.wav,planned
long_high_long-rep02__t-staccato__d-p__s-steps__w-wt10_wc10__n-120,model,VIOLET,sweep_steps,steps,long_high_long,long,high,long,staccato,real_counterfactual_primary,40,p,32,32,,3205758975103824288,20260826,long_high_long-rep02,2,1.0,1.0,120,81.0,True,0.75,data/midi/sweep/steps/n120/long_high_long-rep02__t-staccato__d-p__s-steps__w-wt10_wc10__n-120.mid,data/model_audio/sweep/long_high_long-rep02__t-staccato__d-p__s-steps__w-wt10_wc10__n-120.wav,planned
long_high_long-rep03__t-staccato__d-p__s-steps__w-wt10_wc10__n-120,model,VIOLET,sweep_steps,steps,long_high_long,long,high,long,staccato,real_counterfactual_primary,40,p,32,32,,8260705675710319947,20260826,long_high_long-rep03,3,1.0,1.0,120,81.0,True,0.75,data/midi/sweep/steps/n120/long_high_long-rep03__t-staccato__d-p__s-steps__w-wt10_wc10__n-120.mid,data/model_audio/sweep/long_high_long-rep03__t-staccato__d-p__s-steps__w-wt10_wc10__n-120.wav,planned
long_high_long-rep04__t-staccato__d-p__s-steps__w-wt10_wc10__n-120,model,VIOLET,sweep_steps,steps,long_high_long,long,high,long,staccato,real_counterfactual_primary,40,p,32,32,,1479089932150990109,20260826,long_high_long-rep04,4,1.0,1.0,120,81.0,True,0.75,data/midi/sweep/steps/n120/long_high_long-rep04__t-staccato__d-p__s-steps__w-wt10_wc10__n-120.mid,data/model_audio/sweep/long_high_long-rep04__t-staccato__d-p__s-steps__w-wt10_wc10__n-120.wav,planned
long_high_long-rep05__t-staccato__d-p__s-steps__w-wt10_wc10__n-120,model,VIOLET,sweep_steps,steps,long_high_long,long,high,long,staccato,real_counterfactual_primary,40,p,32,32,,1048861310561683284,20260826,long_high_long-rep05,5,1.0,1.0,120,81.0,True,0.75,data/midi/sweep/steps/n120/long_high_long-rep05__t-staccato__d-p__s-steps__w-wt10_wc10__n-120.mid,data/model_audio/sweep/long_high_long-rep05__t-staccato__d-p__s-steps__w-wt10_wc10__n-120.wav,planned
long_high_long-rep06__t-staccato__d-p__s-steps__w-wt10_wc10__n-120,model,VIOLET,sweep_steps,steps,long_high_long,long,high,long,staccato,real_counterfactual_primary,40,p,32,32,,1312400529811761307,20260826,long_high_long-rep06,6,1.0,1.0,120,81.0,True,0.75,data/midi/sweep/steps/n120/long_high_long-rep06__t-staccato__d-p__s-steps__w-wt10_wc10__n-120.mid,data/model_audio/sweep/long_high_long-rep06__t-staccato__d-p__s-steps__w-wt10_wc10__n-120.wav,planned
long_high_long-rep07__t-staccato__d-p__s-steps__w-wt10_wc10__n-120,model,VIOLET,sweep_steps,steps,long_high_long,long,high,long,staccato,real_counterfactual_primary,40,p,32,32,,8007516170939644700,20260826,long_high_long-rep07,7,1.0,1.0,120,81.0,True,0.75,data/midi/sweep/steps/n120/long_high_long-rep07__t-staccato__d-p__s-steps__w-wt10_wc10__n-120.mid,data/model_audio/sweep/long_high_long-rep07__t-staccato__d-p__s-steps__w-wt10_wc10__n-120.wav,planned
long_high_long-rep08__t-staccato__d-p__s-steps__w-wt10_wc10__n-120,model,VIOLET,sweep_steps,steps,long_high_long,long,high,long,staccato,real_counterfactual_primary,40,p,32,32,,1402403455823634827,20260826,long_high_long-rep08,8,1.0,1.0,120,81.0,True,0.75,data/midi/sweep/steps/n120/long_high_long-rep08__t-staccato__d-p__s-steps__w-wt10_wc10__n-120.mid,data/model_audio/sweep/long_high_long-rep08__t-staccato__d-p__s-steps__w-wt10_wc10__n-120.wav,planned
long_high_long-rep01__t-staccato__d-mf__s-steps__w-wt10_wc10__n-120,model,VIOLET,sweep_steps,steps,long_high_long,long,high,long,staccato,real_counterfactual_primary,40,mf,64,64,,783129699631193259,20260826,long_high_long-rep01,1,1.0,1.0,120,81.0,True,0.75,data/midi/sweep/steps/n120/long_high_long-rep01__t-staccato__d-mf__s-steps__w-wt10_wc10__n-120.mid,data/model_audio/sweep/long_high_long-rep01__t-staccato__d-mf__s-steps__w-wt10_wc10__n-120.wav,planned
long_high_long-rep02__t-staccato__d-mf__s-steps__w-wt10_wc10__n-120,model,VIOLET,sweep_steps,steps,long_high_long,long,high,long,staccato,real_counterfactual_primary,40,mf,64,64,,3205758975103824288,20260826,long_high_long-rep02,2,1.0,1.0,120,81.0,True,0.75,data/midi/sweep/steps/n120/long_high_long-rep02__t-staccato__d-mf__s-steps__w-wt10_wc10__n-120.mid,data/model_audio/sweep/long_high_long-rep02__t-staccato__d-mf__s-steps__w-wt10_wc10__n-120.wav,planned
long_high_long-rep03__t-staccato__d-mf__s-steps__w-wt10_wc10__n-120,model,VIOLET,sweep_steps,steps,long_high_long,long,high,long,staccato,real_counterfactual_primary,40,mf,64,64,,8260705675710319947,20260826,long_high_long-rep03,3,1.0,1.0,120,81.0,True,0.75,data/midi/sweep/steps/n120/long_high_long-rep03__t-staccato__d-mf__s-steps__w-wt10_wc10__n-120.mid,data/model_audio/sweep/long_high_long-rep03__t-staccato__d-mf__s-steps__w-wt10_wc10__n-120.wav,planned
long_high_long-rep04__t-staccato__d-mf__s-steps__w-wt10_wc10__n-120,model,VIOLET,sweep_steps,steps,long_high_long,long,high,long,staccato,real_counterfactual_primary,40,mf,64,64,,1479089932150990109,20260826,long_high_long-rep04,4,1.0,1.0,120,81.0,True,0.75,data/midi/sweep/steps/n120/long_high_long-rep04__t-staccato__d-mf__s-steps__w-wt10_wc10__n-120.mid,data/model_audio/sweep/long_high_long-rep04__t-staccato__d-mf__s-steps__w-wt10_wc10__n-120.wav,planned
long_high_long-rep05__t-staccato__d-mf__s-steps__w-wt10_wc10__n-120,model,VIOLET,sweep_steps,steps,long_high_long,long,high,long,staccato,real_counterfactual_primary,40,mf,64,64,,1048861310561683284,20260826,long_high_long-rep05,5,1.0,1.0,120,81.0,True,0.75,data/midi/sweep/steps/n120/long_high_long-rep05__t-staccato__d-mf__s-steps__w-wt10_wc10__n-120.mid,data/model_audio/sweep/long_high_long-rep05__t-staccato__d-mf__s-steps__w-wt10_wc10__n-120.wav,planned
long_high_long-rep06__t-staccato__d-mf__s-steps__w-wt10_wc10__n-120,model,VIOLET,sweep_steps,steps,long_high_long,long,high,long,staccato,real_counterfactual_primary,40,mf,64,64,,1312400529811761307,20260826,long_high_long-rep06,6,1.0,1.0,120,81.0,True,0.75,data/midi/sweep/steps/n120/long_high_long-rep06__t-staccato__d-mf__s-steps__w-wt10_wc10__n-120.mid,data/model_audio/sweep/long_high_long-rep06__t-staccato__d-mf__s-steps__w-wt10_wc10__n-120.wav,planned
long_high_long-rep07__t-staccato__d-mf__s-steps__w-wt10_wc10__n-120,model,VIOLET,sweep_steps,steps,long_high_long,long,high,long,staccato,real_counterfactual_primary,40,mf,64,64,,8007516170939644700,20260826,long_high_long-rep07,7,1.0,1.0,120,81.0,True,0.75,data/midi/sweep/steps/n120/long_high_long-rep07__t-staccato__d-mf__s-steps__w-wt10_wc10__n-120.mid,data/model_audio/sweep/long_high_long-rep07__t-staccato__d-mf__s-steps__w-wt10_wc10__n-120.wav,planned
long_high_long-rep08__t-staccato__d-mf__s-steps__w-wt10_wc10__n-120,model,VIOLET,sweep_steps,steps,long_high_long,long,high,long,staccato,real_counterfactual_primary,40,mf,64,64,,1402403455823634827,20260826,long_high_long-rep08,8,1.0,1.0,120,81.0,True,0.75,data/midi/sweep/steps/n120/long_high_long-rep08__t-staccato__d-mf__s-steps__w-wt10_wc10__n-120.mid,data/model_audio/sweep/long_high_long-rep08__t-staccato__d-mf__s-steps__w-wt10_wc10__n-120.wav,planned
long_high_long-rep01__t-staccato__d-f__s-steps__w-wt10_wc10__n-120,model,VIOLET,sweep_steps,steps,long_high_long,long,high,long,staccato,real_counterfactual_primary,40,f,96,96,,783129699631193259,20260826,long_high_long-rep01,1,1.0,1.0,120,81.0,True,0.75,data/midi/sweep/steps/n120/long_high_long-rep01__t-staccato__d-f__s-steps__w-wt10_wc10__n-120.mid,data/model_audio/sweep/long_high_long-rep01__t-staccato__d-f__s-steps__w-wt10_wc10__n-120.wav,planned
long_high_long-rep02__t-staccato__d-f__s-steps__w-wt10_wc10__n-120,model,VIOLET,sweep_steps,steps,long_high_long,long,high,long,staccato,real_counterfactual_primary,40,f,96,96,,3205758975103824288,20260826,long_high_long-rep02,2,1.0,1.0,120,81.0,True,0.75,data/midi/sweep/steps/n120/long_high_long-rep02__t-staccato__d-f__s-steps__w-wt10_wc10__n-120.mid,data/model_audio/sweep/long_high_long-rep02__t-staccato__d-f__s-steps__w-wt10_wc10__n-120.wav,planned
long_high_long-rep03__t-staccato__d-f__s-steps__w-wt10_wc10__n-120,model,VIOLET,sweep_steps,steps,long_high_long,long,high,long,staccato,real_counterfactual_primary,40,f,96,96,,8260705675710319947,20260826,long_high_long-rep03,3,1.0,1.0,120,81.0,True,0.75,data/midi/sweep/steps/n120/long_high_long-rep03__t-staccato__d-f__s-steps__w-wt10_wc10__n-120.mid,data/model_audio/sweep/long_high_long-rep03__t-staccato__d-f__s-steps__w-wt10_wc10__n-120.wav,planned
long_high_long-rep04__t-staccato__d-f__s-steps__w-wt10_wc10__n-120,model,VIOLET,sweep_steps,steps,long_high_long,long,high,long,staccato,real_counterfactual_primary,40,f,96,96,,1479089932150990109,20260826,long_high_long-rep04,4,1.0,1.0,120,81.0,True,0.75,data/midi/sweep/steps/n120/long_high_long-rep04__t-staccato__d-f__s-steps__w-wt10_wc10__n-120.mid,data/model_audio/sweep/long_high_long-rep04__t-staccato__d-f__s-steps__w-wt10_wc10__n-120.wav,planned
long_high_long-rep05__t-staccato__d-f__s-steps__w-wt10_wc10__n-120,model,VIOLET,sweep_steps,steps,long_high_long,long,high,long,staccato,real_counterfactual_primary,40,f,96,96,,1048861310561683284,20260826,long_high_long-rep05,5,1.0,1.0,120,81.0,True,0.75,data/midi/sweep/steps/n120/long_high_long-rep05__t-staccato__d-f__s-steps__w-wt10_wc10__n-120.mid,data/model_audio/sweep/long_high_long-rep05__t-staccato__d-f__s-steps__w-wt10_wc10__n-120.wav,planned
long_high_long-rep06__t-staccato__d-f__s-steps__w-wt10_wc10__n-120,model,VIOLET,sweep_steps,steps,long_high_long,long,high,long,staccato,real_counterfactual_primary,40,f,96,96,,1312400529811761307,20260826,long_high_long-rep06,6,1.0,1.0,120,81.0,True,0.75,data/midi/sweep/steps/n120/long_high_long-rep06__t-staccato__d-f__s-steps__w-wt10_wc10__n-120.mid,data/model_audio/sweep/long_high_long-rep06__t-staccato__d-f__s-steps__w-wt10_wc10__n-120.wav,planned
long_high_long-rep07__t-staccato__d-f__s-steps__w-wt10_wc10__n-120,model,VIOLET,sweep_steps,steps,long_high_long,long,high,long,staccato,real_counterfactual_primary,40,f,96,96,,8007516170939644700,20260826,long_high_long-rep07,7,1.0,1.0,120,81.0,True,0.75,data/midi/sweep/steps/n120/long_high_long-rep07__t-staccato__d-f__s-steps__w-wt10_wc10__n-120.mid,data/model_audio/sweep/long_high_long-rep07__t-staccato__d-f__s-steps__w-wt10_wc10__n-120.wav,planned
long_high_long-rep08__t-staccato__d-f__s-steps__w-wt10_wc10__n-120,model,VIOLET,sweep_steps,steps,long_high_long,long,high,long,staccato,real_counterfactual_primary,40,f,96,96,,1402403455823634827,20260826,long_high_long-rep08,8,1.0,1.0,120,81.0,True,0.75,data/midi/sweep/steps/n120/long_high_long-rep08__t-staccato__d-f__s-steps__w-wt10_wc10__n-120.mid,data/model_audio/sweep/long_high_long-rep08__t-staccato__d-f__s-steps__w-wt10_wc10__n-120.wav,planned
long_high_long-rep01__t-pizzicato__d-p__s-steps__w-wt10_wc10__n-120,model,VIOLET,sweep_steps,steps,long_high_long,long,high,long,pizzicato,real_counterfactual_primary,43,p,32,32,,783129699631193259,20260826,long_high_long-rep01,1,1.0,1.0,120,81.0,True,0.75,data/midi/sweep/steps/n120/long_high_long-rep01__t-pizzicato__d-p__s-steps__w-wt10_wc10__n-120.mid,data/model_audio/sweep/long_high_long-rep01__t-pizzicato__d-p__s-steps__w-wt10_wc10__n-120.wav,planned
long_high_long-rep02__t-pizzicato__d-p__s-steps__w-wt10_wc10__n-120,model,VIOLET,sweep_steps,steps,long_high_long,long,high,long,pizzicato,real_counterfactual_primary,43,p,32,32,,3205758975103824288,20260826,long_high_long-rep02,2,1.0,1.0,120,81.0,True,0.75,data/midi/sweep/steps/n120/long_high_long-rep02__t-pizzicato__d-p__s-steps__w-wt10_wc10__n-120.mid,data/model_audio/sweep/long_high_long-rep02__t-pizzicato__d-p__s-steps__w-wt10_wc10__n-120.wav,planned
long_high_long-rep03__t-pizzicato__d-p__s-steps__w-wt10_wc10__n-120,model,VIOLET,sweep_steps,steps,long_high_long,long,high,long,pizzicato,real_counterfactual_primary,43,p,32,32,,8260705675710319947,20260826,long_high_long-rep03,3,1.0,1.0,120,81.0,True,0.75,data/midi/sweep/steps/n120/long_high_long-rep03__t-pizzicato__d-p__s-steps__w-wt10_wc10__n-120.mid,data/model_audio/sweep/long_high_long-rep03__t-pizzicato__d-p__s-steps__w-wt10_wc10__n-120.wav,planned
long_high_long-rep04__t-pizzicato__d-p__s-steps__w-wt10_wc10__n-120,model,VIOLET,sweep_steps,steps,long_high_long,long,high,long,pizzicato,real_counterfactual_primary,43,p,32,32,,1479089932150990109,20260826,long_high_long-rep04,4,1.0,1.0,120,81.0,True,0.75,data/midi/sweep/steps/n120/long_high_long-rep04__t-pizzicato__d-p__s-steps__w-wt10_wc10__n-120.mid,data/model_audio/sweep/long_high_long-rep04__t-pizzicato__d-p__s-steps__w-wt10_wc10__n-120.wav,planned
long_high_long-rep05__t-pizzicato__d-p__s-steps__w-wt10_wc10__n-120,model,VIOLET,sweep_steps,steps,long_high_long,long,high,long,pizzicato,real_counterfactual_primary,43,p,32,32,,1048861310561683284,20260826,long_high_long-rep05,5,1.0,1.0,120,81.0,True,0.75,data/midi/sweep/steps/n120/long_high_long-rep05__t-pizzicato__d-p__s-steps__w-wt10_wc10__n-120.mid,data/model_audio/sweep/long_high_long-rep05__t-pizzicato__d-p__s-steps__w-wt10_wc10__n-120.wav,planned
long_high_long-rep06__t-pizzicato__d-p__s-steps__w-wt10_wc10__n-120,model,VIOLET,sweep_steps,steps,long_high_long,long,high,long,pizzicato,real_counterfactual_primary,43,p,32,32,,1312400529811761307,20260826,long_high_long-rep06,6,1.0,1.0,120,81.0,True,0.75,data/midi/sweep/steps/n120/long_high_long-rep06__t-pizzicato__d-p__s-steps__w-wt10_wc10__n-120.mid,data/model_audio/sweep/long_high_long-rep06__t-pizzicato__d-p__s-steps__w-wt10_wc10__n-120.wav,planned
long_high_long-rep07__t-pizzicato__d-p__s-steps__w-wt10_wc10__n-120,model,VIOLET,sweep_steps,steps,long_high_long,long,high,long,pizzicato,real_counterfactual_primary,43,p,32,32,,8007516170939644700,20260826,long_high_long-rep07,7,1.0,1.0,120,81.0,True,0.75,data/midi/sweep/steps/n120/long_high_long-rep07__t-pizzicato__d-p__s-steps__w-wt10_wc10__n-120.mid,data/model_audio/sweep/long_high_long-rep07__t-pizzicato__d-p__s-steps__w-wt10_wc10__n-120.wav,planned
long_high_long-rep08__t-pizzicato__d-p__s-steps__w-wt10_wc10__n-120,model,VIOLET,sweep_steps,steps,long_high_long,long,high,long,pizzicato,real_counterfactual_primary,43,p,32,32,,1402403455823634827,20260826,long_high_long-rep08,8,1.0,1.0,120,81.0,True,0.75,data/midi/sweep/steps/n120/long_high_long-rep08__t-pizzicato__d-p__s-steps__w-wt10_wc10__n-120.mid,data/model_audio/sweep/long_high_long-rep08__t-pizzicato__d-p__s-steps__w-wt10_wc10__n-120.wav,planned
long_high_long-rep01__t-pizzicato__d-mf__s-steps__w-wt10_wc10__n-120,model,VIOLET,sweep_steps,steps,long_high_long,long,high,long,pizzicato,real_counterfactual_primary,43,mf,64,64,,783129699631193259,20260826,long_high_long-rep01,1,1.0,1.0,120,81.0,True,0.75,data/midi/sweep/steps/n120/long_high_long-rep01__t-pizzicato__d-mf__s-steps__w-wt10_wc10__n-120.mid,data/model_audio/sweep/long_high_long-rep01__t-pizzicato__d-mf__s-steps__w-wt10_wc10__n-120.wav,planned
long_high_long-rep02__t-pizzicato__d-mf__s-steps__w-wt10_wc10__n-120,model,VIOLET,sweep_steps,steps,long_high_long,long,high,long,pizzicato,real_counterfactual_primary,43,mf,64,64,,3205758975103824288,20260826,long_high_long-rep02,2,1.0,1.0,120,81.0,True,0.75,data/midi/sweep/steps/n120/long_high_long-rep02__t-pizzicato__d-mf__s-steps__w-wt10_wc10__n-120.mid,data/model_audio/sweep/long_high_long-rep02__t-pizzicato__d-mf__s-steps__w-wt10_wc10__n-120.wav,planned
long_high_long-rep03__t-pizzicato__d-mf__s-steps__w-wt10_wc10__n-120,model,VIOLET,sweep_steps,steps,long_high_long,long,high,long,pizzicato,real_counterfactual_primary,43,mf,64,64,,8260705675710319947,20260826,long_high_long-rep03,3,1.0,1.0,120,81.0,True,0.75,data/midi/sweep/steps/n120/long_high_long-rep03__t-pizzicato__d-mf__s-steps__w-wt10_wc10__n-120.mid,data/model_audio/sweep/long_high_long-rep03__t-pizzicato__d-mf__s-steps__w-wt10_wc10__n-120.wav,planned
long_high_long-rep04__t-pizzicato__d-mf__s-steps__w-wt10_wc10__n-120,model,VIOLET,sweep_steps,steps,long_high_long,long,high,long,pizzicato,real_counterfactual_primary,43,mf,64,64,,1479089932150990109,20260826,long_high_long-rep04,4,1.0,1.0,120,81.0,True,0.75,data/midi/sweep/steps/n120/long_high_long-rep04__t-pizzicato__d-mf__s-steps__w-wt10_wc10__n-120.mid,data/model_audio/sweep/long_high_long-rep04__t-pizzicato__d-mf__s-steps__w-wt10_wc10__n-120.wav,planned
long_high_long-rep05__t-pizzicato__d-mf__s-steps__w-wt10_wc10__n-120,model,VIOLET,sweep_steps,steps,long_high_long,long,high,long,pizzicato,real_counterfactual_primary,43,mf,64,64,,1048861310561683284,20260826,long_high_long-rep05,5,1.0,1.0,120,81.0,True,0.75,data/midi/sweep/steps/n120/long_high_long-rep05__t-pizzicato__d-mf__s-steps__w-wt10_wc10__n-120.mid,data/model_audio/sweep/long_high_long-rep05__t-pizzicato__d-mf__s-steps__w-wt10_wc10__n-120.wav,planned
long_high_long-rep06__t-pizzicato__d-mf__s-steps__w-wt10_wc10__n-120,model,VIOLET,sweep_steps,steps,long_high_long,long,high,long,pizzicato,real_counterfactual_primary,43,mf,64,64,,1312400529811761307,20260826,long_high_long-rep06,6,1.0,1.0,120,81.0,True,0.75,data/midi/sweep/steps/n120/long_high_long-rep06__t-pizzicato__d-mf__s-steps__w-wt10_wc10__n-120.mid,data/model_audio/sweep/long_high_long-rep06__t-pizzicato__d-mf__s-steps__w-wt10_wc10__n-120.wav,planned
long_high_long-rep07__t-pizzicato__d-mf__s-steps__w-wt10_wc10__n-120,model,VIOLET,sweep_steps,steps,long_high_long,long,high,long,pizzicato,real_counterfactual_primary,43,mf,64,64,,8007516170939644700,20260826,long_high_long-rep07,7,1.0,1.0,120,81.0,True,0.75,data/midi/sweep/steps/n120/long_high_long-rep07__t-pizzicato__d-mf__s-steps__w-wt10_wc10__n-120.mid,data/model_audio/sweep/long_high_long-rep07__t-pizzicato__d-mf__s-steps__w-wt10_wc10__n-120.wav,planned
long_high_long-rep08__t-pizzicato__d-mf__s-steps__w-wt10_wc10__n-120,model,VIOLET,sweep_steps,steps,long_high_long,long,high,long,pizzicato,real_counterfactual_primary,43,mf,64,64,,1402403455823634827,20260826,long_high_long-rep08,8,1.0,1.0,120,81.0,True,0.75,data/midi/sweep/steps/n120/long_high_long-rep08__t-pizzicato__d-mf__s-steps__w-wt10_wc10__n-120.mid,data/model_audio/sweep/long_high_long-rep08__t-pizzicato__d-mf__s-steps__w-wt10_wc10__n-120.wav,planned
long_high_long-rep01__t-pizzicato__d-f__s-steps__w-wt10_wc10__n-120,model,VIOLET,sweep_steps,steps,long_high_long,long,high,long,pizzicato,real_counterfactual_primary,43,f,96,96,,783129699631193259,20260826,long_high_long-rep01,1,1.0,1.0,120,81.0,True,0.75,data/midi/sweep/steps/n120/long_high_long-rep01__t-pizzicato__d-f__s-steps__w-wt10_wc10__n-120.mid,data/model_audio/sweep/long_high_long-rep01__t-pizzicato__d-f__s-steps__w-wt10_wc10__n-120.wav,planned
long_high_long-rep02__t-pizzicato__d-f__s-steps__w-wt10_wc10__n-120,model,VIOLET,sweep_steps,steps,long_high_long,long,high,long,pizzicato,real_counterfactual_primary,43,f,96,96,,3205758975103824288,20260826,long_high_long-rep02,2,1.0,1.0,120,81.0,True,0.75,data/midi/sweep/steps/n120/long_high_long-rep02__t-pizzicato__d-f__s-steps__w-wt10_wc10__n-120.mid,data/model_audio/sweep/long_high_long-rep02__t-pizzicato__d-f__s-steps__w-wt10_wc10__n-120.wav,planned
long_high_long-rep03__t-pizzicato__d-f__s-steps__w-wt10_wc10__n-120,model,VIOLET,sweep_steps,steps,long_high_long,long,high,long,pizzicato,real_counterfactual_primary,43,f,96,96,,8260705675710319947,20260826,long_high_long-rep03,3,1.0,1.0,120,81.0,True,0.75,data/midi/sweep/steps/n120/long_high_long-rep03__t-pizzicato__d-f__s-steps__w-wt10_wc10__n-120.mid,data/model_audio/sweep/long_high_long-rep03__t-pizzicato__d-f__s-steps__w-wt10_wc10__n-120.wav,planned
long_high_long-rep04__t-pizzicato__d-f__s-steps__w-wt10_wc10__n-120,model,VIOLET,sweep_steps,steps,long_high_long,long,high,long,pizzicato,real_counterfactual_primary,43,f,96,96,,1479089932150990109,20260826,long_high_long-rep04,4,1.0,1.0,120,81.0,True,0.75,data/midi/sweep/steps/n120/long_high_long-rep04__t-pizzicato__d-f__s-steps__w-wt10_wc10__n-120.mid,data/model_audio/sweep/long_high_long-rep04__t-pizzicato__d-f__s-steps__w-wt10_wc10__n-120.wav,planned
long_high_long-rep05__t-pizzicato__d-f__s-steps__w-wt10_wc10__n-120,model,VIOLET,sweep_steps,steps,long_high_long,long,high,long,pizzicato,real_counterfactual_primary,43,f,96,96,,1048861310561683284,20260826,long_high_long-rep05,5,1.0,1.0,120,81.0,True,0.75,data/midi/sweep/steps/n120/long_high_long-rep05__t-pizzicato__d-f__s-steps__w-wt10_wc10__n-120.mid,data/model_audio/sweep/long_high_long-rep05__t-pizzicato__d-f__s-steps__w-wt10_wc10__n-120.wav,planned
long_high_long-rep06__t-pizzicato__d-f__s-steps__w-wt10_wc10__n-120,model,VIOLET,sweep_steps,steps,long_high_long,long,high,long,pizzicato,real_counterfactual_primary,43,f,96,96,,1312400529811761307,20260826,long_high_long-rep06,6,1.0,1.0,120,81.0,True,0.75,data/midi/sweep/steps/n120/long_high_long-rep06__t-pizzicato__d-f__s-steps__w-wt10_wc10__n-120.mid,data/model_audio/sweep/long_high_long-rep06__t-pizzicato__d-f__s-steps__w-wt10_wc10__n-120.wav,planned
long_high_long-rep07__t-pizzicato__d-f__s-steps__w-wt10_wc10__n-120,model,VIOLET,sweep_steps,steps,long_high_long,long,high,long,pizzicato,real_counterfactual_primary,43,f,96,96,,8007516170939644700,20260826,long_high_long-rep07,7,1.0,1.0,120,81.0,True,0.75,data/midi/sweep/steps/n120/long_high_long-rep07__t-pizzicato__d-f__s-steps__w-wt10_wc10__n-120.mid,data/model_audio/sweep/long_high_long-rep07__t-pizzicato__d-f__s-steps__w-wt10_wc10__n-120.wav,planned
long_high_long-rep08__t-pizzicato__d-f__s-steps__w-wt10_wc10__n-120,model,VIOLET,sweep_steps,steps,long_high_long,long,high,long,pizzicato,real_counterfactual_primary,43,f,96,96,,1402403455823634827,20260826,long_high_long-rep08,8,1.0,1.0,120,81.0,True,0.75,data/midi/sweep/steps/n120/long_high_long-rep08__t-pizzicato__d-f__s-steps__w-wt10_wc10__n-120.mid,data/model_audio/sweep/long_high_long-rep08__t-pizzicato__d-f__s-steps__w-wt10_wc10__n-120.wav,planned
long_high_long-rep01__t-legato_slur__d-p__s-steps__w-wt10_wc10__n-120,model,VIOLET,sweep_steps,steps,long_high_long,long,high,long,legato_slur,real_counterfactual_primary,49,p,32,32,,783129699631193259,20260826,long_high_long-rep01,1,1.0,1.0,120,81.0,True,0.75,data/midi/sweep/steps/n120/long_high_long-rep01__t-legato_slur__d-p__s-steps__w-wt10_wc10__n-120.mid,data/model_audio/sweep/long_high_long-rep01__t-legato_slur__d-p__s-steps__w-wt10_wc10__n-120.wav,planned
long_high_long-rep02__t-legato_slur__d-p__s-steps__w-wt10_wc10__n-120,model,VIOLET,sweep_steps,steps,long_high_long,long,high,long,legato_slur,real_counterfactual_primary,49,p,32,32,,3205758975103824288,20260826,long_high_long-rep02,2,1.0,1.0,120,81.0,True,0.75,data/midi/sweep/steps/n120/long_high_long-rep02__t-legato_slur__d-p__s-steps__w-wt10_wc10__n-120.mid,data/model_audio/sweep/long_high_long-rep02__t-legato_slur__d-p__s-steps__w-wt10_wc10__n-120.wav,planned
long_high_long-rep03__t-legato_slur__d-p__s-steps__w-wt10_wc10__n-120,model,VIOLET,sweep_steps,steps,long_high_long,long,high,long,legato_slur,real_counterfactual_primary,49,p,32,32,,8260705675710319947,20260826,long_high_long-rep03,3,1.0,1.0,120,81.0,True,0.75,data/midi/sweep/steps/n120/long_high_long-rep03__t-legato_slur__d-p__s-steps__w-wt10_wc10__n-120.mid,data/model_audio/sweep/long_high_long-rep03__t-legato_slur__d-p__s-steps__w-wt10_wc10__n-120.wav,planned
long_high_long-rep04__t-legato_slur__d-p__s-steps__w-wt10_wc10__n-120,model,VIOLET,sweep_steps,steps,long_high_long,long,high,long,legato_slur,real_counterfactual_primary,49,p,32,32,,1479089932150990109,20260826,long_high_long-rep04,4,1.0,1.0,120,81.0,True,0.75,data/midi/sweep/steps/n120/long_high_long-rep04__t-legato_slur__d-p__s-steps__w-wt10_wc10__n-120.mid,data/model_audio/sweep/long_high_long-rep04__t-legato_slur__d-p__s-steps__w-wt10_wc10__n-120.wav,planned
long_high_long-rep05__t-legato_slur__d-p__s-steps__w-wt10_wc10__n-120,model,VIOLET,sweep_steps,steps,long_high_long,long,high,long,legato_slur,real_counterfactual_primary,49,p,32,32,,1048861310561683284,20260826,long_high_long-rep05,5,1.0,1.0,120,81.0,True,0.75,data/midi/sweep/steps/n120/long_high_long-rep05__t-legato_slur__d-p__s-steps__w-wt10_wc10__n-120.mid,data/model_audio/sweep/long_high_long-rep05__t-legato_slur__d-p__s-steps__w-wt10_wc10__n-120.wav,planned
long_high_long-rep06__t-legato_slur__d-p__s-steps__w-wt10_wc10__n-120,model,VIOLET,sweep_steps,steps,long_high_long,long,high,long,legato_slur,real_counterfactual_primary,49,p,32,32,,1312400529811761307,20260826,long_high_long-rep06,6,1.0,1.0,120,81.0,True,0.75,data/midi/sweep/steps/n120/long_high_long-rep06__t-legato_slur__d-p__s-steps__w-wt10_wc10__n-120.mid,data/model_audio/sweep/long_high_long-rep06__t-legato_slur__d-p__s-steps__w-wt10_wc10__n-120.wav,planned
long_high_long-rep07__t-legato_slur__d-p__s-steps__w-wt10_wc10__n-120,model,VIOLET,sweep_steps,steps,long_high_long,long,high,long,legato_slur,real_counterfactual_primary,49,p,32,32,,8007516170939644700,20260826,long_high_long-rep07,7,1.0,1.0,120,81.0,True,0.75,data/midi/sweep/steps/n120/long_high_long-rep07__t-legato_slur__d-p__s-steps__w-wt10_wc10__n-120.mid,data/model_audio/sweep/long_high_long-rep07__t-legato_slur__d-p__s-steps__w-wt10_wc10__n-120.wav,planned
long_high_long-rep08__t-legato_slur__d-p__s-steps__w-wt10_wc10__n-120,model,VIOLET,sweep_steps,steps,long_high_long,long,high,long,legato_slur,real_counterfactual_primary,49,p,32,32,,1402403455823634827,20260826,long_high_long-rep08,8,1.0,1.0,120,81.0,True,0.75,data/midi/sweep/steps/n120/long_high_long-rep08__t-legato_slur__d-p__s-steps__w-wt10_wc10__n-120.mid,data/model_audio/sweep/long_high_long-rep08__t-legato_slur__d-p__s-steps__w-wt10_wc10__n-120.wav,planned
long_high_long-rep01__t-legato_slur__d-mf__s-steps__w-wt10_wc10__n-120,model,VIOLET,sweep_steps,steps,long_high_long,long,high,long,legato_slur,real_counterfactual_primary,49,mf,64,64,,783129699631193259,20260826,long_high_long-rep01,1,1.0,1.0,120,81.0,True,0.75,data/midi/sweep/steps/n120/long_high_long-rep01__t-legato_slur__d-mf__s-steps__w-wt10_wc10__n-120.mid,data/model_audio/sweep/long_high_long-rep01__t-legato_slur__d-mf__s-steps__w-wt10_wc10__n-120.wav,planned
long_high_long-rep02__t-legato_slur__d-mf__s-steps__w-wt10_wc10__n-120,model,VIOLET,sweep_steps,steps,long_high_long,long,high,long,legato_slur,real_counterfactual_primary,49,mf,64,64,,3205758975103824288,20260826,long_high_long-rep02,2,1.0,1.0,120,81.0,True,0.75,data/midi/sweep/steps/n120/long_high_long-rep02__t-legato_slur__d-mf__s-steps__w-wt10_wc10__n-120.mid,data/model_audio/sweep/long_high_long-rep02__t-legato_slur__d-mf__s-steps__w-wt10_wc10__n-120.wav,planned
long_high_long-rep03__t-legato_slur__d-mf__s-steps__w-wt10_wc10__n-120,model,VIOLET,sweep_steps,steps,long_high_long,long,high,long,legato_slur,real_counterfactual_primary,49,mf,64,64,,8260705675710319947,20260826,long_high_long-rep03,3,1.0,1.0,120,81.0,True,0.75,data/midi/sweep/steps/n120/long_high_long-rep03__t-legato_slur__d-mf__s-steps__w-wt10_wc10__n-120.mid,data/model_audio/sweep/long_high_long-rep03__t-legato_slur__d-mf__s-steps__w-wt10_wc10__n-120.wav,planned
long_high_long-rep04__t-legato_slur__d-mf__s-steps__w-wt10_wc10__n-120,model,VIOLET,sweep_steps,steps,long_high_long,long,high,long,legato_slur,real_counterfactual_primary,49,mf,64,64,,1479089932150990109,20260826,long_high_long-rep04,4,1.0,1.0,120,81.0,True,0.75,data/midi/sweep/steps/n120/long_high_long-rep04__t-legato_slur__d-mf__s-steps__w-wt10_wc10__n-120.mid,data/model_audio/sweep/long_high_long-rep04__t-legato_slur__d-mf__s-steps__w-wt10_wc10__n-120.wav,planned
long_high_long-rep05__t-legato_slur__d-mf__s-steps__w-wt10_wc10__n-120,model,VIOLET,sweep_steps,steps,long_high_long,long,high,long,legato_slur,real_counterfactual_primary,49,mf,64,64,,1048861310561683284,20260826,long_high_long-rep05,5,1.0,1.0,120,81.0,True,0.75,data/midi/sweep/steps/n120/long_high_long-rep05__t-legato_slur__d-mf__s-steps__w-wt10_wc10__n-120.mid,data/model_audio/sweep/long_high_long-rep05__t-legato_slur__d-mf__s-steps__w-wt10_wc10__n-120.wav,planned
long_high_long-rep06__t-legato_slur__d-mf__s-steps__w-wt10_wc10__n-120,model,VIOLET,sweep_steps,steps,long_high_long,long,high,long,legato_slur,real_counterfactual_primary,49,mf,64,64,,1312400529811761307,20260826,long_high_long-rep06,6,1.0,1.0,120,81.0,True,0.75,data/midi/sweep/steps/n120/long_high_long-rep06__t-legato_slur__d-mf__s-steps__w-wt10_wc10__n-120.mid,data/model_audio/sweep/long_high_long-rep06__t-legato_slur__d-mf__s-steps__w-wt10_wc10__n-120.wav,planned
long_high_long-rep07__t-legato_slur__d-mf__s-steps__w-wt10_wc10__n-120,model,VIOLET,sweep_steps,steps,long_high_long,long,high,long,legato_slur,real_counterfactual_primary,49,mf,64,64,,8007516170939644700,20260826,long_high_long-rep07,7,1.0,1.0,120,81.0,True,0.75,data/midi/sweep/steps/n120/long_high_long-rep07__t-legato_slur__d-mf__s-steps__w-wt10_wc10__n-120.mid,data/model_audio/sweep/long_high_long-rep07__t-legato_slur__d-mf__s-steps__w-wt10_wc10__n-120.wav,planned
long_high_long-rep08__t-legato_slur__d-mf__s-steps__w-wt10_wc10__n-120,model,VIOLET,sweep_steps,steps,long_high_long,long,high,long,legato_slur,real_counterfactual_primary,49,mf,64,64,,1402403455823634827,20260826,long_high_long-rep08,8,1.0,1.0,120,81.0,True,0.75,data/midi/sweep/steps/n120/long_high_long-rep08__t-legato_slur__d-mf__s-steps__w-wt10_wc10__n-120.mid,data/model_audio/sweep/long_high_long-rep08__t-legato_slur__d-mf__s-steps__w-wt10_wc10__n-120.wav,planned
long_high_long-rep01__t-legato_slur__d-f__s-steps__w-wt10_wc10__n-120,model,VIOLET,sweep_steps,steps,long_high_long,long,high,long,legato_slur,real_counterfactual_primary,49,f,96,96,,783129699631193259,20260826,long_high_long-rep01,1,1.0,1.0,120,81.0,True,0.75,data/midi/sweep/steps/n120/long_high_long-rep01__t-legato_slur__d-f__s-steps__w-wt10_wc10__n-120.mid,data/model_audio/sweep/long_high_long-rep01__t-legato_slur__d-f__s-steps__w-wt10_wc10__n-120.wav,planned
long_high_long-rep02__t-legato_slur__d-f__s-steps__w-wt10_wc10__n-120,model,VIOLET,sweep_steps,steps,long_high_long,long,high,long,legato_slur,real_counterfactual_primary,49,f,96,96,,3205758975103824288,20260826,long_high_long-rep02,2,1.0,1.0,120,81.0,True,0.75,data/midi/sweep/steps/n120/long_high_long-rep02__t-legato_slur__d-f__s-steps__w-wt10_wc10__n-120.mid,data/model_audio/sweep/long_high_long-rep02__t-legato_slur__d-f__s-steps__w-wt10_wc10__n-120.wav,planned
long_high_long-rep03__t-legato_slur__d-f__s-steps__w-wt10_wc10__n-120,model,VIOLET,sweep_steps,steps,long_high_long,long,high,long,legato_slur,real_counterfactual_primary,49,f,96,96,,8260705675710319947,20260826,long_high_long-rep03,3,1.0,1.0,120,81.0,True,0.75,data/midi/sweep/steps/n120/long_high_long-rep03__t-legato_slur__d-f__s-steps__w-wt10_wc10__n-120.mid,data/model_audio/sweep/long_high_long-rep03__t-legato_slur__d-f__s-steps__w-wt10_wc10__n-120.wav,planned
long_high_long-rep04__t-legato_slur__d-f__s-steps__w-wt10_wc10__n-120,model,VIOLET,sweep_steps,steps,long_high_long,long,high,long,legato_slur,real_counterfactual_primary,49,f,96,96,,1479089932150990109,20260826,long_high_long-rep04,4,1.0,1.0,120,81.0,True,0.75,data/midi/sweep/steps/n120/long_high_long-rep04__t-legato_slur__d-f__s-steps__w-wt10_wc10__n-120.mid,data/model_audio/sweep/long_high_long-rep04__t-legato_slur__d-f__s-steps__w-wt10_wc10__n-120.wav,planned
long_high_long-rep05__t-legato_slur__d-f__s-steps__w-wt10_wc10__n-120,model,VIOLET,sweep_steps,steps,long_high_long,long,high,long,legato_slur,real_counterfactual_primary,49,f,96,96,,1048861310561683284,20260826,long_high_long-rep05,5,1.0,1.0,120,81.0,True,0.75,data/midi/sweep/steps/n120/long_high_long-rep05__t-legato_slur__d-f__s-steps__w-wt10_wc10__n-120.mid,data/model_audio/sweep/long_high_long-rep05__t-legato_slur__d-f__s-steps__w-wt10_wc10__n-120.wav,planned
long_high_long-rep06__t-legato_slur__d-f__s-steps__w-wt10_wc10__n-120,model,VIOLET,sweep_steps,steps,long_high_long,long,high,long,legato_slur,real_counterfactual_primary,49,f,96,96,,1312400529811761307,20260826,long_high_long-rep06,6,1.0,1.0,120,81.0,True,0.75,data/midi/sweep/steps/n120/long_high_long-rep06__t-legato_slur__d-f__s-steps__w-wt10_wc10__n-120.mid,data/model_audio/sweep/long_high_long-rep06__t-legato_slur__d-f__s-steps__w-wt10_wc10__n-120.wav,planned
long_high_long-rep07__t-legato_slur__d-f__s-steps__w-wt10_wc10__n-120,model,VIOLET,sweep_steps,steps,long_high_long,long,high,long,legato_slur,real_counterfactual_primary,49,f,96,96,,8007516170939644700,20260826,long_high_long-rep07,7,1.0,1.0,120,81.0,True,0.75,data/midi/sweep/steps/n120/long_high_long-rep07__t-legato_slur__d-f__s-steps__w-wt10_wc10__n-120.mid,data/model_audio/sweep/long_high_long-rep07__t-legato_slur__d-f__s-steps__w-wt10_wc10__n-120.wav,planned
long_high_long-rep08__t-legato_slur__d-f__s-steps__w-wt10_wc10__n-120,model,VIOLET,sweep_steps,steps,long_high_long,long,high,long,legato_slur,real_counterfactual_primary,49,f,96,96,,1402403455823634827,20260826,long_high_long-rep08,8,1.0,1.0,120,81.0,True,0.75,data/midi/sweep/steps/n120/long_high_long-rep08__t-legato_slur__d-f__s-steps__w-wt10_wc10__n-120.mid,data/model_audio/sweep/long_high_long-rep08__t-legato_slur__d-f__s-steps__w-wt10_wc10__n-120.wav,planned
scale_mid_short-rep01__t-sustain__d-p__s-steps__w-wt10_wc10__n-120,model,VIOLET,sweep_steps,steps,scale_mid_short,scale,mid,short,sustain,real_counterfactual_primary,36,p,32,32,,8916637503902644932,20260826,scale_mid_short-rep01,1,1.0,1.0,120,,False,0.75,data/midi/sweep/steps/n120/scale_mid_short-rep01__t-sustain__d-p__s-steps__w-wt10_wc10__n-120.mid,data/model_audio/sweep/scale_mid_short-rep01__t-sustain__d-p__s-steps__w-wt10_wc10__n-120.wav,planned
scale_mid_short-rep02__t-sustain__d-p__s-steps__w-wt10_wc10__n-120,model,VIOLET,sweep_steps,steps,scale_mid_short,scale,mid,short,sustain,real_counterfactual_primary,36,p,32,32,,5772993731483631798,20260826,scale_mid_short-rep02,2,1.0,1.0,120,,False,0.75,data/midi/sweep/steps/n120/scale_mid_short-rep02__t-sustain__d-p__s-steps__w-wt10_wc10__n-120.mid,data/model_audio/sweep/scale_mid_short-rep02__t-sustain__d-p__s-steps__w-wt10_wc10__n-120.wav,planned
scale_mid_short-rep03__t-sustain__d-p__s-steps__w-wt10_wc10__n-120,model,VIOLET,sweep_steps,steps,scale_mid_short,scale,mid,short,sustain,real_counterfactual_primary,36,p,32,32,,2703252911251744809,20260826,scale_mid_short-rep03,3,1.0,1.0,120,,False,0.75,data/midi/sweep/steps/n120/scale_mid_short-rep03__t-sustain__d-p__s-steps__w-wt10_wc10__n-120.mid,data/model_audio/sweep/scale_mid_short-rep03__t-sustain__d-p__s-steps__w-wt10_wc10__n-120.wav,planned
scale_mid_short-rep04__t-sustain__d-p__s-steps__w-wt10_wc10__n-120,model,VIOLET,sweep_steps,steps,scale_mid_short,scale,mid,short,sustain,real_counterfactual_primary,36,p,32,32,,2671567752565276374,20260826,scale_mid_short-rep04,4,1.0,1.0,120,,False,0.75,data/midi/sweep/steps/n120/scale_mid_short-rep04__t-sustain__d-p__s-steps__w-wt10_wc10__n-120.mid,data/model_audio/sweep/scale_mid_short-rep04__t-sustain__d-p__s-steps__w-wt10_wc10__n-120.wav,planned
scale_mid_short-rep05__t-sustain__d-p__s-steps__w-wt10_wc10__n-120,model,VIOLET,sweep_steps,steps,scale_mid_short,scale,mid,short,sustain,real_counterfactual_primary,36,p,32,32,,7415418296980324191,20260826,scale_mid_short-rep05,5,1.0,1.0,120,,False,0.75,data/midi/sweep/steps/n120/scale_mid_short-rep05__t-sustain__d-p__s-steps__w-wt10_wc10__n-120.mid,data/model_audio/sweep/scale_mid_short-rep05__t-sustain__d-p__s-steps__w-wt10_wc10__n-120.wav,planned
scale_mid_short-rep06__t-sustain__d-p__s-steps__w-wt10_wc10__n-120,model,VIOLET,sweep_steps,steps,scale_mid_short,scale,mid,short,sustain,real_counterfactual_primary,36,p,32,32,,6027264788678356307,20260826,scale_mid_short-rep06,6,1.0,1.0,120,,False,0.75,data/midi/sweep/steps/n120/scale_mid_short-rep06__t-sustain__d-p__s-steps__w-wt10_wc10__n-120.mid,data/model_audio/sweep/scale_mid_short-rep06__t-sustain__d-p__s-steps__w-wt10_wc10__n-120.wav,planned
scale_mid_short-rep07__t-sustain__d-p__s-steps__w-wt10_wc10__n-120,model,VIOLET,sweep_steps,steps,scale_mid_short,scale,mid,short,sustain,real_counterfactual_primary,36,p,32,32,,8414794976596378452,20260826,scale_mid_short-rep07,7,1.0,1.0,120,,False,0.75,data/midi/sweep/steps/n120/scale_mid_short-rep07__t-sustain__d-p__s-steps__w-wt10_wc10__n-120.mid,data/model_audio/sweep/scale_mid_short-rep07__t-sustain__d-p__s-steps__w-wt10_wc10__n-120.wav,planned
scale_mid_short-rep08__t-sustain__d-p__s-steps__w-wt10_wc10__n-120,model,VIOLET,sweep_steps,steps,scale_mid_short,scale,mid,short,sustain,real_counterfactual_primary,36,p,32,32,,7710350254521893862,20260826,scale_mid_short-rep08,8,1.0,1.0,120,,False,0.75,data/midi/sweep/steps/n120/scale_mid_short-rep08__t-sustain__d-p__s-steps__w-wt10_wc10__n-120.mid,data/model_audio/sweep/scale_mid_short-rep08__t-sustain__d-p__s-steps__w-wt10_wc10__n-120.wav,planned
scale_mid_short-rep01__t-sustain__d-mf__s-steps__w-wt10_wc10__n-120,model,VIOLET,sweep_steps,steps,scale_mid_short,scale,mid,short,sustain,real_counterfactual_primary,36,mf,64,64,,8916637503902644932,20260826,scale_mid_short-rep01,1,1.0,1.0,120,,False,0.75,data/midi/sweep/steps/n120/scale_mid_short-rep01__t-sustain__d-mf__s-steps__w-wt10_wc10__n-120.mid,data/model_audio/sweep/scale_mid_short-rep01__t-sustain__d-mf__s-steps__w-wt10_wc10__n-120.wav,planned
scale_mid_short-rep02__t-sustain__d-mf__s-steps__w-wt10_wc10__n-120,model,VIOLET,sweep_steps,steps,scale_mid_short,scale,mid,short,sustain,real_counterfactual_primary,36,mf,64,64,,5772993731483631798,20260826,scale_mid_short-rep02,2,1.0,1.0,120,,False,0.75,data/midi/sweep/steps/n120/scale_mid_short-rep02__t-sustain__d-mf__s-steps__w-wt10_wc10__n-120.mid,data/model_audio/sweep/scale_mid_short-rep02__t-sustain__d-mf__s-steps__w-wt10_wc10__n-120.wav,planned
scale_mid_short-rep03__t-sustain__d-mf__s-steps__w-wt10_wc10__n-120,model,VIOLET,sweep_steps,steps,scale_mid_short,scale,mid,short,sustain,real_counterfactual_primary,36,mf,64,64,,2703252911251744809,20260826,scale_mid_short-rep03,3,1.0,1.0,120,,False,0.75,data/midi/sweep/steps/n120/scale_mid_short-rep03__t-sustain__d-mf__s-steps__w-wt10_wc10__n-120.mid,data/model_audio/sweep/scale_mid_short-rep03__t-sustain__d-mf__s-steps__w-wt10_wc10__n-120.wav,planned
scale_mid_short-rep04__t-sustain__d-mf__s-steps__w-wt10_wc10__n-120,model,VIOLET,sweep_steps,steps,scale_mid_short,scale,mid,short,sustain,real_counterfactual_primary,36,mf,64,64,,2671567752565276374,20260826,scale_mid_short-rep04,4,1.0,1.0,120,,False,0.75,data/midi/sweep/steps/n120/scale_mid_short-rep04__t-sustain__d-mf__s-steps__w-wt10_wc10__n-120.mid,data/model_audio/sweep/scale_mid_short-rep04__t-sustain__d-mf__s-steps__w-wt10_wc10__n-120.wav,planned
scale_mid_short-rep05__t-sustain__d-mf__s-steps__w-wt10_wc10__n-120,model,VIOLET,sweep_steps,steps,scale_mid_short,scale,mid,short,sustain,real_counterfactual_primary,36,mf,64,64,,7415418296980324191,20260826,scale_mid_short-rep05,5,1.0,1.0,120,,False,0.75,data/midi/sweep/steps/n120/scale_mid_short-rep05__t-sustain__d-mf__s-steps__w-wt10_wc10__n-120.mid,data/model_audio/sweep/scale_mid_short-rep05__t-sustain__d-mf__s-steps__w-wt10_wc10__n-120.wav,planned
scale_mid_short-rep06__t-sustain__d-mf__s-steps__w-wt10_wc10__n-120,model,VIOLET,sweep_steps,steps,scale_mid_short,scale,mid,short,sustain,real_counterfactual_primary,36,mf,64,64,,6027264788678356307,20260826,scale_mid_short-rep06,6,1.0,1.0,120,,False,0.75,data/midi/sweep/steps/n120/scale_mid_short-rep06__t-sustain__d-mf__s-steps__w-wt10_wc10__n-120.mid,data/model_audio/sweep/scale_mid_short-rep06__t-sustain__d-mf__s-steps__w-wt10_wc10__n-120.wav,planned
scale_mid_short-rep07__t-sustain__d-mf__s-steps__w-wt10_wc10__n-120,model,VIOLET,sweep_steps,steps,scale_mid_short,scale,mid,short,sustain,real_counterfactual_primary,36,mf,64,64,,8414794976596378452,20260826,scale_mid_short-rep07,7,1.0,1.0,120,,False,0.75,data/midi/sweep/steps/n120/scale_mid_short-rep07__t-sustain__d-mf__s-steps__w-wt10_wc10__n-120.mid,data/model_audio/sweep/scale_mid_short-rep07__t-sustain__d-mf__s-steps__w-wt10_wc10__n-120.wav,planned
scale_mid_short-rep08__t-sustain__d-mf__s-steps__w-wt10_wc10__n-120,model,VIOLET,sweep_steps,steps,scale_mid_short,scale,mid,short,sustain,real_counterfactual_primary,36,mf,64,64,,7710350254521893862,20260826,scale_mid_short-rep08,8,1.0,1.0,120,,False,0.75,data/midi/sweep/steps/n120/scale_mid_short-rep08__t-sustain__d-mf__s-steps__w-wt10_wc10__n-120.mid,data/model_audio/sweep/scale_mid_short-rep08__t-sustain__d-mf__s-steps__w-wt10_wc10__n-120.wav,planned
scale_mid_short-rep01__t-sustain__d-f__s-steps__w-wt10_wc10__n-120,model,VIOLET,sweep_steps,steps,scale_mid_short,scale,mid,short,sustain,real_counterfactual_primary,36,f,96,96,,8916637503902644932,20260826,scale_mid_short-rep01,1,1.0,1.0,120,,False,0.75,data/midi/sweep/steps/n120/scale_mid_short-rep01__t-sustain__d-f__s-steps__w-wt10_wc10__n-120.mid,data/model_audio/sweep/scale_mid_short-rep01__t-sustain__d-f__s-steps__w-wt10_wc10__n-120.wav,planned
scale_mid_short-rep02__t-sustain__d-f__s-steps__w-wt10_wc10__n-120,model,VIOLET,sweep_steps,steps,scale_mid_short,scale,mid,short,sustain,real_counterfactual_primary,36,f,96,96,,5772993731483631798,20260826,scale_mid_short-rep02,2,1.0,1.0,120,,False,0.75,data/midi/sweep/steps/n120/scale_mid_short-rep02__t-sustain__d-f__s-steps__w-wt10_wc10__n-120.mid,data/model_audio/sweep/scale_mid_short-rep02__t-sustain__d-f__s-steps__w-wt10_wc10__n-120.wav,planned
scale_mid_short-rep03__t-sustain__d-f__s-steps__w-wt10_wc10__n-120,model,VIOLET,sweep_steps,steps,scale_mid_short,scale,mid,short,sustain,real_counterfactual_primary,36,f,96,96,,2703252911251744809,20260826,scale_mid_short-rep03,3,1.0,1.0,120,,False,0.75,data/midi/sweep/steps/n120/scale_mid_short-rep03__t-sustain__d-f__s-steps__w-wt10_wc10__n-120.mid,data/model_audio/sweep/scale_mid_short-rep03__t-sustain__d-f__s-steps__w-wt10_wc10__n-120.wav,planned
scale_mid_short-rep04__t-sustain__d-f__s-steps__w-wt10_wc10__n-120,model,VIOLET,sweep_steps,steps,scale_mid_short,scale,mid,short,sustain,real_counterfactual_primary,36,f,96,96,,2671567752565276374,20260826,scale_mid_short-rep04,4,1.0,1.0,120,,False,0.75,data/midi/sweep/steps/n120/scale_mid_short-rep04__t-sustain__d-f__s-steps__w-wt10_wc10__n-120.mid,data/model_audio/sweep/scale_mid_short-rep04__t-sustain__d-f__s-steps__w-wt10_wc10__n-120.wav,planned
scale_mid_short-rep05__t-sustain__d-f__s-steps__w-wt10_wc10__n-120,model,VIOLET,sweep_steps,steps,scale_mid_short,scale,mid,short,sustain,real_counterfactual_primary,36,f,96,96,,7415418296980324191,20260826,scale_mid_short-rep05,5,1.0,1.0,120,,False,0.75,data/midi/sweep/steps/n120/scale_mid_short-rep05__t-sustain__d-f__s-steps__w-wt10_wc10__n-120.mid,data/model_audio/sweep/scale_mid_short-rep05__t-sustain__d-f__s-steps__w-wt10_wc10__n-120.wav,planned
scale_mid_short-rep06__t-sustain__d-f__s-steps__w-wt10_wc10__n-120,model,VIOLET,sweep_steps,steps,scale_mid_short,scale,mid,short,sustain,real_counterfactual_primary,36,f,96,96,,6027264788678356307,20260826,scale_mid_short-rep06,6,1.0,1.0,120,,False,0.75,data/midi/sweep/steps/n120/scale_mid_short-rep06__t-sustain__d-f__s-steps__w-wt10_wc10__n-120.mid,data/model_audio/sweep/scale_mid_short-rep06__t-sustain__d-f__s-steps__w-wt10_wc10__n-120.wav,planned
scale_mid_short-rep07__t-sustain__d-f__s-steps__w-wt10_wc10__n-120,model,VIOLET,sweep_steps,steps,scale_mid_short,scale,mid,short,sustain,real_counterfactual_primary,36,f,96,96,,8414794976596378452,20260826,scale_mid_short-rep07,7,1.0,1.0,120,,False,0.75,data/midi/sweep/steps/n120/scale_mid_short-rep07__t-sustain__d-f__s-steps__w-wt10_wc10__n-120.mid,data/model_audio/sweep/scale_mid_short-rep07__t-sustain__d-f__s-steps__w-wt10_wc10__n-120.wav,planned
scale_mid_short-rep08__t-sustain__d-f__s-steps__w-wt10_wc10__n-120,model,VIOLET,sweep_steps,steps,scale_mid_short,scale,mid,short,sustain,real_counterfactual_primary,36,f,96,96,,7710350254521893862,20260826,scale_mid_short-rep08,8,1.0,1.0,120,,False,0.75,data/midi/sweep/steps/n120/scale_mid_short-rep08__t-sustain__d-f__s-steps__w-wt10_wc10__n-120.mid,data/model_audio/sweep/scale_mid_short-rep08__t-sustain__d-f__s-steps__w-wt10_wc10__n-120.wav,planned
scale_mid_short-rep01__t-staccato__d-p__s-steps__w-wt10_wc10__n-120,model,VIOLET,sweep_steps,steps,scale_mid_short,scale,mid,short,staccato,real_counterfactual_primary,40,p,32,32,,8916637503902644932,20260826,scale_mid_short-rep01,1,1.0,1.0,120,,False,0.75,data/midi/sweep/steps/n120/scale_mid_short-rep01__t-staccato__d-p__s-steps__w-wt10_wc10__n-120.mid,data/model_audio/sweep/scale_mid_short-rep01__t-staccato__d-p__s-steps__w-wt10_wc10__n-120.wav,planned
scale_mid_short-rep02__t-staccato__d-p__s-steps__w-wt10_wc10__n-120,model,VIOLET,sweep_steps,steps,scale_mid_short,scale,mid,short,staccato,real_counterfactual_primary,40,p,32,32,,5772993731483631798,20260826,scale_mid_short-rep02,2,1.0,1.0,120,,False,0.75,data/midi/sweep/steps/n120/scale_mid_short-rep02__t-staccato__d-p__s-steps__w-wt10_wc10__n-120.mid,data/model_audio/sweep/scale_mid_short-rep02__t-staccato__d-p__s-steps__w-wt10_wc10__n-120.wav,planned
scale_mid_short-rep03__t-staccato__d-p__s-steps__w-wt10_wc10__n-120,model,VIOLET,sweep_steps,steps,scale_mid_short,scale,mid,short,staccato,real_counterfactual_primary,40,p,32,32,,2703252911251744809,20260826,scale_mid_short-rep03,3,1.0,1.0,120,,False,0.75,data/midi/sweep/steps/n120/scale_mid_short-rep03__t-staccato__d-p__s-steps__w-wt10_wc10__n-120.mid,data/model_audio/sweep/scale_mid_short-rep03__t-staccato__d-p__s-steps__w-wt10_wc10__n-120.wav,planned
scale_mid_short-rep04__t-staccato__d-p__s-steps__w-wt10_wc10__n-120,model,VIOLET,sweep_steps,steps,scale_mid_short,scale,mid,short,staccato,real_counterfactual_primary,40,p,32,32,,2671567752565276374,20260826,scale_mid_short-rep04,4,1.0,1.0,120,,False,0.75,data/midi/sweep/steps/n120/scale_mid_short-rep04__t-staccato__d-p__s-steps__w-wt10_wc10__n-120.mid,data/model_audio/sweep/scale_mid_short-rep04__t-staccato__d-p__s-steps__w-wt10_wc10__n-120.wav,planned
scale_mid_short-rep05__t-staccato__d-p__s-steps__w-wt10_wc10__n-120,model,VIOLET,sweep_steps,steps,scale_mid_short,scale,mid,short,staccato,real_counterfactual_primary,40,p,32,32,,7415418296980324191,20260826,scale_mid_short-rep05,5,1.0,1.0,120,,False,0.75,data/midi/sweep/steps/n120/scale_mid_short-rep05__t-staccato__d-p__s-steps__w-wt10_wc10__n-120.mid,data/model_audio/sweep/scale_mid_short-rep05__t-staccato__d-p__s-steps__w-wt10_wc10__n-120.wav,planned
scale_mid_short-rep06__t-staccato__d-p__s-steps__w-wt10_wc10__n-120,model,VIOLET,sweep_steps,steps,scale_mid_short,scale,mid,short,staccato,real_counterfactual_primary,40,p,32,32,,6027264788678356307,20260826,scale_mid_short-rep06,6,1.0,1.0,120,,False,0.75,data/midi/sweep/steps/n120/scale_mid_short-rep06__t-staccato__d-p__s-steps__w-wt10_wc10__n-120.mid,data/model_audio/sweep/scale_mid_short-rep06__t-staccato__d-p__s-steps__w-wt10_wc10__n-120.wav,planned
scale_mid_short-rep07__t-staccato__d-p__s-steps__w-wt10_wc10__n-120,model,VIOLET,sweep_steps,steps,scale_mid_short,scale,mid,short,staccato,real_counterfactual_primary,40,p,32,32,,8414794976596378452,20260826,scale_mid_short-rep07,7,1.0,1.0,120,,False,0.75,data/midi/sweep/steps/n120/scale_mid_short-rep07__t-staccato__d-p__s-steps__w-wt10_wc10__n-120.mid,data/model_audio/sweep/scale_mid_short-rep07__t-staccato__d-p__s-steps__w-wt10_wc10__n-120.wav,planned
scale_mid_short-rep08__t-staccato__d-p__s-steps__w-wt10_wc10__n-120,model,VIOLET,sweep_steps,steps,scale_mid_short,scale,mid,short,staccato,real_counterfactual_primary,40,p,32,32,,7710350254521893862,20260826,scale_mid_short-rep08,8,1.0,1.0,120,,False,0.75,data/midi/sweep/steps/n120/scale_mid_short-rep08__t-staccato__d-p__s-steps__w-wt10_wc10__n-120.mid,data/model_audio/sweep/scale_mid_short-rep08__t-staccato__d-p__s-steps__w-wt10_wc10__n-120.wav,planned
scale_mid_short-rep01__t-staccato__d-mf__s-steps__w-wt10_wc10__n-120,model,VIOLET,sweep_steps,steps,scale_mid_short,scale,mid,short,staccato,real_counterfactual_primary,40,mf,64,64,,8916637503902644932,20260826,scale_mid_short-rep01,1,1.0,1.0,120,,False,0.75,data/midi/sweep/steps/n120/scale_mid_short-rep01__t-staccato__d-mf__s-steps__w-wt10_wc10__n-120.mid,data/model_audio/sweep/scale_mid_short-rep01__t-staccato__d-mf__s-steps__w-wt10_wc10__n-120.wav,planned
scale_mid_short-rep02__t-staccato__d-mf__s-steps__w-wt10_wc10__n-120,model,VIOLET,sweep_steps,steps,scale_mid_short,scale,mid,short,staccato,real_counterfactual_primary,40,mf,64,64,,5772993731483631798,20260826,scale_mid_short-rep02,2,1.0,1.0,120,,False,0.75,data/midi/sweep/steps/n120/scale_mid_short-rep02__t-staccato__d-mf__s-steps__w-wt10_wc10__n-120.mid,data/model_audio/sweep/scale_mid_short-rep02__t-staccato__d-mf__s-steps__w-wt10_wc10__n-120.wav,planned
scale_mid_short-rep03__t-staccato__d-mf__s-steps__w-wt10_wc10__n-120,model,VIOLET,sweep_steps,steps,scale_mid_short,scale,mid,short,staccato,real_counterfactual_primary,40,mf,64,64,,2703252911251744809,20260826,scale_mid_short-rep03,3,1.0,1.0,120,,False,0.75,data/midi/sweep/steps/n120/scale_mid_short-rep03__t-staccato__d-mf__s-steps__w-wt10_wc10__n-120.mid,data/model_audio/sweep/scale_mid_short-rep03__t-staccato__d-mf__s-steps__w-wt10_wc10__n-120.wav,planned
scale_mid_short-rep04__t-staccato__d-mf__s-steps__w-wt10_wc10__n-120,model,VIOLET,sweep_steps,steps,scale_mid_short,scale,mid,short,staccato,real_counterfactual_primary,40,mf,64,64,,2671567752565276374,20260826,scale_mid_short-rep04,4,1.0,1.0,120,,False,0.75,data/midi/sweep/steps/n120/scale_mid_short-rep04__t-staccato__d-mf__s-steps__w-wt10_wc10__n-120.mid,data/model_audio/sweep/scale_mid_short-rep04__t-staccato__d-mf__s-steps__w-wt10_wc10__n-120.wav,planned
scale_mid_short-rep05__t-staccato__d-mf__s-steps__w-wt10_wc10__n-120,model,VIOLET,sweep_steps,steps,scale_mid_short,scale,mid,short,staccato,real_counterfactual_primary,40,mf,64,64,,7415418296980324191,20260826,scale_mid_short-rep05,5,1.0,1.0,120,,False,0.75,data/midi/sweep/steps/n120/scale_mid_short-rep05__t-staccato__d-mf__s-steps__w-wt10_wc10__n-120.mid,data/model_audio/sweep/scale_mid_short-rep05__t-staccato__d-mf__s-steps__w-wt10_wc10__n-120.wav,planned
scale_mid_short-rep06__t-staccato__d-mf__s-steps__w-wt10_wc10__n-120,model,VIOLET,sweep_steps,steps,scale_mid_short,scale,mid,short,staccato,real_counterfactual_primary,40,mf,64,64,,6027264788678356307,20260826,scale_mid_short-rep06,6,1.0,1.0,120,,False,0.75,data/midi/sweep/steps/n120/scale_mid_short-rep06__t-staccato__d-mf__s-steps__w-wt10_wc10__n-120.mid,data/model_audio/sweep/scale_mid_short-rep06__t-staccato__d-mf__s-steps__w-wt10_wc10__n-120.wav,planned
scale_mid_short-rep07__t-staccato__d-mf__s-steps__w-wt10_wc10__n-120,model,VIOLET,sweep_steps,steps,scale_mid_short,scale,mid,short,staccato,real_counterfactual_primary,40,mf,64,64,,8414794976596378452,20260826,scale_mid_short-rep07,7,1.0,1.0,120,,False,0.75,data/midi/sweep/steps/n120/scale_mid_short-rep07__t-staccato__d-mf__s-steps__w-wt10_wc10__n-120.mid,data/model_audio/sweep/scale_mid_short-rep07__t-staccato__d-mf__s-steps__w-wt10_wc10__n-120.wav,planned
scale_mid_short-rep08__t-staccato__d-mf__s-steps__w-wt10_wc10__n-120,model,VIOLET,sweep_steps,steps,scale_mid_short,scale,mid,short,staccato,real_counterfactual_primary,40,mf,64,64,,7710350254521893862,20260826,scale_mid_short-rep08,8,1.0,1.0,120,,False,0.75,data/midi/sweep/steps/n120/scale_mid_short-rep08__t-staccato__d-mf__s-steps__w-wt10_wc10__n-120.mid,data/model_audio/sweep/scale_mid_short-rep08__t-staccato__d-mf__s-steps__w-wt10_wc10__n-120.wav,planned
scale_mid_short-rep01__t-staccato__d-f__s-steps__w-wt10_wc10__n-120,model,VIOLET,sweep_steps,steps,scale_mid_short,scale,mid,short,staccato,real_counterfactual_primary,40,f,96,96,,8916637503902644932,20260826,scale_mid_short-rep01,1,1.0,1.0,120,,False,0.75,data/midi/sweep/steps/n120/scale_mid_short-rep01__t-staccato__d-f__s-steps__w-wt10_wc10__n-120.mid,data/model_audio/sweep/scale_mid_short-rep01__t-staccato__d-f__s-steps__w-wt10_wc10__n-120.wav,planned
scale_mid_short-rep02__t-staccato__d-f__s-steps__w-wt10_wc10__n-120,model,VIOLET,sweep_steps,steps,scale_mid_short,scale,mid,short,staccato,real_counterfactual_primary,40,f,96,96,,5772993731483631798,20260826,scale_mid_short-rep02,2,1.0,1.0,120,,False,0.75,data/midi/sweep/steps/n120/scale_mid_short-rep02__t-staccato__d-f__s-steps__w-wt10_wc10__n-120.mid,data/model_audio/sweep/scale_mid_short-rep02__t-staccato__d-f__s-steps__w-wt10_wc10__n-120.wav,planned
scale_mid_short-rep03__t-staccato__d-f__s-steps__w-wt10_wc10__n-120,model,VIOLET,sweep_steps,steps,scale_mid_short,scale,mid,short,staccato,real_counterfactual_primary,40,f,96,96,,2703252911251744809,20260826,scale_mid_short-rep03,3,1.0,1.0,120,,False,0.75,data/midi/sweep/steps/n120/scale_mid_short-rep03__t-staccato__d-f__s-steps__w-wt10_wc10__n-120.mid,data/model_audio/sweep/scale_mid_short-rep03__t-staccato__d-f__s-steps__w-wt10_wc10__n-120.wav,planned
scale_mid_short-rep04__t-staccato__d-f__s-steps__w-wt10_wc10__n-120,model,VIOLET,sweep_steps,steps,scale_mid_short,scale,mid,short,staccato,real_counterfactual_primary,40,f,96,96,,2671567752565276374,20260826,scale_mid_short-rep04,4,1.0,1.0,120,,False,0.75,data/midi/sweep/steps/n120/scale_mid_short-rep04__t-staccato__d-f__s-steps__w-wt10_wc10__n-120.mid,data/model_audio/sweep/scale_mid_short-rep04__t-staccato__d-f__s-steps__w-wt10_wc10__n-120.wav,planned
scale_mid_short-rep05__t-staccato__d-f__s-steps__w-wt10_wc10__n-120,model,VIOLET,sweep_steps,steps,scale_mid_short,scale,mid,short,staccato,real_counterfactual_primary,40,f,96,96,,7415418296980324191,20260826,scale_mid_short-rep05,5,1.0,1.0,120,,False,0.75,data/midi/sweep/steps/n120/scale_mid_short-rep05__t-staccato__d-f__s-steps__w-wt10_wc10__n-120.mid,data/model_audio/sweep/scale_mid_short-rep05__t-staccato__d-f__s-steps__w-wt10_wc10__n-120.wav,planned
scale_mid_short-rep06__t-staccato__d-f__s-steps__w-wt10_wc10__n-120,model,VIOLET,sweep_steps,steps,scale_mid_short,scale,mid,short,staccato,real_counterfactual_primary,40,f,96,96,,6027264788678356307,20260826,scale_mid_short-rep06,6,1.0,1.0,120,,False,0.75,data/midi/sweep/steps/n120/scale_mid_short-rep06__t-staccato__d-f__s-steps__w-wt10_wc10__n-120.mid,data/model_audio/sweep/scale_mid_short-rep06__t-staccato__d-f__s-steps__w-wt10_wc10__n-120.wav,planned
scale_mid_short-rep07__t-staccato__d-f__s-steps__w-wt10_wc10__n-120,model,VIOLET,sweep_steps,steps,scale_mid_short,scale,mid,short,staccato,real_counterfactual_primary,40,f,96,96,,8414794976596378452,20260826,scale_mid_short-rep07,7,1.0,1.0,120,,False,0.75,data/midi/sweep/steps/n120/scale_mid_short-rep07__t-staccato__d-f__s-steps__w-wt10_wc10__n-120.mid,data/model_audio/sweep/scale_mid_short-rep07__t-staccato__d-f__s-steps__w-wt10_wc10__n-120.wav,planned
scale_mid_short-rep08__t-staccato__d-f__s-steps__w-wt10_wc10__n-120,model,VIOLET,sweep_steps,steps,scale_mid_short,scale,mid,short,staccato,real_counterfactual_primary,40,f,96,96,,7710350254521893862,20260826,scale_mid_short-rep08,8,1.0,1.0,120,,False,0.75,data/midi/sweep/steps/n120/scale_mid_short-rep08__t-staccato__d-f__s-steps__w-wt10_wc10__n-120.mid,data/model_audio/sweep/scale_mid_short-rep08__t-staccato__d-f__s-steps__w-wt10_wc10__n-120.wav,planned
scale_mid_short-rep01__t-pizzicato__d-p__s-steps__w-wt10_wc10__n-120,model,VIOLET,sweep_steps,steps,scale_mid_short,scale,mid,short,pizzicato,real_counterfactual_primary,43,p,32,32,,8916637503902644932,20260826,scale_mid_short-rep01,1,1.0,1.0,120,,False,0.75,data/midi/sweep/steps/n120/scale_mid_short-rep01__t-pizzicato__d-p__s-steps__w-wt10_wc10__n-120.mid,data/model_audio/sweep/scale_mid_short-rep01__t-pizzicato__d-p__s-steps__w-wt10_wc10__n-120.wav,planned
scale_mid_short-rep02__t-pizzicato__d-p__s-steps__w-wt10_wc10__n-120,model,VIOLET,sweep_steps,steps,scale_mid_short,scale,mid,short,pizzicato,real_counterfactual_primary,43,p,32,32,,5772993731483631798,20260826,scale_mid_short-rep02,2,1.0,1.0,120,,False,0.75,data/midi/sweep/steps/n120/scale_mid_short-rep02__t-pizzicato__d-p__s-steps__w-wt10_wc10__n-120.mid,data/model_audio/sweep/scale_mid_short-rep02__t-pizzicato__d-p__s-steps__w-wt10_wc10__n-120.wav,planned
scale_mid_short-rep03__t-pizzicato__d-p__s-steps__w-wt10_wc10__n-120,model,VIOLET,sweep_steps,steps,scale_mid_short,scale,mid,short,pizzicato,real_counterfactual_primary,43,p,32,32,,2703252911251744809,20260826,scale_mid_short-rep03,3,1.0,1.0,120,,False,0.75,data/midi/sweep/steps/n120/scale_mid_short-rep03__t-pizzicato__d-p__s-steps__w-wt10_wc10__n-120.mid,data/model_audio/sweep/scale_mid_short-rep03__t-pizzicato__d-p__s-steps__w-wt10_wc10__n-120.wav,planned
scale_mid_short-rep04__t-pizzicato__d-p__s-steps__w-wt10_wc10__n-120,model,VIOLET,sweep_steps,steps,scale_mid_short,scale,mid,short,pizzicato,real_counterfactual_primary,43,p,32,32,,2671567752565276374,20260826,scale_mid_short-rep04,4,1.0,1.0,120,,False,0.75,data/midi/sweep/steps/n120/scale_mid_short-rep04__t-pizzicato__d-p__s-steps__w-wt10_wc10__n-120.mid,data/model_audio/sweep/scale_mid_short-rep04__t-pizzicato__d-p__s-steps__w-wt10_wc10__n-120.wav,planned
scale_mid_short-rep05__t-pizzicato__d-p__s-steps__w-wt10_wc10__n-120,model,VIOLET,sweep_steps,steps,scale_mid_short,scale,mid,short,pizzicato,real_counterfactual_primary,43,p,32,32,,7415418296980324191,20260826,scale_mid_short-rep05,5,1.0,1.0,120,,False,0.75,data/midi/sweep/steps/n120/scale_mid_short-rep05__t-pizzicato__d-p__s-steps__w-wt10_wc10__n-120.mid,data/model_audio/sweep/scale_mid_short-rep05__t-pizzicato__d-p__s-steps__w-wt10_wc10__n-120.wav,planned
scale_mid_short-rep06__t-pizzicato__d-p__s-steps__w-wt10_wc10__n-120,model,VIOLET,sweep_steps,steps,scale_mid_short,scale,mid,short,pizzicato,real_counterfactual_primary,43,p,32,32,,6027264788678356307,20260826,scale_mid_short-rep06,6,1.0,1.0,120,,False,0.75,data/midi/sweep/steps/n120/scale_mid_short-rep06__t-pizzicato__d-p__s-steps__w-wt10_wc10__n-120.mid,data/model_audio/sweep/scale_mid_short-rep06__t-pizzicato__d-p__s-steps__w-wt10_wc10__n-120.wav,planned
scale_mid_short-rep07__t-pizzicato__d-p__s-steps__w-wt10_wc10__n-120,model,VIOLET,sweep_steps,steps,scale_mid_short,scale,mid,short,pizzicato,real_counterfactual_primary,43,p,32,32,,8414794976596378452,20260826,scale_mid_short-rep07,7,1.0,1.0,120,,False,0.75,data/midi/sweep/steps/n120/scale_mid_short-rep07__t-pizzicato__d-p__s-steps__w-wt10_wc10__n-120.mid,data/model_audio/sweep/scale_mid_short-rep07__t-pizzicato__d-p__s-steps__w-wt10_wc10__n-120.wav,planned
scale_mid_short-rep08__t-pizzicato__d-p__s-steps__w-wt10_wc10__n-120,model,VIOLET,sweep_steps,steps,scale_mid_short,scale,mid,short,pizzicato,real_counterfactual_primary,43,p,32,32,,7710350254521893862,20260826,scale_mid_short-rep08,8,1.0,1.0,120,,False,0.75,data/midi/sweep/steps/n120/scale_mid_short-rep08__t-pizzicato__d-p__s-steps__w-wt10_wc10__n-120.mid,data/model_audio/sweep/scale_mid_short-rep08__t-pizzicato__d-p__s-steps__w-wt10_wc10__n-120.wav,planned
scale_mid_short-rep01__t-pizzicato__d-mf__s-steps__w-wt10_wc10__n-120,model,VIOLET,sweep_steps,steps,scale_mid_short,scale,mid,short,pizzicato,real_counterfactual_primary,43,mf,64,64,,8916637503902644932,20260826,scale_mid_short-rep01,1,1.0,1.0,120,,False,0.75,data/midi/sweep/steps/n120/scale_mid_short-rep01__t-pizzicato__d-mf__s-steps__w-wt10_wc10__n-120.mid,data/model_audio/sweep/scale_mid_short-rep01__t-pizzicato__d-mf__s-steps__w-wt10_wc10__n-120.wav,planned
scale_mid_short-rep02__t-pizzicato__d-mf__s-steps__w-wt10_wc10__n-120,model,VIOLET,sweep_steps,steps,scale_mid_short,scale,mid,short,pizzicato,real_counterfactual_primary,43,mf,64,64,,5772993731483631798,20260826,scale_mid_short-rep02,2,1.0,1.0,120,,False,0.75,data/midi/sweep/steps/n120/scale_mid_short-rep02__t-pizzicato__d-mf__s-steps__w-wt10_wc10__n-120.mid,data/model_audio/sweep/scale_mid_short-rep02__t-pizzicato__d-mf__s-steps__w-wt10_wc10__n-120.wav,planned
scale_mid_short-rep03__t-pizzicato__d-mf__s-steps__w-wt10_wc10__n-120,model,VIOLET,sweep_steps,steps,scale_mid_short,scale,mid,short,pizzicato,real_counterfactual_primary,43,mf,64,64,,2703252911251744809,20260826,scale_mid_short-rep03,3,1.0,1.0,120,,False,0.75,data/midi/sweep/steps/n120/scale_mid_short-rep03__t-pizzicato__d-mf__s-steps__w-wt10_wc10__n-120.mid,data/model_audio/sweep/scale_mid_short-rep03__t-pizzicato__d-mf__s-steps__w-wt10_wc10__n-120.wav,planned
scale_mid_short-rep04__t-pizzicato__d-mf__s-steps__w-wt10_wc10__n-120,model,VIOLET,sweep_steps,steps,scale_mid_short,scale,mid,short,pizzicato,real_counterfactual_primary,43,mf,64,64,,2671567752565276374,20260826,scale_mid_short-rep04,4,1.0,1.0,120,,False,0.75,data/midi/sweep/steps/n120/scale_mid_short-rep04__t-pizzicato__d-mf__s-steps__w-wt10_wc10__n-120.mid,data/model_audio/sweep/scale_mid_short-rep04__t-pizzicato__d-mf__s-steps__w-wt10_wc10__n-120.wav,planned
scale_mid_short-rep05__t-pizzicato__d-mf__s-steps__w-wt10_wc10__n-120,model,VIOLET,sweep_steps,steps,scale_mid_short,scale,mid,short,pizzicato,real_counterfactual_primary,43,mf,64,64,,7415418296980324191,20260826,scale_mid_short-rep05,5,1.0,1.0,120,,False,0.75,data/midi/sweep/steps/n120/scale_mid_short-rep05__t-pizzicato__d-mf__s-steps__w-wt10_wc10__n-120.mid,data/model_audio/sweep/scale_mid_short-rep05__t-pizzicato__d-mf__s-steps__w-wt10_wc10__n-120.wav,planned
scale_mid_short-rep06__t-pizzicato__d-mf__s-steps__w-wt10_wc10__n-120,model,VIOLET,sweep_steps,steps,scale_mid_short,scale,mid,short,pizzicato,real_counterfactual_primary,43,mf,64,64,,6027264788678356307,20260826,scale_mid_short-rep06,6,1.0,1.0,120,,False,0.75,data/midi/sweep/steps/n120/scale_mid_short-rep06__t-pizzicato__d-mf__s-steps__w-wt10_wc10__n-120.mid,data/model_audio/sweep/scale_mid_short-rep06__t-pizzicato__d-mf__s-steps__w-wt10_wc10__n-120.wav,planned
scale_mid_short-rep07__t-pizzicato__d-mf__s-steps__w-wt10_wc10__n-120,model,VIOLET,sweep_steps,steps,scale_mid_short,scale,mid,short,pizzicato,real_counterfactual_primary,43,mf,64,64,,8414794976596378452,20260826,scale_mid_short-rep07,7,1.0,1.0,120,,False,0.75,data/midi/sweep/steps/n120/scale_mid_short-rep07__t-pizzicato__d-mf__s-steps__w-wt10_wc10__n-120.mid,data/model_audio/sweep/scale_mid_short-rep07__t-pizzicato__d-mf__s-steps__w-wt10_wc10__n-120.wav,planned
scale_mid_short-rep08__t-pizzicato__d-mf__s-steps__w-wt10_wc10__n-120,model,VIOLET,sweep_steps,steps,scale_mid_short,scale,mid,short,pizzicato,real_counterfactual_primary,43,mf,64,64,,7710350254521893862,20260826,scale_mid_short-rep08,8,1.0,1.0,120,,False,0.75,data/midi/sweep/steps/n120/scale_mid_short-rep08__t-pizzicato__d-mf__s-steps__w-wt10_wc10__n-120.mid,data/model_audio/sweep/scale_mid_short-rep08__t-pizzicato__d-mf__s-steps__w-wt10_wc10__n-120.wav,planned
scale_mid_short-rep01__t-pizzicato__d-f__s-steps__w-wt10_wc10__n-120,model,VIOLET,sweep_steps,steps,scale_mid_short,scale,mid,short,pizzicato,real_counterfactual_primary,43,f,96,96,,8916637503902644932,20260826,scale_mid_short-rep01,1,1.0,1.0,120,,False,0.75,data/midi/sweep/steps/n120/scale_mid_short-rep01__t-pizzicato__d-f__s-steps__w-wt10_wc10__n-120.mid,data/model_audio/sweep/scale_mid_short-rep01__t-pizzicato__d-f__s-steps__w-wt10_wc10__n-120.wav,planned
scale_mid_short-rep02__t-pizzicato__d-f__s-steps__w-wt10_wc10__n-120,model,VIOLET,sweep_steps,steps,scale_mid_short,scale,mid,short,pizzicato,real_counterfactual_primary,43,f,96,96,,5772993731483631798,20260826,scale_mid_short-rep02,2,1.0,1.0,120,,False,0.75,data/midi/sweep/steps/n120/scale_mid_short-rep02__t-pizzicato__d-f__s-steps__w-wt10_wc10__n-120.mid,data/model_audio/sweep/scale_mid_short-rep02__t-pizzicato__d-f__s-steps__w-wt10_wc10__n-120.wav,planned
scale_mid_short-rep03__t-pizzicato__d-f__s-steps__w-wt10_wc10__n-120,model,VIOLET,sweep_steps,steps,scale_mid_short,scale,mid,short,pizzicato,real_counterfactual_primary,43,f,96,96,,2703252911251744809,20260826,scale_mid_short-rep03,3,1.0,1.0,120,,False,0.75,data/midi/sweep/steps/n120/scale_mid_short-rep03__t-pizzicato__d-f__s-steps__w-wt10_wc10__n-120.mid,data/model_audio/sweep/scale_mid_short-rep03__t-pizzicato__d-f__s-steps__w-wt10_wc10__n-120.wav,planned
scale_mid_short-rep04__t-pizzicato__d-f__s-steps__w-wt10_wc10__n-120,model,VIOLET,sweep_steps,steps,scale_mid_short,scale,mid,short,pizzicato,real_counterfactual_primary,43,f,96,96,,2671567752565276374,20260826,scale_mid_short-rep04,4,1.0,1.0,120,,False,0.75,data/midi/sweep/steps/n120/scale_mid_short-rep04__t-pizzicato__d-f__s-steps__w-wt10_wc10__n-120.mid,data/model_audio/sweep/scale_mid_short-rep04__t-pizzicato__d-f__s-steps__w-wt10_wc10__n-120.wav,planned
scale_mid_short-rep05__t-pizzicato__d-f__s-steps__w-wt10_wc10__n-120,model,VIOLET,sweep_steps,steps,scale_mid_short,scale,mid,short,pizzicato,real_counterfactual_primary,43,f,96,96,,7415418296980324191,20260826,scale_mid_short-rep05,5,1.0,1.0,120,,False,0.75,data/midi/sweep/steps/n120/scale_mid_short-rep05__t-pizzicato__d-f__s-steps__w-wt10_wc10__n-120.mid,data/model_audio/sweep/scale_mid_short-rep05__t-pizzicato__d-f__s-steps__w-wt10_wc10__n-120.wav,planned
scale_mid_short-rep06__t-pizzicato__d-f__s-steps__w-wt10_wc10__n-120,model,VIOLET,sweep_steps,steps,scale_mid_short,scale,mid,short,pizzicato,real_counterfactual_primary,43,f,96,96,,6027264788678356307,20260826,scale_mid_short-rep06,6,1.0,1.0,120,,False,0.75,data/midi/sweep/steps/n120/scale_mid_short-rep06__t-pizzicato__d-f__s-steps__w-wt10_wc10__n-120.mid,data/model_audio/sweep/scale_mid_short-rep06__t-pizzicato__d-f__s-steps__w-wt10_wc10__n-120.wav,planned
scale_mid_short-rep07__t-pizzicato__d-f__s-steps__w-wt10_wc10__n-120,model,VIOLET,sweep_steps,steps,scale_mid_short,scale,mid,short,pizzicato,real_counterfactual_primary,43,f,96,96,,8414794976596378452,20260826,scale_mid_short-rep07,7,1.0,1.0,120,,False,0.75,data/midi/sweep/steps/n120/scale_mid_short-rep07__t-pizzicato__d-f__s-steps__w-wt10_wc10__n-120.mid,data/model_audio/sweep/scale_mid_short-rep07__t-pizzicato__d-f__s-steps__w-wt10_wc10__n-120.wav,planned
scale_mid_short-rep08__t-pizzicato__d-f__s-steps__w-wt10_wc10__n-120,model,VIOLET,sweep_steps,steps,scale_mid_short,scale,mid,short,pizzicato,real_counterfactual_primary,43,f,96,96,,7710350254521893862,20260826,scale_mid_short-rep08,8,1.0,1.0,120,,False,0.75,data/midi/sweep/steps/n120/scale_mid_short-rep08__t-pizzicato__d-f__s-steps__w-wt10_wc10__n-120.mid,data/model_audio/sweep/scale_mid_short-rep08__t-pizzicato__d-f__s-steps__w-wt10_wc10__n-120.wav,planned
scale_mid_short-rep01__t-legato_slur__d-p__s-steps__w-wt10_wc10__n-120,model,VIOLET,sweep_steps,steps,scale_mid_short,scale,mid,short,legato_slur,real_counterfactual_primary,49,p,32,32,,8916637503902644932,20260826,scale_mid_short-rep01,1,1.0,1.0,120,,False,0.75,data/midi/sweep/steps/n120/scale_mid_short-rep01__t-legato_slur__d-p__s-steps__w-wt10_wc10__n-120.mid,data/model_audio/sweep/scale_mid_short-rep01__t-legato_slur__d-p__s-steps__w-wt10_wc10__n-120.wav,planned
scale_mid_short-rep02__t-legato_slur__d-p__s-steps__w-wt10_wc10__n-120,model,VIOLET,sweep_steps,steps,scale_mid_short,scale,mid,short,legato_slur,real_counterfactual_primary,49,p,32,32,,5772993731483631798,20260826,scale_mid_short-rep02,2,1.0,1.0,120,,False,0.75,data/midi/sweep/steps/n120/scale_mid_short-rep02__t-legato_slur__d-p__s-steps__w-wt10_wc10__n-120.mid,data/model_audio/sweep/scale_mid_short-rep02__t-legato_slur__d-p__s-steps__w-wt10_wc10__n-120.wav,planned
scale_mid_short-rep03__t-legato_slur__d-p__s-steps__w-wt10_wc10__n-120,model,VIOLET,sweep_steps,steps,scale_mid_short,scale,mid,short,legato_slur,real_counterfactual_primary,49,p,32,32,,2703252911251744809,20260826,scale_mid_short-rep03,3,1.0,1.0,120,,False,0.75,data/midi/sweep/steps/n120/scale_mid_short-rep03__t-legato_slur__d-p__s-steps__w-wt10_wc10__n-120.mid,data/model_audio/sweep/scale_mid_short-rep03__t-legato_slur__d-p__s-steps__w-wt10_wc10__n-120.wav,planned
scale_mid_short-rep04__t-legato_slur__d-p__s-steps__w-wt10_wc10__n-120,model,VIOLET,sweep_steps,steps,scale_mid_short,scale,mid,short,legato_slur,real_counterfactual_primary,49,p,32,32,,2671567752565276374,20260826,scale_mid_short-rep04,4,1.0,1.0,120,,False,0.75,data/midi/sweep/steps/n120/scale_mid_short-rep04__t-legato_slur__d-p__s-steps__w-wt10_wc10__n-120.mid,data/model_audio/sweep/scale_mid_short-rep04__t-legato_slur__d-p__s-steps__w-wt10_wc10__n-120.wav,planned
scale_mid_short-rep05__t-legato_slur__d-p__s-steps__w-wt10_wc10__n-120,model,VIOLET,sweep_steps,steps,scale_mid_short,scale,mid,short,legato_slur,real_counterfactual_primary,49,p,32,32,,7415418296980324191,20260826,scale_mid_short-rep05,5,1.0,1.0,120,,False,0.75,data/midi/sweep/steps/n120/scale_mid_short-rep05__t-legato_slur__d-p__s-steps__w-wt10_wc10__n-120.mid,data/model_audio/sweep/scale_mid_short-rep05__t-legato_slur__d-p__s-steps__w-wt10_wc10__n-120.wav,planned
scale_mid_short-rep06__t-legato_slur__d-p__s-steps__w-wt10_wc10__n-120,model,VIOLET,sweep_steps,steps,scale_mid_short,scale,mid,short,legato_slur,real_counterfactual_primary,49,p,32,32,,6027264788678356307,20260826,scale_mid_short-rep06,6,1.0,1.0,120,,False,0.75,data/midi/sweep/steps/n120/scale_mid_short-rep06__t-legato_slur__d-p__s-steps__w-wt10_wc10__n-120.mid,data/model_audio/sweep/scale_mid_short-rep06__t-legato_slur__d-p__s-steps__w-wt10_wc10__n-120.wav,planned
scale_mid_short-rep07__t-legato_slur__d-p__s-steps__w-wt10_wc10__n-120,model,VIOLET,sweep_steps,steps,scale_mid_short,scale,mid,short,legato_slur,real_counterfactual_primary,49,p,32,32,,8414794976596378452,20260826,scale_mid_short-rep07,7,1.0,1.0,120,,False,0.75,data/midi/sweep/steps/n120/scale_mid_short-rep07__t-legato_slur__d-p__s-steps__w-wt10_wc10__n-120.mid,data/model_audio/sweep/scale_mid_short-rep07__t-legato_slur__d-p__s-steps__w-wt10_wc10__n-120.wav,planned
scale_mid_short-rep08__t-legato_slur__d-p__s-steps__w-wt10_wc10__n-120,model,VIOLET,sweep_steps,steps,scale_mid_short,scale,mid,short,legato_slur,real_counterfactual_primary,49,p,32,32,,7710350254521893862,20260826,scale_mid_short-rep08,8,1.0,1.0,120,,False,0.75,data/midi/sweep/steps/n120/scale_mid_short-rep08__t-legato_slur__d-p__s-steps__w-wt10_wc10__n-120.mid,data/model_audio/sweep/scale_mid_short-rep08__t-legato_slur__d-p__s-steps__w-wt10_wc10__n-120.wav,planned
scale_mid_short-rep01__t-legato_slur__d-mf__s-steps__w-wt10_wc10__n-120,model,VIOLET,sweep_steps,steps,scale_mid_short,scale,mid,short,legato_slur,real_counterfactual_primary,49,mf,64,64,,8916637503902644932,20260826,scale_mid_short-rep01,1,1.0,1.0,120,,False,0.75,data/midi/sweep/steps/n120/scale_mid_short-rep01__t-legato_slur__d-mf__s-steps__w-wt10_wc10__n-120.mid,data/model_audio/sweep/scale_mid_short-rep01__t-legato_slur__d-mf__s-steps__w-wt10_wc10__n-120.wav,planned
scale_mid_short-rep02__t-legato_slur__d-mf__s-steps__w-wt10_wc10__n-120,model,VIOLET,sweep_steps,steps,scale_mid_short,scale,mid,short,legato_slur,real_counterfactual_primary,49,mf,64,64,,5772993731483631798,20260826,scale_mid_short-rep02,2,1.0,1.0,120,,False,0.75,data/midi/sweep/steps/n120/scale_mid_short-rep02__t-legato_slur__d-mf__s-steps__w-wt10_wc10__n-120.mid,data/model_audio/sweep/scale_mid_short-rep02__t-legato_slur__d-mf__s-steps__w-wt10_wc10__n-120.wav,planned
scale_mid_short-rep03__t-legato_slur__d-mf__s-steps__w-wt10_wc10__n-120,model,VIOLET,sweep_steps,steps,scale_mid_short,scale,mid,short,legato_slur,real_counterfactual_primary,49,mf,64,64,,2703252911251744809,20260826,scale_mid_short-rep03,3,1.0,1.0,120,,False,0.75,data/midi/sweep/steps/n120/scale_mid_short-rep03__t-legato_slur__d-mf__s-steps__w-wt10_wc10__n-120.mid,data/model_audio/sweep/scale_mid_short-rep03__t-legato_slur__d-mf__s-steps__w-wt10_wc10__n-120.wav,planned
scale_mid_short-rep04__t-legato_slur__d-mf__s-steps__w-wt10_wc10__n-120,model,VIOLET,sweep_steps,steps,scale_mid_short,scale,mid,short,legato_slur,real_counterfactual_primary,49,mf,64,64,,2671567752565276374,20260826,scale_mid_short-rep04,4,1.0,1.0,120,,False,0.75,data/midi/sweep/steps/n120/scale_mid_short-rep04__t-legato_slur__d-mf__s-steps__w-wt10_wc10__n-120.mid,data/model_audio/sweep/scale_mid_short-rep04__t-legato_slur__d-mf__s-steps__w-wt10_wc10__n-120.wav,planned
scale_mid_short-rep05__t-legato_slur__d-mf__s-steps__w-wt10_wc10__n-120,model,VIOLET,sweep_steps,steps,scale_mid_short,scale,mid,short,legato_slur,real_counterfactual_primary,49,mf,64,64,,7415418296980324191,20260826,scale_mid_short-rep05,5,1.0,1.0,120,,False,0.75,data/midi/sweep/steps/n120/scale_mid_short-rep05__t-legato_slur__d-mf__s-steps__w-wt10_wc10__n-120.mid,data/model_audio/sweep/scale_mid_short-rep05__t-legato_slur__d-mf__s-steps__w-wt10_wc10__n-120.wav,planned
scale_mid_short-rep06__t-legato_slur__d-mf__s-steps__w-wt10_wc10__n-120,model,VIOLET,sweep_steps,steps,scale_mid_short,scale,mid,short,legato_slur,real_counterfactual_primary,49,mf,64,64,,6027264788678356307,20260826,scale_mid_short-rep06,6,1.0,1.0,120,,False,0.75,data/midi/sweep/steps/n120/scale_mid_short-rep06__t-legato_slur__d-mf__s-steps__w-wt10_wc10__n-120.mid,data/model_audio/sweep/scale_mid_short-rep06__t-legato_slur__d-mf__s-steps__w-wt10_wc10__n-120.wav,planned
scale_mid_short-rep07__t-legato_slur__d-mf__s-steps__w-wt10_wc10__n-120,model,VIOLET,sweep_steps,steps,scale_mid_short,scale,mid,short,legato_slur,real_counterfactual_primary,49,mf,64,64,,8414794976596378452,20260826,scale_mid_short-rep07,7,1.0,1.0,120,,False,0.75,data/midi/sweep/steps/n120/scale_mid_short-rep07__t-legato_slur__d-mf__s-steps__w-wt10_wc10__n-120.mid,data/model_audio/sweep/scale_mid_short-rep07__t-legato_slur__d-mf__s-steps__w-wt10_wc10__n-120.wav,planned
scale_mid_short-rep08__t-legato_slur__d-mf__s-steps__w-wt10_wc10__n-120,model,VIOLET,sweep_steps,steps,scale_mid_short,scale,mid,short,legato_slur,real_counterfactual_primary,49,mf,64,64,,7710350254521893862,20260826,scale_mid_short-rep08,8,1.0,1.0,120,,False,0.75,data/midi/sweep/steps/n120/scale_mid_short-rep08__t-legato_slur__d-mf__s-steps__w-wt10_wc10__n-120.mid,data/model_audio/sweep/scale_mid_short-rep08__t-legato_slur__d-mf__s-steps__w-wt10_wc10__n-120.wav,planned
scale_mid_short-rep01__t-legato_slur__d-f__s-steps__w-wt10_wc10__n-120,model,VIOLET,sweep_steps,steps,scale_mid_short,scale,mid,short,legato_slur,real_counterfactual_primary,49,f,96,96,,8916637503902644932,20260826,scale_mid_short-rep01,1,1.0,1.0,120,,False,0.75,data/midi/sweep/steps/n120/scale_mid_short-rep01__t-legato_slur__d-f__s-steps__w-wt10_wc10__n-120.mid,data/model_audio/sweep/scale_mid_short-rep01__t-legato_slur__d-f__s-steps__w-wt10_wc10__n-120.wav,planned
scale_mid_short-rep02__t-legato_slur__d-f__s-steps__w-wt10_wc10__n-120,model,VIOLET,sweep_steps,steps,scale_mid_short,scale,mid,short,legato_slur,real_counterfactual_primary,49,f,96,96,,5772993731483631798,20260826,scale_mid_short-rep02,2,1.0,1.0,120,,False,0.75,data/midi/sweep/steps/n120/scale_mid_short-rep02__t-legato_slur__d-f__s-steps__w-wt10_wc10__n-120.mid,data/model_audio/sweep/scale_mid_short-rep02__t-legato_slur__d-f__s-steps__w-wt10_wc10__n-120.wav,planned
scale_mid_short-rep03__t-legato_slur__d-f__s-steps__w-wt10_wc10__n-120,model,VIOLET,sweep_steps,steps,scale_mid_short,scale,mid,short,legato_slur,real_counterfactual_primary,49,f,96,96,,2703252911251744809,20260826,scale_mid_short-rep03,3,1.0,1.0,120,,False,0.75,data/midi/sweep/steps/n120/scale_mid_short-rep03__t-legato_slur__d-f__s-steps__w-wt10_wc10__n-120.mid,data/model_audio/sweep/scale_mid_short-rep03__t-legato_slur__d-f__s-steps__w-wt10_wc10__n-120.wav,planned
scale_mid_short-rep04__t-legato_slur__d-f__s-steps__w-wt10_wc10__n-120,model,VIOLET,sweep_steps,steps,scale_mid_short,scale,mid,short,legato_slur,real_counterfactual_primary,49,f,96,96,,2671567752565276374,20260826,scale_mid_short-rep04,4,1.0,1.0,120,,False,0.75,data/midi/sweep/steps/n120/scale_mid_short-rep04__t-legato_slur__d-f__s-steps__w-wt10_wc10__n-120.mid,data/model_audio/sweep/scale_mid_short-rep04__t-legato_slur__d-f__s-steps__w-wt10_wc10__n-120.wav,planned
scale_mid_short-rep05__t-legato_slur__d-f__s-steps__w-wt10_wc10__n-120,model,VIOLET,sweep_steps,steps,scale_mid_short,scale,mid,short,legato_slur,real_counterfactual_primary,49,f,96,96,,7415418296980324191,20260826,scale_mid_short-rep05,5,1.0,1.0,120,,False,0.75,data/midi/sweep/steps/n120/scale_mid_short-rep05__t-legato_slur__d-f__s-steps__w-wt10_wc10__n-120.mid,data/model_audio/sweep/scale_mid_short-rep05__t-legato_slur__d-f__s-steps__w-wt10_wc10__n-120.wav,planned
scale_mid_short-rep06__t-legato_slur__d-f__s-steps__w-wt10_wc10__n-120,model,VIOLET,sweep_steps,steps,scale_mid_short,scale,mid,short,legato_slur,real_counterfactual_primary,49,f,96,96,,6027264788678356307,20260826,scale_mid_short-rep06,6,1.0,1.0,120,,False,0.75,data/midi/sweep/steps/n120/scale_mid_short-rep06__t-legato_slur__d-f__s-steps__w-wt10_wc10__n-120.mid,data/model_audio/sweep/scale_mid_short-rep06__t-legato_slur__d-f__s-steps__w-wt10_wc10__n-120.wav,planned
scale_mid_short-rep07__t-legato_slur__d-f__s-steps__w-wt10_wc10__n-120,model,VIOLET,sweep_steps,steps,scale_mid_short,scale,mid,short,legato_slur,real_counterfactual_primary,49,f,96,96,,8414794976596378452,20260826,scale_mid_short-rep07,7,1.0,1.0,120,,False,0.75,data/midi/sweep/steps/n120/scale_mid_short-rep07__t-legato_slur__d-f__s-steps__w-wt10_wc10__n-120.mid,data/model_audio/sweep/scale_mid_short-rep07__t-legato_slur__d-f__s-steps__w-wt10_wc10__n-120.wav,planned
scale_mid_short-rep08__t-legato_slur__d-f__s-steps__w-wt10_wc10__n-120,model,VIOLET,sweep_steps,steps,scale_mid_short,scale,mid,short,legato_slur,real_counterfactual_primary,49,f,96,96,,7710350254521893862,20260826,scale_mid_short-rep08,8,1.0,1.0,120,,False,0.75,data/midi/sweep/steps/n120/scale_mid_short-rep08__t-legato_slur__d-f__s-steps__w-wt10_wc10__n-120.mid,data/model_audio/sweep/scale_mid_short-rep08__t-legato_slur__d-f__s-steps__w-wt10_wc10__n-120.wav,planned
repeat_high_short-rep01__t-sustain__d-p__s-steps__w-wt10_wc10__n-120,model,VIOLET,sweep_steps,steps,repeat_high_short,repeat,high,short,sustain,real_counterfactual_primary,36,p,32,32,,1486918495616394073,20260826,repeat_high_short-rep01,1,1.0,1.0,120,86.0,True,0.75,data/midi/sweep/steps/n120/repeat_high_short-rep01__t-sustain__d-p__s-steps__w-wt10_wc10__n-120.mid,data/model_audio/sweep/repeat_high_short-rep01__t-sustain__d-p__s-steps__w-wt10_wc10__n-120.wav,planned
repeat_high_short-rep02__t-sustain__d-p__s-steps__w-wt10_wc10__n-120,model,VIOLET,sweep_steps,steps,repeat_high_short,repeat,high,short,sustain,real_counterfactual_primary,36,p,32,32,,6566840017249158017,20260826,repeat_high_short-rep02,2,1.0,1.0,120,86.0,True,0.75,data/midi/sweep/steps/n120/repeat_high_short-rep02__t-sustain__d-p__s-steps__w-wt10_wc10__n-120.mid,data/model_audio/sweep/repeat_high_short-rep02__t-sustain__d-p__s-steps__w-wt10_wc10__n-120.wav,planned
repeat_high_short-rep03__t-sustain__d-p__s-steps__w-wt10_wc10__n-120,model,VIOLET,sweep_steps,steps,repeat_high_short,repeat,high,short,sustain,real_counterfactual_primary,36,p,32,32,,4642787978972848128,20260826,repeat_high_short-rep03,3,1.0,1.0,120,86.0,True,0.75,data/midi/sweep/steps/n120/repeat_high_short-rep03__t-sustain__d-p__s-steps__w-wt10_wc10__n-120.mid,data/model_audio/sweep/repeat_high_short-rep03__t-sustain__d-p__s-steps__w-wt10_wc10__n-120.wav,planned
repeat_high_short-rep04__t-sustain__d-p__s-steps__w-wt10_wc10__n-120,model,VIOLET,sweep_steps,steps,repeat_high_short,repeat,high,short,sustain,real_counterfactual_primary,36,p,32,32,,8424793417753976084,20260826,repeat_high_short-rep04,4,1.0,1.0,120,86.0,True,0.75,data/midi/sweep/steps/n120/repeat_high_short-rep04__t-sustain__d-p__s-steps__w-wt10_wc10__n-120.mid,data/model_audio/sweep/repeat_high_short-rep04__t-sustain__d-p__s-steps__w-wt10_wc10__n-120.wav,planned
repeat_high_short-rep05__t-sustain__d-p__s-steps__w-wt10_wc10__n-120,model,VIOLET,sweep_steps,steps,repeat_high_short,repeat,high,short,sustain,real_counterfactual_primary,36,p,32,32,,5897494910305100146,20260826,repeat_high_short-rep05,5,1.0,1.0,120,86.0,True,0.75,data/midi/sweep/steps/n120/repeat_high_short-rep05__t-sustain__d-p__s-steps__w-wt10_wc10__n-120.mid,data/model_audio/sweep/repeat_high_short-rep05__t-sustain__d-p__s-steps__w-wt10_wc10__n-120.wav,planned
repeat_high_short-rep06__t-sustain__d-p__s-steps__w-wt10_wc10__n-120,model,VIOLET,sweep_steps,steps,repeat_high_short,repeat,high,short,sustain,real_counterfactual_primary,36,p,32,32,,362849367427029657,20260826,repeat_high_short-rep06,6,1.0,1.0,120,86.0,True,0.75,data/midi/sweep/steps/n120/repeat_high_short-rep06__t-sustain__d-p__s-steps__w-wt10_wc10__n-120.mid,data/model_audio/sweep/repeat_high_short-rep06__t-sustain__d-p__s-steps__w-wt10_wc10__n-120.wav,planned
repeat_high_short-rep07__t-sustain__d-p__s-steps__w-wt10_wc10__n-120,model,VIOLET,sweep_steps,steps,repeat_high_short,repeat,high,short,sustain,real_counterfactual_primary,36,p,32,32,,4677605101141283771,20260826,repeat_high_short-rep07,7,1.0,1.0,120,86.0,True,0.75,data/midi/sweep/steps/n120/repeat_high_short-rep07__t-sustain__d-p__s-steps__w-wt10_wc10__n-120.mid,data/model_audio/sweep/repeat_high_short-rep07__t-sustain__d-p__s-steps__w-wt10_wc10__n-120.wav,planned
repeat_high_short-rep08__t-sustain__d-p__s-steps__w-wt10_wc10__n-120,model,VIOLET,sweep_steps,steps,repeat_high_short,repeat,high,short,sustain,real_counterfactual_primary,36,p,32,32,,3105309729225828238,20260826,repeat_high_short-rep08,8,1.0,1.0,120,86.0,True,0.75,data/midi/sweep/steps/n120/repeat_high_short-rep08__t-sustain__d-p__s-steps__w-wt10_wc10__n-120.mid,data/model_audio/sweep/repeat_high_short-rep08__t-sustain__d-p__s-steps__w-wt10_wc10__n-120.wav,planned
repeat_high_short-rep01__t-sustain__d-mf__s-steps__w-wt10_wc10__n-120,model,VIOLET,sweep_steps,steps,repeat_high_short,repeat,high,short,sustain,real_counterfactual_primary,36,mf,64,64,,1486918495616394073,20260826,repeat_high_short-rep01,1,1.0,1.0,120,86.0,True,0.75,data/midi/sweep/steps/n120/repeat_high_short-rep01__t-sustain__d-mf__s-steps__w-wt10_wc10__n-120.mid,data/model_audio/sweep/repeat_high_short-rep01__t-sustain__d-mf__s-steps__w-wt10_wc10__n-120.wav,planned
repeat_high_short-rep02__t-sustain__d-mf__s-steps__w-wt10_wc10__n-120,model,VIOLET,sweep_steps,steps,repeat_high_short,repeat,high,short,sustain,real_counterfactual_primary,36,mf,64,64,,6566840017249158017,20260826,repeat_high_short-rep02,2,1.0,1.0,120,86.0,True,0.75,data/midi/sweep/steps/n120/repeat_high_short-rep02__t-sustain__d-mf__s-steps__w-wt10_wc10__n-120.mid,data/model_audio/sweep/repeat_high_short-rep02__t-sustain__d-mf__s-steps__w-wt10_wc10__n-120.wav,planned
repeat_high_short-rep03__t-sustain__d-mf__s-steps__w-wt10_wc10__n-120,model,VIOLET,sweep_steps,steps,repeat_high_short,repeat,high,short,sustain,real_counterfactual_primary,36,mf,64,64,,4642787978972848128,20260826,repeat_high_short-rep03,3,1.0,1.0,120,86.0,True,0.75,data/midi/sweep/steps/n120/repeat_high_short-rep03__t-sustain__d-mf__s-steps__w-wt10_wc10__n-120.mid,data/model_audio/sweep/repeat_high_short-rep03__t-sustain__d-mf__s-steps__w-wt10_wc10__n-120.wav,planned
repeat_high_short-rep04__t-sustain__d-mf__s-steps__w-wt10_wc10__n-120,model,VIOLET,sweep_steps,steps,repeat_high_short,repeat,high,short,sustain,real_counterfactual_primary,36,mf,64,64,,8424793417753976084,20260826,repeat_high_short-rep04,4,1.0,1.0,120,86.0,True,0.75,data/midi/sweep/steps/n120/repeat_high_short-rep04__t-sustain__d-mf__s-steps__w-wt10_wc10__n-120.mid,data/model_audio/sweep/repeat_high_short-rep04__t-sustain__d-mf__s-steps__w-wt10_wc10__n-120.wav,planned
repeat_high_short-rep05__t-sustain__d-mf__s-steps__w-wt10_wc10__n-120,model,VIOLET,sweep_steps,steps,repeat_high_short,repeat,high,short,sustain,real_counterfactual_primary,36,mf,64,64,,5897494910305100146,20260826,repeat_high_short-rep05,5,1.0,1.0,120,86.0,True,0.75,data/midi/sweep/steps/n120/repeat_high_short-rep05__t-sustain__d-mf__s-steps__w-wt10_wc10__n-120.mid,data/model_audio/sweep/repeat_high_short-rep05__t-sustain__d-mf__s-steps__w-wt10_wc10__n-120.wav,planned
repeat_high_short-rep06__t-sustain__d-mf__s-steps__w-wt10_wc10__n-120,model,VIOLET,sweep_steps,steps,repeat_high_short,repeat,high,short,sustain,real_counterfactual_primary,36,mf,64,64,,362849367427029657,20260826,repeat_high_short-rep06,6,1.0,1.0,120,86.0,True,0.75,data/midi/sweep/steps/n120/repeat_high_short-rep06__t-sustain__d-mf__s-steps__w-wt10_wc10__n-120.mid,data/model_audio/sweep/repeat_high_short-rep06__t-sustain__d-mf__s-steps__w-wt10_wc10__n-120.wav,planned
repeat_high_short-rep07__t-sustain__d-mf__s-steps__w-wt10_wc10__n-120,model,VIOLET,sweep_steps,steps,repeat_high_short,repeat,high,short,sustain,real_counterfactual_primary,36,mf,64,64,,4677605101141283771,20260826,repeat_high_short-rep07,7,1.0,1.0,120,86.0,True,0.75,data/midi/sweep/steps/n120/repeat_high_short-rep07__t-sustain__d-mf__s-steps__w-wt10_wc10__n-120.mid,data/model_audio/sweep/repeat_high_short-rep07__t-sustain__d-mf__s-steps__w-wt10_wc10__n-120.wav,planned
repeat_high_short-rep08__t-sustain__d-mf__s-steps__w-wt10_wc10__n-120,model,VIOLET,sweep_steps,steps,repeat_high_short,repeat,high,short,sustain,real_counterfactual_primary,36,mf,64,64,,3105309729225828238,20260826,repeat_high_short-rep08,8,1.0,1.0,120,86.0,True,0.75,data/midi/sweep/steps/n120/repeat_high_short-rep08__t-sustain__d-mf__s-steps__w-wt10_wc10__n-120.mid,data/model_audio/sweep/repeat_high_short-rep08__t-sustain__d-mf__s-steps__w-wt10_wc10__n-120.wav,planned
repeat_high_short-rep01__t-sustain__d-f__s-steps__w-wt10_wc10__n-120,model,VIOLET,sweep_steps,steps,repeat_high_short,repeat,high,short,sustain,real_counterfactual_primary,36,f,96,96,,1486918495616394073,20260826,repeat_high_short-rep01,1,1.0,1.0,120,86.0,True,0.75,data/midi/sweep/steps/n120/repeat_high_short-rep01__t-sustain__d-f__s-steps__w-wt10_wc10__n-120.mid,data/model_audio/sweep/repeat_high_short-rep01__t-sustain__d-f__s-steps__w-wt10_wc10__n-120.wav,planned
repeat_high_short-rep02__t-sustain__d-f__s-steps__w-wt10_wc10__n-120,model,VIOLET,sweep_steps,steps,repeat_high_short,repeat,high,short,sustain,real_counterfactual_primary,36,f,96,96,,6566840017249158017,20260826,repeat_high_short-rep02,2,1.0,1.0,120,86.0,True,0.75,data/midi/sweep/steps/n120/repeat_high_short-rep02__t-sustain__d-f__s-steps__w-wt10_wc10__n-120.mid,data/model_audio/sweep/repeat_high_short-rep02__t-sustain__d-f__s-steps__w-wt10_wc10__n-120.wav,planned
repeat_high_short-rep03__t-sustain__d-f__s-steps__w-wt10_wc10__n-120,model,VIOLET,sweep_steps,steps,repeat_high_short,repeat,high,short,sustain,real_counterfactual_primary,36,f,96,96,,4642787978972848128,20260826,repeat_high_short-rep03,3,1.0,1.0,120,86.0,True,0.75,data/midi/sweep/steps/n120/repeat_high_short-rep03__t-sustain__d-f__s-steps__w-wt10_wc10__n-120.mid,data/model_audio/sweep/repeat_high_short-rep03__t-sustain__d-f__s-steps__w-wt10_wc10__n-120.wav,planned
repeat_high_short-rep04__t-sustain__d-f__s-steps__w-wt10_wc10__n-120,model,VIOLET,sweep_steps,steps,repeat_high_short,repeat,high,short,sustain,real_counterfactual_primary,36,f,96,96,,8424793417753976084,20260826,repeat_high_short-rep04,4,1.0,1.0,120,86.0,True,0.75,data/midi/sweep/steps/n120/repeat_high_short-rep04__t-sustain__d-f__s-steps__w-wt10_wc10__n-120.mid,data/model_audio/sweep/repeat_high_short-rep04__t-sustain__d-f__s-steps__w-wt10_wc10__n-120.wav,planned
repeat_high_short-rep05__t-sustain__d-f__s-steps__w-wt10_wc10__n-120,model,VIOLET,sweep_steps,steps,repeat_high_short,repeat,high,short,sustain,real_counterfactual_primary,36,f,96,96,,5897494910305100146,20260826,repeat_high_short-rep05,5,1.0,1.0,120,86.0,True,0.75,data/midi/sweep/steps/n120/repeat_high_short-rep05__t-sustain__d-f__s-steps__w-wt10_wc10__n-120.mid,data/model_audio/sweep/repeat_high_short-rep05__t-sustain__d-f__s-steps__w-wt10_wc10__n-120.wav,planned
repeat_high_short-rep06__t-sustain__d-f__s-steps__w-wt10_wc10__n-120,model,VIOLET,sweep_steps,steps,repeat_high_short,repeat,high,short,sustain,real_counterfactual_primary,36,f,96,96,,362849367427029657,20260826,repeat_high_short-rep06,6,1.0,1.0,120,86.0,True,0.75,data/midi/sweep/steps/n120/repeat_high_short-rep06__t-sustain__d-f__s-steps__w-wt10_wc10__n-120.mid,data/model_audio/sweep/repeat_high_short-rep06__t-sustain__d-f__s-steps__w-wt10_wc10__n-120.wav,planned
repeat_high_short-rep07__t-sustain__d-f__s-steps__w-wt10_wc10__n-120,model,VIOLET,sweep_steps,steps,repeat_high_short,repeat,high,short,sustain,real_counterfactual_primary,36,f,96,96,,4677605101141283771,20260826,repeat_high_short-rep07,7,1.0,1.0,120,86.0,True,0.75,data/midi/sweep/steps/n120/repeat_high_short-rep07__t-sustain__d-f__s-steps__w-wt10_wc10__n-120.mid,data/model_audio/sweep/repeat_high_short-rep07__t-sustain__d-f__s-steps__w-wt10_wc10__n-120.wav,planned
repeat_high_short-rep08__t-sustain__d-f__s-steps__w-wt10_wc10__n-120,model,VIOLET,sweep_steps,steps,repeat_high_short,repeat,high,short,sustain,real_counterfactual_primary,36,f,96,96,,3105309729225828238,20260826,repeat_high_short-rep08,8,1.0,1.0,120,86.0,True,0.75,data/midi/sweep/steps/n120/repeat_high_short-rep08__t-sustain__d-f__s-steps__w-wt10_wc10__n-120.mid,data/model_audio/sweep/repeat_high_short-rep08__t-sustain__d-f__s-steps__w-wt10_wc10__n-120.wav,planned
repeat_high_short-rep01__t-staccato__d-p__s-steps__w-wt10_wc10__n-120,model,VIOLET,sweep_steps,steps,repeat_high_short,repeat,high,short,staccato,real_counterfactual_primary,40,p,32,32,,1486918495616394073,20260826,repeat_high_short-rep01,1,1.0,1.0,120,86.0,True,0.75,data/midi/sweep/steps/n120/repeat_high_short-rep01__t-staccato__d-p__s-steps__w-wt10_wc10__n-120.mid,data/model_audio/sweep/repeat_high_short-rep01__t-staccato__d-p__s-steps__w-wt10_wc10__n-120.wav,planned
repeat_high_short-rep02__t-staccato__d-p__s-steps__w-wt10_wc10__n-120,model,VIOLET,sweep_steps,steps,repeat_high_short,repeat,high,short,staccato,real_counterfactual_primary,40,p,32,32,,6566840017249158017,20260826,repeat_high_short-rep02,2,1.0,1.0,120,86.0,True,0.75,data/midi/sweep/steps/n120/repeat_high_short-rep02__t-staccato__d-p__s-steps__w-wt10_wc10__n-120.mid,data/model_audio/sweep/repeat_high_short-rep02__t-staccato__d-p__s-steps__w-wt10_wc10__n-120.wav,planned
repeat_high_short-rep03__t-staccato__d-p__s-steps__w-wt10_wc10__n-120,model,VIOLET,sweep_steps,steps,repeat_high_short,repeat,high,short,staccato,real_counterfactual_primary,40,p,32,32,,4642787978972848128,20260826,repeat_high_short-rep03,3,1.0,1.0,120,86.0,True,0.75,data/midi/sweep/steps/n120/repeat_high_short-rep03__t-staccato__d-p__s-steps__w-wt10_wc10__n-120.mid,data/model_audio/sweep/repeat_high_short-rep03__t-staccato__d-p__s-steps__w-wt10_wc10__n-120.wav,planned
repeat_high_short-rep04__t-staccato__d-p__s-steps__w-wt10_wc10__n-120,model,VIOLET,sweep_steps,steps,repeat_high_short,repeat,high,short,staccato,real_counterfactual_primary,40,p,32,32,,8424793417753976084,20260826,repeat_high_short-rep04,4,1.0,1.0,120,86.0,True,0.75,data/midi/sweep/steps/n120/repeat_high_short-rep04__t-staccato__d-p__s-steps__w-wt10_wc10__n-120.mid,data/model_audio/sweep/repeat_high_short-rep04__t-staccato__d-p__s-steps__w-wt10_wc10__n-120.wav,planned
repeat_high_short-rep05__t-staccato__d-p__s-steps__w-wt10_wc10__n-120,model,VIOLET,sweep_steps,steps,repeat_high_short,repeat,high,short,staccato,real_counterfactual_primary,40,p,32,32,,5897494910305100146,20260826,repeat_high_short-rep05,5,1.0,1.0,120,86.0,True,0.75,data/midi/sweep/steps/n120/repeat_high_short-rep05__t-staccato__d-p__s-steps__w-wt10_wc10__n-120.mid,data/model_audio/sweep/repeat_high_short-rep05__t-staccato__d-p__s-steps__w-wt10_wc10__n-120.wav,planned
repeat_high_short-rep06__t-staccato__d-p__s-steps__w-wt10_wc10__n-120,model,VIOLET,sweep_steps,steps,repeat_high_short,repeat,high,short,staccato,real_counterfactual_primary,40,p,32,32,,362849367427029657,20260826,repeat_high_short-rep06,6,1.0,1.0,120,86.0,True,0.75,data/midi/sweep/steps/n120/repeat_high_short-rep06__t-staccato__d-p__s-steps__w-wt10_wc10__n-120.mid,data/model_audio/sweep/repeat_high_short-rep06__t-staccato__d-p__s-steps__w-wt10_wc10__n-120.wav,planned
repeat_high_short-rep07__t-staccato__d-p__s-steps__w-wt10_wc10__n-120,model,VIOLET,sweep_steps,steps,repeat_high_short,repeat,high,short,staccato,real_counterfactual_primary,40,p,32,32,,4677605101141283771,20260826,repeat_high_short-rep07,7,1.0,1.0,120,86.0,True,0.75,data/midi/sweep/steps/n120/repeat_high_short-rep07__t-staccato__d-p__s-steps__w-wt10_wc10__n-120.mid,data/model_audio/sweep/repeat_high_short-rep07__t-staccato__d-p__s-steps__w-wt10_wc10__n-120.wav,planned
repeat_high_short-rep08__t-staccato__d-p__s-steps__w-wt10_wc10__n-120,model,VIOLET,sweep_steps,steps,repeat_high_short,repeat,high,short,staccato,real_counterfactual_primary,40,p,32,32,,3105309729225828238,20260826,repeat_high_short-rep08,8,1.0,1.0,120,86.0,True,0.75,data/midi/sweep/steps/n120/repeat_high_short-rep08__t-staccato__d-p__s-steps__w-wt10_wc10__n-120.mid,data/model_audio/sweep/repeat_high_short-rep08__t-staccato__d-p__s-steps__w-wt10_wc10__n-120.wav,planned
repeat_high_short-rep01__t-staccato__d-mf__s-steps__w-wt10_wc10__n-120,model,VIOLET,sweep_steps,steps,repeat_high_short,repeat,high,short,staccato,real_counterfactual_primary,40,mf,64,64,,1486918495616394073,20260826,repeat_high_short-rep01,1,1.0,1.0,120,86.0,True,0.75,data/midi/sweep/steps/n120/repeat_high_short-rep01__t-staccato__d-mf__s-steps__w-wt10_wc10__n-120.mid,data/model_audio/sweep/repeat_high_short-rep01__t-staccato__d-mf__s-steps__w-wt10_wc10__n-120.wav,planned
repeat_high_short-rep02__t-staccato__d-mf__s-steps__w-wt10_wc10__n-120,model,VIOLET,sweep_steps,steps,repeat_high_short,repeat,high,short,staccato,real_counterfactual_primary,40,mf,64,64,,6566840017249158017,20260826,repeat_high_short-rep02,2,1.0,1.0,120,86.0,True,0.75,data/midi/sweep/steps/n120/repeat_high_short-rep02__t-staccato__d-mf__s-steps__w-wt10_wc10__n-120.mid,data/model_audio/sweep/repeat_high_short-rep02__t-staccato__d-mf__s-steps__w-wt10_wc10__n-120.wav,planned
repeat_high_short-rep03__t-staccato__d-mf__s-steps__w-wt10_wc10__n-120,model,VIOLET,sweep_steps,steps,repeat_high_short,repeat,high,short,staccato,real_counterfactual_primary,40,mf,64,64,,4642787978972848128,20260826,repeat_high_short-rep03,3,1.0,1.0,120,86.0,True,0.75,data/midi/sweep/steps/n120/repeat_high_short-rep03__t-staccato__d-mf__s-steps__w-wt10_wc10__n-120.mid,data/model_audio/sweep/repeat_high_short-rep03__t-staccato__d-mf__s-steps__w-wt10_wc10__n-120.wav,planned
repeat_high_short-rep04__t-staccato__d-mf__s-steps__w-wt10_wc10__n-120,model,VIOLET,sweep_steps,steps,repeat_high_short,repeat,high,short,staccato,real_counterfactual_primary,40,mf,64,64,,8424793417753976084,20260826,repeat_high_short-rep04,4,1.0,1.0,120,86.0,True,0.75,data/midi/sweep/steps/n120/repeat_high_short-rep04__t-staccato__d-mf__s-steps__w-wt10_wc10__n-120.mid,data/model_audio/sweep/repeat_high_short-rep04__t-staccato__d-mf__s-steps__w-wt10_wc10__n-120.wav,planned
repeat_high_short-rep05__t-staccato__d-mf__s-steps__w-wt10_wc10__n-120,model,VIOLET,sweep_steps,steps,repeat_high_short,repeat,high,short,staccato,real_counterfactual_primary,40,mf,64,64,,5897494910305100146,20260826,repeat_high_short-rep05,5,1.0,1.0,120,86.0,True,0.75,data/midi/sweep/steps/n120/repeat_high_short-rep05__t-staccato__d-mf__s-steps__w-wt10_wc10__n-120.mid,data/model_audio/sweep/repeat_high_short-rep05__t-staccato__d-mf__s-steps__w-wt10_wc10__n-120.wav,planned
repeat_high_short-rep06__t-staccato__d-mf__s-steps__w-wt10_wc10__n-120,model,VIOLET,sweep_steps,steps,repeat_high_short,repeat,high,short,staccato,real_counterfactual_primary,40,mf,64,64,,362849367427029657,20260826,repeat_high_short-rep06,6,1.0,1.0,120,86.0,True,0.75,data/midi/sweep/steps/n120/repeat_high_short-rep06__t-staccato__d-mf__s-steps__w-wt10_wc10__n-120.mid,data/model_audio/sweep/repeat_high_short-rep06__t-staccato__d-mf__s-steps__w-wt10_wc10__n-120.wav,planned
repeat_high_short-rep07__t-staccato__d-mf__s-steps__w-wt10_wc10__n-120,model,VIOLET,sweep_steps,steps,repeat_high_short,repeat,high,short,staccato,real_counterfactual_primary,40,mf,64,64,,4677605101141283771,20260826,repeat_high_short-rep07,7,1.0,1.0,120,86.0,True,0.75,data/midi/sweep/steps/n120/repeat_high_short-rep07__t-staccato__d-mf__s-steps__w-wt10_wc10__n-120.mid,data/model_audio/sweep/repeat_high_short-rep07__t-staccato__d-mf__s-steps__w-wt10_wc10__n-120.wav,planned
repeat_high_short-rep08__t-staccato__d-mf__s-steps__w-wt10_wc10__n-120,model,VIOLET,sweep_steps,steps,repeat_high_short,repeat,high,short,staccato,real_counterfactual_primary,40,mf,64,64,,3105309729225828238,20260826,repeat_high_short-rep08,8,1.0,1.0,120,86.0,True,0.75,data/midi/sweep/steps/n120/repeat_high_short-rep08__t-staccato__d-mf__s-steps__w-wt10_wc10__n-120.mid,data/model_audio/sweep/repeat_high_short-rep08__t-staccato__d-mf__s-steps__w-wt10_wc10__n-120.wav,planned
repeat_high_short-rep01__t-staccato__d-f__s-steps__w-wt10_wc10__n-120,model,VIOLET,sweep_steps,steps,repeat_high_short,repeat,high,short,staccato,real_counterfactual_primary,40,f,96,96,,1486918495616394073,20260826,repeat_high_short-rep01,1,1.0,1.0,120,86.0,True,0.75,data/midi/sweep/steps/n120/repeat_high_short-rep01__t-staccato__d-f__s-steps__w-wt10_wc10__n-120.mid,data/model_audio/sweep/repeat_high_short-rep01__t-staccato__d-f__s-steps__w-wt10_wc10__n-120.wav,planned
repeat_high_short-rep02__t-staccato__d-f__s-steps__w-wt10_wc10__n-120,model,VIOLET,sweep_steps,steps,repeat_high_short,repeat,high,short,staccato,real_counterfactual_primary,40,f,96,96,,6566840017249158017,20260826,repeat_high_short-rep02,2,1.0,1.0,120,86.0,True,0.75,data/midi/sweep/steps/n120/repeat_high_short-rep02__t-staccato__d-f__s-steps__w-wt10_wc10__n-120.mid,data/model_audio/sweep/repeat_high_short-rep02__t-staccato__d-f__s-steps__w-wt10_wc10__n-120.wav,planned
repeat_high_short-rep03__t-staccato__d-f__s-steps__w-wt10_wc10__n-120,model,VIOLET,sweep_steps,steps,repeat_high_short,repeat,high,short,staccato,real_counterfactual_primary,40,f,96,96,,4642787978972848128,20260826,repeat_high_short-rep03,3,1.0,1.0,120,86.0,True,0.75,data/midi/sweep/steps/n120/repeat_high_short-rep03__t-staccato__d-f__s-steps__w-wt10_wc10__n-120.mid,data/model_audio/sweep/repeat_high_short-rep03__t-staccato__d-f__s-steps__w-wt10_wc10__n-120.wav,planned
repeat_high_short-rep04__t-staccato__d-f__s-steps__w-wt10_wc10__n-120,model,VIOLET,sweep_steps,steps,repeat_high_short,repeat,high,short,staccato,real_counterfactual_primary,40,f,96,96,,8424793417753976084,20260826,repeat_high_short-rep04,4,1.0,1.0,120,86.0,True,0.75,data/midi/sweep/steps/n120/repeat_high_short-rep04__t-staccato__d-f__s-steps__w-wt10_wc10__n-120.mid,data/model_audio/sweep/repeat_high_short-rep04__t-staccato__d-f__s-steps__w-wt10_wc10__n-120.wav,planned
repeat_high_short-rep05__t-staccato__d-f__s-steps__w-wt10_wc10__n-120,model,VIOLET,sweep_steps,steps,repeat_high_short,repeat,high,short,staccato,real_counterfactual_primary,40,f,96,96,,5897494910305100146,20260826,repeat_high_short-rep05,5,1.0,1.0,120,86.0,True,0.75,data/midi/sweep/steps/n120/repeat_high_short-rep05__t-staccato__d-f__s-steps__w-wt10_wc10__n-120.mid,data/model_audio/sweep/repeat_high_short-rep05__t-staccato__d-f__s-steps__w-wt10_wc10__n-120.wav,planned
repeat_high_short-rep06__t-staccato__d-f__s-steps__w-wt10_wc10__n-120,model,VIOLET,sweep_steps,steps,repeat_high_short,repeat,high,short,staccato,real_counterfactual_primary,40,f,96,96,,362849367427029657,20260826,repeat_high_short-rep06,6,1.0,1.0,120,86.0,True,0.75,data/midi/sweep/steps/n120/repeat_high_short-rep06__t-staccato__d-f__s-steps__w-wt10_wc10__n-120.mid,data/model_audio/sweep/repeat_high_short-rep06__t-staccato__d-f__s-steps__w-wt10_wc10__n-120.wav,planned
repeat_high_short-rep07__t-staccato__d-f__s-steps__w-wt10_wc10__n-120,model,VIOLET,sweep_steps,steps,repeat_high_short,repeat,high,short,staccato,real_counterfactual_primary,40,f,96,96,,4677605101141283771,20260826,repeat_high_short-rep07,7,1.0,1.0,120,86.0,True,0.75,data/midi/sweep/steps/n120/repeat_high_short-rep07__t-staccato__d-f__s-steps__w-wt10_wc10__n-120.mid,data/model_audio/sweep/repeat_high_short-rep07__t-staccato__d-f__s-steps__w-wt10_wc10__n-120.wav,planned
repeat_high_short-rep08__t-staccato__d-f__s-steps__w-wt10_wc10__n-120,model,VIOLET,sweep_steps,steps,repeat_high_short,repeat,high,short,staccato,real_counterfactual_primary,40,f,96,96,,3105309729225828238,20260826,repeat_high_short-rep08,8,1.0,1.0,120,86.0,True,0.75,data/midi/sweep/steps/n120/repeat_high_short-rep08__t-staccato__d-f__s-steps__w-wt10_wc10__n-120.mid,data/model_audio/sweep/repeat_high_short-rep08__t-staccato__d-f__s-steps__w-wt10_wc10__n-120.wav,planned
repeat_high_short-rep01__t-pizzicato__d-p__s-steps__w-wt10_wc10__n-120,model,VIOLET,sweep_steps,steps,repeat_high_short,repeat,high,short,pizzicato,real_counterfactual_primary,43,p,32,32,,1486918495616394073,20260826,repeat_high_short-rep01,1,1.0,1.0,120,86.0,True,0.75,data/midi/sweep/steps/n120/repeat_high_short-rep01__t-pizzicato__d-p__s-steps__w-wt10_wc10__n-120.mid,data/model_audio/sweep/repeat_high_short-rep01__t-pizzicato__d-p__s-steps__w-wt10_wc10__n-120.wav,planned
repeat_high_short-rep02__t-pizzicato__d-p__s-steps__w-wt10_wc10__n-120,model,VIOLET,sweep_steps,steps,repeat_high_short,repeat,high,short,pizzicato,real_counterfactual_primary,43,p,32,32,,6566840017249158017,20260826,repeat_high_short-rep02,2,1.0,1.0,120,86.0,True,0.75,data/midi/sweep/steps/n120/repeat_high_short-rep02__t-pizzicato__d-p__s-steps__w-wt10_wc10__n-120.mid,data/model_audio/sweep/repeat_high_short-rep02__t-pizzicato__d-p__s-steps__w-wt10_wc10__n-120.wav,planned
repeat_high_short-rep03__t-pizzicato__d-p__s-steps__w-wt10_wc10__n-120,model,VIOLET,sweep_steps,steps,repeat_high_short,repeat,high,short,pizzicato,real_counterfactual_primary,43,p,32,32,,4642787978972848128,20260826,repeat_high_short-rep03,3,1.0,1.0,120,86.0,True,0.75,data/midi/sweep/steps/n120/repeat_high_short-rep03__t-pizzicato__d-p__s-steps__w-wt10_wc10__n-120.mid,data/model_audio/sweep/repeat_high_short-rep03__t-pizzicato__d-p__s-steps__w-wt10_wc10__n-120.wav,planned
repeat_high_short-rep04__t-pizzicato__d-p__s-steps__w-wt10_wc10__n-120,model,VIOLET,sweep_steps,steps,repeat_high_short,repeat,high,short,pizzicato,real_counterfactual_primary,43,p,32,32,,8424793417753976084,20260826,repeat_high_short-rep04,4,1.0,1.0,120,86.0,True,0.75,data/midi/sweep/steps/n120/repeat_high_short-rep04__t-pizzicato__d-p__s-steps__w-wt10_wc10__n-120.mid,data/model_audio/sweep/repeat_high_short-rep04__t-pizzicato__d-p__s-steps__w-wt10_wc10__n-120.wav,planned
repeat_high_short-rep05__t-pizzicato__d-p__s-steps__w-wt10_wc10__n-120,model,VIOLET,sweep_steps,steps,repeat_high_short,repeat,high,short,pizzicato,real_counterfactual_primary,43,p,32,32,,5897494910305100146,20260826,repeat_high_short-rep05,5,1.0,1.0,120,86.0,True,0.75,data/midi/sweep/steps/n120/repeat_high_short-rep05__t-pizzicato__d-p__s-steps__w-wt10_wc10__n-120.mid,data/model_audio/sweep/repeat_high_short-rep05__t-pizzicato__d-p__s-steps__w-wt10_wc10__n-120.wav,planned
repeat_high_short-rep06__t-pizzicato__d-p__s-steps__w-wt10_wc10__n-120,model,VIOLET,sweep_steps,steps,repeat_high_short,repeat,high,short,pizzicato,real_counterfactual_primary,43,p,32,32,,362849367427029657,20260826,repeat_high_short-rep06,6,1.0,1.0,120,86.0,True,0.75,data/midi/sweep/steps/n120/repeat_high_short-rep06__t-pizzicato__d-p__s-steps__w-wt10_wc10__n-120.mid,data/model_audio/sweep/repeat_high_short-rep06__t-pizzicato__d-p__s-steps__w-wt10_wc10__n-120.wav,planned
repeat_high_short-rep07__t-pizzicato__d-p__s-steps__w-wt10_wc10__n-120,model,VIOLET,sweep_steps,steps,repeat_high_short,repeat,high,short,pizzicato,real_counterfactual_primary,43,p,32,32,,4677605101141283771,20260826,repeat_high_short-rep07,7,1.0,1.0,120,86.0,True,0.75,data/midi/sweep/steps/n120/repeat_high_short-rep07__t-pizzicato__d-p__s-steps__w-wt10_wc10__n-120.mid,data/model_audio/sweep/repeat_high_short-rep07__t-pizzicato__d-p__s-steps__w-wt10_wc10__n-120.wav,planned
repeat_high_short-rep08__t-pizzicato__d-p__s-steps__w-wt10_wc10__n-120,model,VIOLET,sweep_steps,steps,repeat_high_short,repeat,high,short,pizzicato,real_counterfactual_primary,43,p,32,32,,3105309729225828238,20260826,repeat_high_short-rep08,8,1.0,1.0,120,86.0,True,0.75,data/midi/sweep/steps/n120/repeat_high_short-rep08__t-pizzicato__d-p__s-steps__w-wt10_wc10__n-120.mid,data/model_audio/sweep/repeat_high_short-rep08__t-pizzicato__d-p__s-steps__w-wt10_wc10__n-120.wav,planned
repeat_high_short-rep01__t-pizzicato__d-mf__s-steps__w-wt10_wc10__n-120,model,VIOLET,sweep_steps,steps,repeat_high_short,repeat,high,short,pizzicato,real_counterfactual_primary,43,mf,64,64,,1486918495616394073,20260826,repeat_high_short-rep01,1,1.0,1.0,120,86.0,True,0.75,data/midi/sweep/steps/n120/repeat_high_short-rep01__t-pizzicato__d-mf__s-steps__w-wt10_wc10__n-120.mid,data/model_audio/sweep/repeat_high_short-rep01__t-pizzicato__d-mf__s-steps__w-wt10_wc10__n-120.wav,planned
repeat_high_short-rep02__t-pizzicato__d-mf__s-steps__w-wt10_wc10__n-120,model,VIOLET,sweep_steps,steps,repeat_high_short,repeat,high,short,pizzicato,real_counterfactual_primary,43,mf,64,64,,6566840017249158017,20260826,repeat_high_short-rep02,2,1.0,1.0,120,86.0,True,0.75,data/midi/sweep/steps/n120/repeat_high_short-rep02__t-pizzicato__d-mf__s-steps__w-wt10_wc10__n-120.mid,data/model_audio/sweep/repeat_high_short-rep02__t-pizzicato__d-mf__s-steps__w-wt10_wc10__n-120.wav,planned
repeat_high_short-rep03__t-pizzicato__d-mf__s-steps__w-wt10_wc10__n-120,model,VIOLET,sweep_steps,steps,repeat_high_short,repeat,high,short,pizzicato,real_counterfactual_primary,43,mf,64,64,,4642787978972848128,20260826,repeat_high_short-rep03,3,1.0,1.0,120,86.0,True,0.75,data/midi/sweep/steps/n120/repeat_high_short-rep03__t-pizzicato__d-mf__s-steps__w-wt10_wc10__n-120.mid,data/model_audio/sweep/repeat_high_short-rep03__t-pizzicato__d-mf__s-steps__w-wt10_wc10__n-120.wav,planned
repeat_high_short-rep04__t-pizzicato__d-mf__s-steps__w-wt10_wc10__n-120,model,VIOLET,sweep_steps,steps,repeat_high_short,repeat,high,short,pizzicato,real_counterfactual_primary,43,mf,64,64,,8424793417753976084,20260826,repeat_high_short-rep04,4,1.0,1.0,120,86.0,True,0.75,data/midi/sweep/steps/n120/repeat_high_short-rep04__t-pizzicato__d-mf__s-steps__w-wt10_wc10__n-120.mid,data/model_audio/sweep/repeat_high_short-rep04__t-pizzicato__d-mf__s-steps__w-wt10_wc10__n-120.wav,planned
repeat_high_short-rep05__t-pizzicato__d-mf__s-steps__w-wt10_wc10__n-120,model,VIOLET,sweep_steps,steps,repeat_high_short,repeat,high,short,pizzicato,real_counterfactual_primary,43,mf,64,64,,5897494910305100146,20260826,repeat_high_short-rep05,5,1.0,1.0,120,86.0,True,0.75,data/midi/sweep/steps/n120/repeat_high_short-rep05__t-pizzicato__d-mf__s-steps__w-wt10_wc10__n-120.mid,data/model_audio/sweep/repeat_high_short-rep05__t-pizzicato__d-mf__s-steps__w-wt10_wc10__n-120.wav,planned
repeat_high_short-rep06__t-pizzicato__d-mf__s-steps__w-wt10_wc10__n-120,model,VIOLET,sweep_steps,steps,repeat_high_short,repeat,high,short,pizzicato,real_counterfactual_primary,43,mf,64,64,,362849367427029657,20260826,repeat_high_short-rep06,6,1.0,1.0,120,86.0,True,0.75,data/midi/sweep/steps/n120/repeat_high_short-rep06__t-pizzicato__d-mf__s-steps__w-wt10_wc10__n-120.mid,data/model_audio/sweep/repeat_high_short-rep06__t-pizzicato__d-mf__s-steps__w-wt10_wc10__n-120.wav,planned
repeat_high_short-rep07__t-pizzicato__d-mf__s-steps__w-wt10_wc10__n-120,model,VIOLET,sweep_steps,steps,repeat_high_short,repeat,high,short,pizzicato,real_counterfactual_primary,43,mf,64,64,,4677605101141283771,20260826,repeat_high_short-rep07,7,1.0,1.0,120,86.0,True,0.75,data/midi/sweep/steps/n120/repeat_high_short-rep07__t-pizzicato__d-mf__s-steps__w-wt10_wc10__n-120.mid,data/model_audio/sweep/repeat_high_short-rep07__t-pizzicato__d-mf__s-steps__w-wt10_wc10__n-120.wav,planned
repeat_high_short-rep08__t-pizzicato__d-mf__s-steps__w-wt10_wc10__n-120,model,VIOLET,sweep_steps,steps,repeat_high_short,repeat,high,short,pizzicato,real_counterfactual_primary,43,mf,64,64,,3105309729225828238,20260826,repeat_high_short-rep08,8,1.0,1.0,120,86.0,True,0.75,data/midi/sweep/steps/n120/repeat_high_short-rep08__t-pizzicato__d-mf__s-steps__w-wt10_wc10__n-120.mid,data/model_audio/sweep/repeat_high_short-rep08__t-pizzicato__d-mf__s-steps__w-wt10_wc10__n-120.wav,planned
repeat_high_short-rep01__t-pizzicato__d-f__s-steps__w-wt10_wc10__n-120,model,VIOLET,sweep_steps,steps,repeat_high_short,repeat,high,short,pizzicato,real_counterfactual_primary,43,f,96,96,,1486918495616394073,20260826,repeat_high_short-rep01,1,1.0,1.0,120,86.0,True,0.75,data/midi/sweep/steps/n120/repeat_high_short-rep01__t-pizzicato__d-f__s-steps__w-wt10_wc10__n-120.mid,data/model_audio/sweep/repeat_high_short-rep01__t-pizzicato__d-f__s-steps__w-wt10_wc10__n-120.wav,planned
repeat_high_short-rep02__t-pizzicato__d-f__s-steps__w-wt10_wc10__n-120,model,VIOLET,sweep_steps,steps,repeat_high_short,repeat,high,short,pizzicato,real_counterfactual_primary,43,f,96,96,,6566840017249158017,20260826,repeat_high_short-rep02,2,1.0,1.0,120,86.0,True,0.75,data/midi/sweep/steps/n120/repeat_high_short-rep02__t-pizzicato__d-f__s-steps__w-wt10_wc10__n-120.mid,data/model_audio/sweep/repeat_high_short-rep02__t-pizzicato__d-f__s-steps__w-wt10_wc10__n-120.wav,planned
repeat_high_short-rep03__t-pizzicato__d-f__s-steps__w-wt10_wc10__n-120,model,VIOLET,sweep_steps,steps,repeat_high_short,repeat,high,short,pizzicato,real_counterfactual_primary,43,f,96,96,,4642787978972848128,20260826,repeat_high_short-rep03,3,1.0,1.0,120,86.0,True,0.75,data/midi/sweep/steps/n120/repeat_high_short-rep03__t-pizzicato__d-f__s-steps__w-wt10_wc10__n-120.mid,data/model_audio/sweep/repeat_high_short-rep03__t-pizzicato__d-f__s-steps__w-wt10_wc10__n-120.wav,planned
repeat_high_short-rep04__t-pizzicato__d-f__s-steps__w-wt10_wc10__n-120,model,VIOLET,sweep_steps,steps,repeat_high_short,repeat,high,short,pizzicato,real_counterfactual_primary,43,f,96,96,,8424793417753976084,20260826,repeat_high_short-rep04,4,1.0,1.0,120,86.0,True,0.75,data/midi/sweep/steps/n120/repeat_high_short-rep04__t-pizzicato__d-f__s-steps__w-wt10_wc10__n-120.mid,data/model_audio/sweep/repeat_high_short-rep04__t-pizzicato__d-f__s-steps__w-wt10_wc10__n-120.wav,planned
repeat_high_short-rep05__t-pizzicato__d-f__s-steps__w-wt10_wc10__n-120,model,VIOLET,sweep_steps,steps,repeat_high_short,repeat,high,short,pizzicato,real_counterfactual_primary,43,f,96,96,,5897494910305100146,20260826,repeat_high_short-rep05,5,1.0,1.0,120,86.0,True,0.75,data/midi/sweep/steps/n120/repeat_high_short-rep05__t-pizzicato__d-f__s-steps__w-wt10_wc10__n-120.mid,data/model_audio/sweep/repeat_high_short-rep05__t-pizzicato__d-f__s-steps__w-wt10_wc10__n-120.wav,planned
repeat_high_short-rep06__t-pizzicato__d-f__s-steps__w-wt10_wc10__n-120,model,VIOLET,sweep_steps,steps,repeat_high_short,repeat,high,short,pizzicato,real_counterfactual_primary,43,f,96,96,,362849367427029657,20260826,repeat_high_short-rep06,6,1.0,1.0,120,86.0,True,0.75,data/midi/sweep/steps/n120/repeat_high_short-rep06__t-pizzicato__d-f__s-steps__w-wt10_wc10__n-120.mid,data/model_audio/sweep/repeat_high_short-rep06__t-pizzicato__d-f__s-steps__w-wt10_wc10__n-120.wav,planned
repeat_high_short-rep07__t-pizzicato__d-f__s-steps__w-wt10_wc10__n-120,model,VIOLET,sweep_steps,steps,repeat_high_short,repeat,high,short,pizzicato,real_counterfactual_primary,43,f,96,96,,4677605101141283771,20260826,repeat_high_short-rep07,7,1.0,1.0,120,86.0,True,0.75,data/midi/sweep/steps/n120/repeat_high_short-rep07__t-pizzicato__d-f__s-steps__w-wt10_wc10__n-120.mid,data/model_audio/sweep/repeat_high_short-rep07__t-pizzicato__d-f__s-steps__w-wt10_wc10__n-120.wav,planned
repeat_high_short-rep08__t-pizzicato__d-f__s-steps__w-wt10_wc10__n-120,model,VIOLET,sweep_steps,steps,repeat_high_short,repeat,high,short,pizzicato,real_counterfactual_primary,43,f,96,96,,3105309729225828238,20260826,repeat_high_short-rep08,8,1.0,1.0,120,86.0,True,0.75,data/midi/sweep/steps/n120/repeat_high_short-rep08__t-pizzicato__d-f__s-steps__w-wt10_wc10__n-120.mid,data/model_audio/sweep/repeat_high_short-rep08__t-pizzicato__d-f__s-steps__w-wt10_wc10__n-120.wav,planned
repeat_high_short-rep01__t-legato_slur__d-p__s-steps__w-wt10_wc10__n-120,model,VIOLET,sweep_steps,steps,repeat_high_short,repeat,high,short,legato_slur,real_counterfactual_primary,49,p,32,32,,1486918495616394073,20260826,repeat_high_short-rep01,1,1.0,1.0,120,86.0,True,0.75,data/midi/sweep/steps/n120/repeat_high_short-rep01__t-legato_slur__d-p__s-steps__w-wt10_wc10__n-120.mid,data/model_audio/sweep/repeat_high_short-rep01__t-legato_slur__d-p__s-steps__w-wt10_wc10__n-120.wav,planned
repeat_high_short-rep02__t-legato_slur__d-p__s-steps__w-wt10_wc10__n-120,model,VIOLET,sweep_steps,steps,repeat_high_short,repeat,high,short,legato_slur,real_counterfactual_primary,49,p,32,32,,6566840017249158017,20260826,repeat_high_short-rep02,2,1.0,1.0,120,86.0,True,0.75,data/midi/sweep/steps/n120/repeat_high_short-rep02__t-legato_slur__d-p__s-steps__w-wt10_wc10__n-120.mid,data/model_audio/sweep/repeat_high_short-rep02__t-legato_slur__d-p__s-steps__w-wt10_wc10__n-120.wav,planned
repeat_high_short-rep03__t-legato_slur__d-p__s-steps__w-wt10_wc10__n-120,model,VIOLET,sweep_steps,steps,repeat_high_short,repeat,high,short,legato_slur,real_counterfactual_primary,49,p,32,32,,4642787978972848128,20260826,repeat_high_short-rep03,3,1.0,1.0,120,86.0,True,0.75,data/midi/sweep/steps/n120/repeat_high_short-rep03__t-legato_slur__d-p__s-steps__w-wt10_wc10__n-120.mid,data/model_audio/sweep/repeat_high_short-rep03__t-legato_slur__d-p__s-steps__w-wt10_wc10__n-120.wav,planned
repeat_high_short-rep04__t-legato_slur__d-p__s-steps__w-wt10_wc10__n-120,model,VIOLET,sweep_steps,steps,repeat_high_short,repeat,high,short,legato_slur,real_counterfactual_primary,49,p,32,32,,8424793417753976084,20260826,repeat_high_short-rep04,4,1.0,1.0,120,86.0,True,0.75,data/midi/sweep/steps/n120/repeat_high_short-rep04__t-legato_slur__d-p__s-steps__w-wt10_wc10__n-120.mid,data/model_audio/sweep/repeat_high_short-rep04__t-legato_slur__d-p__s-steps__w-wt10_wc10__n-120.wav,planned
repeat_high_short-rep05__t-legato_slur__d-p__s-steps__w-wt10_wc10__n-120,model,VIOLET,sweep_steps,steps,repeat_high_short,repeat,high,short,legato_slur,real_counterfactual_primary,49,p,32,32,,5897494910305100146,20260826,repeat_high_short-rep05,5,1.0,1.0,120,86.0,True,0.75,data/midi/sweep/steps/n120/repeat_high_short-rep05__t-legato_slur__d-p__s-steps__w-wt10_wc10__n-120.mid,data/model_audio/sweep/repeat_high_short-rep05__t-legato_slur__d-p__s-steps__w-wt10_wc10__n-120.wav,planned
repeat_high_short-rep06__t-legato_slur__d-p__s-steps__w-wt10_wc10__n-120,model,VIOLET,sweep_steps,steps,repeat_high_short,repeat,high,short,legato_slur,real_counterfactual_primary,49,p,32,32,,362849367427029657,20260826,repeat_high_short-rep06,6,1.0,1.0,120,86.0,True,0.75,data/midi/sweep/steps/n120/repeat_high_short-rep06__t-legato_slur__d-p__s-steps__w-wt10_wc10__n-120.mid,data/model_audio/sweep/repeat_high_short-rep06__t-legato_slur__d-p__s-steps__w-wt10_wc10__n-120.wav,planned
repeat_high_short-rep07__t-legato_slur__d-p__s-steps__w-wt10_wc10__n-120,model,VIOLET,sweep_steps,steps,repeat_high_short,repeat,high,short,legato_slur,real_counterfactual_primary,49,p,32,32,,4677605101141283771,20260826,repeat_high_short-rep07,7,1.0,1.0,120,86.0,True,0.75,data/midi/sweep/steps/n120/repeat_high_short-rep07__t-legato_slur__d-p__s-steps__w-wt10_wc10__n-120.mid,data/model_audio/sweep/repeat_high_short-rep07__t-legato_slur__d-p__s-steps__w-wt10_wc10__n-120.wav,planned
repeat_high_short-rep08__t-legato_slur__d-p__s-steps__w-wt10_wc10__n-120,model,VIOLET,sweep_steps,steps,repeat_high_short,repeat,high,short,legato_slur,real_counterfactual_primary,49,p,32,32,,3105309729225828238,20260826,repeat_high_short-rep08,8,1.0,1.0,120,86.0,True,0.75,data/midi/sweep/steps/n120/repeat_high_short-rep08__t-legato_slur__d-p__s-steps__w-wt10_wc10__n-120.mid,data/model_audio/sweep/repeat_high_short-rep08__t-legato_slur__d-p__s-steps__w-wt10_wc10__n-120.wav,planned
repeat_high_short-rep01__t-legato_slur__d-mf__s-steps__w-wt10_wc10__n-120,model,VIOLET,sweep_steps,steps,repeat_high_short,repeat,high,short,legato_slur,real_counterfactual_primary,49,mf,64,64,,1486918495616394073,20260826,repeat_high_short-rep01,1,1.0,1.0,120,86.0,True,0.75,data/midi/sweep/steps/n120/repeat_high_short-rep01__t-legato_slur__d-mf__s-steps__w-wt10_wc10__n-120.mid,data/model_audio/sweep/repeat_high_short-rep01__t-legato_slur__d-mf__s-steps__w-wt10_wc10__n-120.wav,planned
repeat_high_short-rep02__t-legato_slur__d-mf__s-steps__w-wt10_wc10__n-120,model,VIOLET,sweep_steps,steps,repeat_high_short,repeat,high,short,legato_slur,real_counterfactual_primary,49,mf,64,64,,6566840017249158017,20260826,repeat_high_short-rep02,2,1.0,1.0,120,86.0,True,0.75,data/midi/sweep/steps/n120/repeat_high_short-rep02__t-legato_slur__d-mf__s-steps__w-wt10_wc10__n-120.mid,data/model_audio/sweep/repeat_high_short-rep02__t-legato_slur__d-mf__s-steps__w-wt10_wc10__n-120.wav,planned
repeat_high_short-rep03__t-legato_slur__d-mf__s-steps__w-wt10_wc10__n-120,model,VIOLET,sweep_steps,steps,repeat_high_short,repeat,high,short,legato_slur,real_counterfactual_primary,49,mf,64,64,,4642787978972848128,20260826,repeat_high_short-rep03,3,1.0,1.0,120,86.0,True,0.75,data/midi/sweep/steps/n120/repeat_high_short-rep03__t-legato_slur__d-mf__s-steps__w-wt10_wc10__n-120.mid,data/model_audio/sweep/repeat_high_short-rep03__t-legato_slur__d-mf__s-steps__w-wt10_wc10__n-120.wav,planned
repeat_high_short-rep04__t-legato_slur__d-mf__s-steps__w-wt10_wc10__n-120,model,VIOLET,sweep_steps,steps,repeat_high_short,repeat,high,short,legato_slur,real_counterfactual_primary,49,mf,64,64,,8424793417753976084,20260826,repeat_high_short-rep04,4,1.0,1.0,120,86.0,True,0.75,data/midi/sweep/steps/n120/repeat_high_short-rep04__t-legato_slur__d-mf__s-steps__w-wt10_wc10__n-120.mid,data/model_audio/sweep/repeat_high_short-rep04__t-legato_slur__d-mf__s-steps__w-wt10_wc10__n-120.wav,planned
repeat_high_short-rep05__t-legato_slur__d-mf__s-steps__w-wt10_wc10__n-120,model,VIOLET,sweep_steps,steps,repeat_high_short,repeat,high,short,legato_slur,real_counterfactual_primary,49,mf,64,64,,5897494910305100146,20260826,repeat_high_short-rep05,5,1.0,1.0,120,86.0,True,0.75,data/midi/sweep/steps/n120/repeat_high_short-rep05__t-legato_slur__d-mf__s-steps__w-wt10_wc10__n-120.mid,data/model_audio/sweep/repeat_high_short-rep05__t-legato_slur__d-mf__s-steps__w-wt10_wc10__n-120.wav,planned
repeat_high_short-rep06__t-legato_slur__d-mf__s-steps__w-wt10_wc10__n-120,model,VIOLET,sweep_steps,steps,repeat_high_short,repeat,high,short,legato_slur,real_counterfactual_primary,49,mf,64,64,,362849367427029657,20260826,repeat_high_short-rep06,6,1.0,1.0,120,86.0,True,0.75,data/midi/sweep/steps/n120/repeat_high_short-rep06__t-legato_slur__d-mf__s-steps__w-wt10_wc10__n-120.mid,data/model_audio/sweep/repeat_high_short-rep06__t-legato_slur__d-mf__s-steps__w-wt10_wc10__n-120.wav,planned
repeat_high_short-rep07__t-legato_slur__d-mf__s-steps__w-wt10_wc10__n-120,model,VIOLET,sweep_steps,steps,repeat_high_short,repeat,high,short,legato_slur,real_counterfactual_primary,49,mf,64,64,,4677605101141283771,20260826,repeat_high_short-rep07,7,1.0,1.0,120,86.0,True,0.75,data/midi/sweep/steps/n120/repeat_high_short-rep07__t-legato_slur__d-mf__s-steps__w-wt10_wc10__n-120.mid,data/model_audio/sweep/repeat_high_short-rep07__t-legato_slur__d-mf__s-steps__w-wt10_wc10__n-120.wav,planned
repeat_high_short-rep08__t-legato_slur__d-mf__s-steps__w-wt10_wc10__n-120,model,VIOLET,sweep_steps,steps,repeat_high_short,repeat,high,short,legato_slur,real_counterfactual_primary,49,mf,64,64,,3105309729225828238,20260826,repeat_high_short-rep08,8,1.0,1.0,120,86.0,True,0.75,data/midi/sweep/steps/n120/repeat_high_short-rep08__t-legato_slur__d-mf__s-steps__w-wt10_wc10__n-120.mid,data/model_audio/sweep/repeat_high_short-rep08__t-legato_slur__d-mf__s-steps__w-wt10_wc10__n-120.wav,planned
repeat_high_short-rep01__t-legato_slur__d-f__s-steps__w-wt10_wc10__n-120,model,VIOLET,sweep_steps,steps,repeat_high_short,repeat,high,short,legato_slur,real_counterfactual_primary,49,f,96,96,,1486918495616394073,20260826,repeat_high_short-rep01,1,1.0,1.0,120,86.0,True,0.75,data/midi/sweep/steps/n120/repeat_high_short-rep01__t-legato_slur__d-f__s-steps__w-wt10_wc10__n-120.mid,data/model_audio/sweep/repeat_high_short-rep01__t-legato_slur__d-f__s-steps__w-wt10_wc10__n-120.wav,planned
repeat_high_short-rep02__t-legato_slur__d-f__s-steps__w-wt10_wc10__n-120,model,VIOLET,sweep_steps,steps,repeat_high_short,repeat,high,short,legato_slur,real_counterfactual_primary,49,f,96,96,,6566840017249158017,20260826,repeat_high_short-rep02,2,1.0,1.0,120,86.0,True,0.75,data/midi/sweep/steps/n120/repeat_high_short-rep02__t-legato_slur__d-f__s-steps__w-wt10_wc10__n-120.mid,data/model_audio/sweep/repeat_high_short-rep02__t-legato_slur__d-f__s-steps__w-wt10_wc10__n-120.wav,planned
repeat_high_short-rep03__t-legato_slur__d-f__s-steps__w-wt10_wc10__n-120,model,VIOLET,sweep_steps,steps,repeat_high_short,repeat,high,short,legato_slur,real_counterfactual_primary,49,f,96,96,,4642787978972848128,20260826,repeat_high_short-rep03,3,1.0,1.0,120,86.0,True,0.75,data/midi/sweep/steps/n120/repeat_high_short-rep03__t-legato_slur__d-f__s-steps__w-wt10_wc10__n-120.mid,data/model_audio/sweep/repeat_high_short-rep03__t-legato_slur__d-f__s-steps__w-wt10_wc10__n-120.wav,planned
repeat_high_short-rep04__t-legato_slur__d-f__s-steps__w-wt10_wc10__n-120,model,VIOLET,sweep_steps,steps,repeat_high_short,repeat,high,short,legato_slur,real_counterfactual_primary,49,f,96,96,,8424793417753976084,20260826,repeat_high_short-rep04,4,1.0,1.0,120,86.0,True,0.75,data/midi/sweep/steps/n120/repeat_high_short-rep04__t-legato_slur__d-f__s-steps__w-wt10_wc10__n-120.mid,data/model_audio/sweep/repeat_high_short-rep04__t-legato_slur__d-f__s-steps__w-wt10_wc10__n-120.wav,planned
repeat_high_short-rep05__t-legato_slur__d-f__s-steps__w-wt10_wc10__n-120,model,VIOLET,sweep_steps,steps,repeat_high_short,repeat,high,short,legato_slur,real_counterfactual_primary,49,f,96,96,,5897494910305100146,20260826,repeat_high_short-rep05,5,1.0,1.0,120,86.0,True,0.75,data/midi/sweep/steps/n120/repeat_high_short-rep05__t-legato_slur__d-f__s-steps__w-wt10_wc10__n-120.mid,data/model_audio/sweep/repeat_high_short-rep05__t-legato_slur__d-f__s-steps__w-wt10_wc10__n-120.wav,planned
repeat_high_short-rep06__t-legato_slur__d-f__s-steps__w-wt10_wc10__n-120,model,VIOLET,sweep_steps,steps,repeat_high_short,repeat,high,short,legato_slur,real_counterfactual_primary,49,f,96,96,,362849367427029657,20260826,repeat_high_short-rep06,6,1.0,1.0,120,86.0,True,0.75,data/midi/sweep/steps/n120/repeat_high_short-rep06__t-legato_slur__d-f__s-steps__w-wt10_wc10__n-120.mid,data/model_audio/sweep/repeat_high_short-rep06__t-legato_slur__d-f__s-steps__w-wt10_wc10__n-120.wav,planned
repeat_high_short-rep07__t-legato_slur__d-f__s-steps__w-wt10_wc10__n-120,model,VIOLET,sweep_steps,steps,repeat_high_short,repeat,high,short,legato_slur,real_counterfactual_primary,49,f,96,96,,4677605101141283771,20260826,repeat_high_short-rep07,7,1.0,1.0,120,86.0,True,0.75,data/midi/sweep/steps/n120/repeat_high_short-rep07__t-legato_slur__d-f__s-steps__w-wt10_wc10__n-120.mid,data/model_audio/sweep/repeat_high_short-rep07__t-legato_slur__d-f__s-steps__w-wt10_wc10__n-120.wav,planned
repeat_high_short-rep08__t-legato_slur__d-f__s-steps__w-wt10_wc10__n-120,model,VIOLET,sweep_steps,steps,repeat_high_short,repeat,high,short,legato_slur,real_counterfactual_primary,49,f,96,96,,3105309729225828238,20260826,repeat_high_short-rep08,8,1.0,1.0,120,86.0,True,0.75,data/midi/sweep/steps/n120/repeat_high_short-rep08__t-legato_slur__d-f__s-steps__w-wt10_wc10__n-120.mid,data/model_audio/sweep/repeat_high_short-rep08__t-legato_slur__d-f__s-steps__w-wt10_wc10__n-120.wav,planned
leap_low_long-rep01__t-sustain__d-p__s-steps__w-wt10_wc10__n-120,model,VIOLET,sweep_steps,steps,leap_low_long,leap,low,long,sustain,real_counterfactual_primary,36,p,32,32,,8581516642195686860,20260826,leap_low_long-rep01,1,1.0,1.0,120,,False,0.75,data/midi/sweep/steps/n120/leap_low_long-rep01__t-sustain__d-p__s-steps__w-wt10_wc10__n-120.mid,data/model_audio/sweep/leap_low_long-rep01__t-sustain__d-p__s-steps__w-wt10_wc10__n-120.wav,planned
leap_low_long-rep02__t-sustain__d-p__s-steps__w-wt10_wc10__n-120,model,VIOLET,sweep_steps,steps,leap_low_long,leap,low,long,sustain,real_counterfactual_primary,36,p,32,32,,6011668959522092922,20260826,leap_low_long-rep02,2,1.0,1.0,120,,False,0.75,data/midi/sweep/steps/n120/leap_low_long-rep02__t-sustain__d-p__s-steps__w-wt10_wc10__n-120.mid,data/model_audio/sweep/leap_low_long-rep02__t-sustain__d-p__s-steps__w-wt10_wc10__n-120.wav,planned
leap_low_long-rep03__t-sustain__d-p__s-steps__w-wt10_wc10__n-120,model,VIOLET,sweep_steps,steps,leap_low_long,leap,low,long,sustain,real_counterfactual_primary,36,p,32,32,,503933344573206125,20260826,leap_low_long-rep03,3,1.0,1.0,120,,False,0.75,data/midi/sweep/steps/n120/leap_low_long-rep03__t-sustain__d-p__s-steps__w-wt10_wc10__n-120.mid,data/model_audio/sweep/leap_low_long-rep03__t-sustain__d-p__s-steps__w-wt10_wc10__n-120.wav,planned
leap_low_long-rep04__t-sustain__d-p__s-steps__w-wt10_wc10__n-120,model,VIOLET,sweep_steps,steps,leap_low_long,leap,low,long,sustain,real_counterfactual_primary,36,p,32,32,,4901962455406651142,20260826,leap_low_long-rep04,4,1.0,1.0,120,,False,0.75,data/midi/sweep/steps/n120/leap_low_long-rep04__t-sustain__d-p__s-steps__w-wt10_wc10__n-120.mid,data/model_audio/sweep/leap_low_long-rep04__t-sustain__d-p__s-steps__w-wt10_wc10__n-120.wav,planned
leap_low_long-rep05__t-sustain__d-p__s-steps__w-wt10_wc10__n-120,model,VIOLET,sweep_steps,steps,leap_low_long,leap,low,long,sustain,real_counterfactual_primary,36,p,32,32,,7934467439844592817,20260826,leap_low_long-rep05,5,1.0,1.0,120,,False,0.75,data/midi/sweep/steps/n120/leap_low_long-rep05__t-sustain__d-p__s-steps__w-wt10_wc10__n-120.mid,data/model_audio/sweep/leap_low_long-rep05__t-sustain__d-p__s-steps__w-wt10_wc10__n-120.wav,planned
leap_low_long-rep06__t-sustain__d-p__s-steps__w-wt10_wc10__n-120,model,VIOLET,sweep_steps,steps,leap_low_long,leap,low,long,sustain,real_counterfactual_primary,36,p,32,32,,4524160982168613405,20260826,leap_low_long-rep06,6,1.0,1.0,120,,False,0.75,data/midi/sweep/steps/n120/leap_low_long-rep06__t-sustain__d-p__s-steps__w-wt10_wc10__n-120.mid,data/model_audio/sweep/leap_low_long-rep06__t-sustain__d-p__s-steps__w-wt10_wc10__n-120.wav,planned
leap_low_long-rep07__t-sustain__d-p__s-steps__w-wt10_wc10__n-120,model,VIOLET,sweep_steps,steps,leap_low_long,leap,low,long,sustain,real_counterfactual_primary,36,p,32,32,,2171866782255133930,20260826,leap_low_long-rep07,7,1.0,1.0,120,,False,0.75,data/midi/sweep/steps/n120/leap_low_long-rep07__t-sustain__d-p__s-steps__w-wt10_wc10__n-120.mid,data/model_audio/sweep/leap_low_long-rep07__t-sustain__d-p__s-steps__w-wt10_wc10__n-120.wav,planned
leap_low_long-rep08__t-sustain__d-p__s-steps__w-wt10_wc10__n-120,model,VIOLET,sweep_steps,steps,leap_low_long,leap,low,long,sustain,real_counterfactual_primary,36,p,32,32,,1576251685065818742,20260826,leap_low_long-rep08,8,1.0,1.0,120,,False,0.75,data/midi/sweep/steps/n120/leap_low_long-rep08__t-sustain__d-p__s-steps__w-wt10_wc10__n-120.mid,data/model_audio/sweep/leap_low_long-rep08__t-sustain__d-p__s-steps__w-wt10_wc10__n-120.wav,planned
leap_low_long-rep01__t-sustain__d-mf__s-steps__w-wt10_wc10__n-120,model,VIOLET,sweep_steps,steps,leap_low_long,leap,low,long,sustain,real_counterfactual_primary,36,mf,64,64,,8581516642195686860,20260826,leap_low_long-rep01,1,1.0,1.0,120,,False,0.75,data/midi/sweep/steps/n120/leap_low_long-rep01__t-sustain__d-mf__s-steps__w-wt10_wc10__n-120.mid,data/model_audio/sweep/leap_low_long-rep01__t-sustain__d-mf__s-steps__w-wt10_wc10__n-120.wav,planned
leap_low_long-rep02__t-sustain__d-mf__s-steps__w-wt10_wc10__n-120,model,VIOLET,sweep_steps,steps,leap_low_long,leap,low,long,sustain,real_counterfactual_primary,36,mf,64,64,,6011668959522092922,20260826,leap_low_long-rep02,2,1.0,1.0,120,,False,0.75,data/midi/sweep/steps/n120/leap_low_long-rep02__t-sustain__d-mf__s-steps__w-wt10_wc10__n-120.mid,data/model_audio/sweep/leap_low_long-rep02__t-sustain__d-mf__s-steps__w-wt10_wc10__n-120.wav,planned
leap_low_long-rep03__t-sustain__d-mf__s-steps__w-wt10_wc10__n-120,model,VIOLET,sweep_steps,steps,leap_low_long,leap,low,long,sustain,real_counterfactual_primary,36,mf,64,64,,503933344573206125,20260826,leap_low_long-rep03,3,1.0,1.0,120,,False,0.75,data/midi/sweep/steps/n120/leap_low_long-rep03__t-sustain__d-mf__s-steps__w-wt10_wc10__n-120.mid,data/model_audio/sweep/leap_low_long-rep03__t-sustain__d-mf__s-steps__w-wt10_wc10__n-120.wav,planned
leap_low_long-rep04__t-sustain__d-mf__s-steps__w-wt10_wc10__n-120,model,VIOLET,sweep_steps,steps,leap_low_long,leap,low,long,sustain,real_counterfactual_primary,36,mf,64,64,,4901962455406651142,20260826,leap_low_long-rep04,4,1.0,1.0,120,,False,0.75,data/midi/sweep/steps/n120/leap_low_long-rep04__t-sustain__d-mf__s-steps__w-wt10_wc10__n-120.mid,data/model_audio/sweep/leap_low_long-rep04__t-sustain__d-mf__s-steps__w-wt10_wc10__n-120.wav,planned
leap_low_long-rep05__t-sustain__d-mf__s-steps__w-wt10_wc10__n-120,model,VIOLET,sweep_steps,steps,leap_low_long,leap,low,long,sustain,real_counterfactual_primary,36,mf,64,64,,7934467439844592817,20260826,leap_low_long-rep05,5,1.0,1.0,120,,False,0.75,data/midi/sweep/steps/n120/leap_low_long-rep05__t-sustain__d-mf__s-steps__w-wt10_wc10__n-120.mid,data/model_audio/sweep/leap_low_long-rep05__t-sustain__d-mf__s-steps__w-wt10_wc10__n-120.wav,planned
leap_low_long-rep06__t-sustain__d-mf__s-steps__w-wt10_wc10__n-120,model,VIOLET,sweep_steps,steps,leap_low_long,leap,low,long,sustain,real_counterfactual_primary,36,mf,64,64,,4524160982168613405,20260826,leap_low_long-rep06,6,1.0,1.0,120,,False,0.75,data/midi/sweep/steps/n120/leap_low_long-rep06__t-sustain__d-mf__s-steps__w-wt10_wc10__n-120.mid,data/model_audio/sweep/leap_low_long-rep06__t-sustain__d-mf__s-steps__w-wt10_wc10__n-120.wav,planned
leap_low_long-rep07__t-sustain__d-mf__s-steps__w-wt10_wc10__n-120,model,VIOLET,sweep_steps,steps,leap_low_long,leap,low,long,sustain,real_counterfactual_primary,36,mf,64,64,,2171866782255133930,20260826,leap_low_long-rep07,7,1.0,1.0,120,,False,0.75,data/midi/sweep/steps/n120/leap_low_long-rep07__t-sustain__d-mf__s-steps__w-wt10_wc10__n-120.mid,data/model_audio/sweep/leap_low_long-rep07__t-sustain__d-mf__s-steps__w-wt10_wc10__n-120.wav,planned
leap_low_long-rep08__t-sustain__d-mf__s-steps__w-wt10_wc10__n-120,model,VIOLET,sweep_steps,steps,leap_low_long,leap,low,long,sustain,real_counterfactual_primary,36,mf,64,64,,1576251685065818742,20260826,leap_low_long-rep08,8,1.0,1.0,120,,False,0.75,data/midi/sweep/steps/n120/leap_low_long-rep08__t-sustain__d-mf__s-steps__w-wt10_wc10__n-120.mid,data/model_audio/sweep/leap_low_long-rep08__t-sustain__d-mf__s-steps__w-wt10_wc10__n-120.wav,planned
leap_low_long-rep01__t-sustain__d-f__s-steps__w-wt10_wc10__n-120,model,VIOLET,sweep_steps,steps,leap_low_long,leap,low,long,sustain,real_counterfactual_primary,36,f,96,96,,8581516642195686860,20260826,leap_low_long-rep01,1,1.0,1.0,120,,False,0.75,data/midi/sweep/steps/n120/leap_low_long-rep01__t-sustain__d-f__s-steps__w-wt10_wc10__n-120.mid,data/model_audio/sweep/leap_low_long-rep01__t-sustain__d-f__s-steps__w-wt10_wc10__n-120.wav,planned
leap_low_long-rep02__t-sustain__d-f__s-steps__w-wt10_wc10__n-120,model,VIOLET,sweep_steps,steps,leap_low_long,leap,low,long,sustain,real_counterfactual_primary,36,f,96,96,,6011668959522092922,20260826,leap_low_long-rep02,2,1.0,1.0,120,,False,0.75,data/midi/sweep/steps/n120/leap_low_long-rep02__t-sustain__d-f__s-steps__w-wt10_wc10__n-120.mid,data/model_audio/sweep/leap_low_long-rep02__t-sustain__d-f__s-steps__w-wt10_wc10__n-120.wav,planned
leap_low_long-rep03__t-sustain__d-f__s-steps__w-wt10_wc10__n-120,model,VIOLET,sweep_steps,steps,leap_low_long,leap,low,long,sustain,real_counterfactual_primary,36,f,96,96,,503933344573206125,20260826,leap_low_long-rep03,3,1.0,1.0,120,,False,0.75,data/midi/sweep/steps/n120/leap_low_long-rep03__t-sustain__d-f__s-steps__w-wt10_wc10__n-120.mid,data/model_audio/sweep/leap_low_long-rep03__t-sustain__d-f__s-steps__w-wt10_wc10__n-120.wav,planned
leap_low_long-rep04__t-sustain__d-f__s-steps__w-wt10_wc10__n-120,model,VIOLET,sweep_steps,steps,leap_low_long,leap,low,long,sustain,real_counterfactual_primary,36,f,96,96,,4901962455406651142,20260826,leap_low_long-rep04,4,1.0,1.0,120,,False,0.75,data/midi/sweep/steps/n120/leap_low_long-rep04__t-sustain__d-f__s-steps__w-wt10_wc10__n-120.mid,data/model_audio/sweep/leap_low_long-rep04__t-sustain__d-f__s-steps__w-wt10_wc10__n-120.wav,planned
leap_low_long-rep05__t-sustain__d-f__s-steps__w-wt10_wc10__n-120,model,VIOLET,sweep_steps,steps,leap_low_long,leap,low,long,sustain,real_counterfactual_primary,36,f,96,96,,7934467439844592817,20260826,leap_low_long-rep05,5,1.0,1.0,120,,False,0.75,data/midi/sweep/steps/n120/leap_low_long-rep05__t-sustain__d-f__s-steps__w-wt10_wc10__n-120.mid,data/model_audio/sweep/leap_low_long-rep05__t-sustain__d-f__s-steps__w-wt10_wc10__n-120.wav,planned
leap_low_long-rep06__t-sustain__d-f__s-steps__w-wt10_wc10__n-120,model,VIOLET,sweep_steps,steps,leap_low_long,leap,low,long,sustain,real_counterfactual_primary,36,f,96,96,,4524160982168613405,20260826,leap_low_long-rep06,6,1.0,1.0,120,,False,0.75,data/midi/sweep/steps/n120/leap_low_long-rep06__t-sustain__d-f__s-steps__w-wt10_wc10__n-120.mid,data/model_audio/sweep/leap_low_long-rep06__t-sustain__d-f__s-steps__w-wt10_wc10__n-120.wav,planned
leap_low_long-rep07__t-sustain__d-f__s-steps__w-wt10_wc10__n-120,model,VIOLET,sweep_steps,steps,leap_low_long,leap,low,long,sustain,real_counterfactual_primary,36,f,96,96,,2171866782255133930,20260826,leap_low_long-rep07,7,1.0,1.0,120,,False,0.75,data/midi/sweep/steps/n120/leap_low_long-rep07__t-sustain__d-f__s-steps__w-wt10_wc10__n-120.mid,data/model_audio/sweep/leap_low_long-rep07__t-sustain__d-f__s-steps__w-wt10_wc10__n-120.wav,planned
leap_low_long-rep08__t-sustain__d-f__s-steps__w-wt10_wc10__n-120,model,VIOLET,sweep_steps,steps,leap_low_long,leap,low,long,sustain,real_counterfactual_primary,36,f,96,96,,1576251685065818742,20260826,leap_low_long-rep08,8,1.0,1.0,120,,False,0.75,data/midi/sweep/steps/n120/leap_low_long-rep08__t-sustain__d-f__s-steps__w-wt10_wc10__n-120.mid,data/model_audio/sweep/leap_low_long-rep08__t-sustain__d-f__s-steps__w-wt10_wc10__n-120.wav,planned
leap_low_long-rep01__t-staccato__d-p__s-steps__w-wt10_wc10__n-120,model,VIOLET,sweep_steps,steps,leap_low_long,leap,low,long,staccato,real_counterfactual_primary,40,p,32,32,,8581516642195686860,20260826,leap_low_long-rep01,1,1.0,1.0,120,,False,0.75,data/midi/sweep/steps/n120/leap_low_long-rep01__t-staccato__d-p__s-steps__w-wt10_wc10__n-120.mid,data/model_audio/sweep/leap_low_long-rep01__t-staccato__d-p__s-steps__w-wt10_wc10__n-120.wav,planned
leap_low_long-rep02__t-staccato__d-p__s-steps__w-wt10_wc10__n-120,model,VIOLET,sweep_steps,steps,leap_low_long,leap,low,long,staccato,real_counterfactual_primary,40,p,32,32,,6011668959522092922,20260826,leap_low_long-rep02,2,1.0,1.0,120,,False,0.75,data/midi/sweep/steps/n120/leap_low_long-rep02__t-staccato__d-p__s-steps__w-wt10_wc10__n-120.mid,data/model_audio/sweep/leap_low_long-rep02__t-staccato__d-p__s-steps__w-wt10_wc10__n-120.wav,planned
leap_low_long-rep03__t-staccato__d-p__s-steps__w-wt10_wc10__n-120,model,VIOLET,sweep_steps,steps,leap_low_long,leap,low,long,staccato,real_counterfactual_primary,40,p,32,32,,503933344573206125,20260826,leap_low_long-rep03,3,1.0,1.0,120,,False,0.75,data/midi/sweep/steps/n120/leap_low_long-rep03__t-staccato__d-p__s-steps__w-wt10_wc10__n-120.mid,data/model_audio/sweep/leap_low_long-rep03__t-staccato__d-p__s-steps__w-wt10_wc10__n-120.wav,planned
leap_low_long-rep04__t-staccato__d-p__s-steps__w-wt10_wc10__n-120,model,VIOLET,sweep_steps,steps,leap_low_long,leap,low,long,staccato,real_counterfactual_primary,40,p,32,32,,4901962455406651142,20260826,leap_low_long-rep04,4,1.0,1.0,120,,False,0.75,data/midi/sweep/steps/n120/leap_low_long-rep04__t-staccato__d-p__s-steps__w-wt10_wc10__n-120.mid,data/model_audio/sweep/leap_low_long-rep04__t-staccato__d-p__s-steps__w-wt10_wc10__n-120.wav,planned
leap_low_long-rep05__t-staccato__d-p__s-steps__w-wt10_wc10__n-120,model,VIOLET,sweep_steps,steps,leap_low_long,leap,low,long,staccato,real_counterfactual_primary,40,p,32,32,,7934467439844592817,20260826,leap_low_long-rep05,5,1.0,1.0,120,,False,0.75,data/midi/sweep/steps/n120/leap_low_long-rep05__t-staccato__d-p__s-steps__w-wt10_wc10__n-120.mid,data/model_audio/sweep/leap_low_long-rep05__t-staccato__d-p__s-steps__w-wt10_wc10__n-120.wav,planned
leap_low_long-rep06__t-staccato__d-p__s-steps__w-wt10_wc10__n-120,model,VIOLET,sweep_steps,steps,leap_low_long,leap,low,long,staccato,real_counterfactual_primary,40,p,32,32,,4524160982168613405,20260826,leap_low_long-rep06,6,1.0,1.0,120,,False,0.75,data/midi/sweep/steps/n120/leap_low_long-rep06__t-staccato__d-p__s-steps__w-wt10_wc10__n-120.mid,data/model_audio/sweep/leap_low_long-rep06__t-staccato__d-p__s-steps__w-wt10_wc10__n-120.wav,planned
leap_low_long-rep07__t-staccato__d-p__s-steps__w-wt10_wc10__n-120,model,VIOLET,sweep_steps,steps,leap_low_long,leap,low,long,staccato,real_counterfactual_primary,40,p,32,32,,2171866782255133930,20260826,leap_low_long-rep07,7,1.0,1.0,120,,False,0.75,data/midi/sweep/steps/n120/leap_low_long-rep07__t-staccato__d-p__s-steps__w-wt10_wc10__n-120.mid,data/model_audio/sweep/leap_low_long-rep07__t-staccato__d-p__s-steps__w-wt10_wc10__n-120.wav,planned
leap_low_long-rep08__t-staccato__d-p__s-steps__w-wt10_wc10__n-120,model,VIOLET,sweep_steps,steps,leap_low_long,leap,low,long,staccato,real_counterfactual_primary,40,p,32,32,,1576251685065818742,20260826,leap_low_long-rep08,8,1.0,1.0,120,,False,0.75,data/midi/sweep/steps/n120/leap_low_long-rep08__t-staccato__d-p__s-steps__w-wt10_wc10__n-120.mid,data/model_audio/sweep/leap_low_long-rep08__t-staccato__d-p__s-steps__w-wt10_wc10__n-120.wav,planned
leap_low_long-rep01__t-staccato__d-mf__s-steps__w-wt10_wc10__n-120,model,VIOLET,sweep_steps,steps,leap_low_long,leap,low,long,staccato,real_counterfactual_primary,40,mf,64,64,,8581516642195686860,20260826,leap_low_long-rep01,1,1.0,1.0,120,,False,0.75,data/midi/sweep/steps/n120/leap_low_long-rep01__t-staccato__d-mf__s-steps__w-wt10_wc10__n-120.mid,data/model_audio/sweep/leap_low_long-rep01__t-staccato__d-mf__s-steps__w-wt10_wc10__n-120.wav,planned
leap_low_long-rep02__t-staccato__d-mf__s-steps__w-wt10_wc10__n-120,model,VIOLET,sweep_steps,steps,leap_low_long,leap,low,long,staccato,real_counterfactual_primary,40,mf,64,64,,6011668959522092922,20260826,leap_low_long-rep02,2,1.0,1.0,120,,False,0.75,data/midi/sweep/steps/n120/leap_low_long-rep02__t-staccato__d-mf__s-steps__w-wt10_wc10__n-120.mid,data/model_audio/sweep/leap_low_long-rep02__t-staccato__d-mf__s-steps__w-wt10_wc10__n-120.wav,planned
leap_low_long-rep03__t-staccato__d-mf__s-steps__w-wt10_wc10__n-120,model,VIOLET,sweep_steps,steps,leap_low_long,leap,low,long,staccato,real_counterfactual_primary,40,mf,64,64,,503933344573206125,20260826,leap_low_long-rep03,3,1.0,1.0,120,,False,0.75,data/midi/sweep/steps/n120/leap_low_long-rep03__t-staccato__d-mf__s-steps__w-wt10_wc10__n-120.mid,data/model_audio/sweep/leap_low_long-rep03__t-staccato__d-mf__s-steps__w-wt10_wc10__n-120.wav,planned
leap_low_long-rep04__t-staccato__d-mf__s-steps__w-wt10_wc10__n-120,model,VIOLET,sweep_steps,steps,leap_low_long,leap,low,long,staccato,real_counterfactual_primary,40,mf,64,64,,4901962455406651142,20260826,leap_low_long-rep04,4,1.0,1.0,120,,False,0.75,data/midi/sweep/steps/n120/leap_low_long-rep04__t-staccato__d-mf__s-steps__w-wt10_wc10__n-120.mid,data/model_audio/sweep/leap_low_long-rep04__t-staccato__d-mf__s-steps__w-wt10_wc10__n-120.wav,planned
leap_low_long-rep05__t-staccato__d-mf__s-steps__w-wt10_wc10__n-120,model,VIOLET,sweep_steps,steps,leap_low_long,leap,low,long,staccato,real_counterfactual_primary,40,mf,64,64,,7934467439844592817,20260826,leap_low_long-rep05,5,1.0,1.0,120,,False,0.75,data/midi/sweep/steps/n120/leap_low_long-rep05__t-staccato__d-mf__s-steps__w-wt10_wc10__n-120.mid,data/model_audio/sweep/leap_low_long-rep05__t-staccato__d-mf__s-steps__w-wt10_wc10__n-120.wav,planned
leap_low_long-rep06__t-staccato__d-mf__s-steps__w-wt10_wc10__n-120,model,VIOLET,sweep_steps,steps,leap_low_long,leap,low,long,staccato,real_counterfactual_primary,40,mf,64,64,,4524160982168613405,20260826,leap_low_long-rep06,6,1.0,1.0,120,,False,0.75,data/midi/sweep/steps/n120/leap_low_long-rep06__t-staccato__d-mf__s-steps__w-wt10_wc10__n-120.mid,data/model_audio/sweep/leap_low_long-rep06__t-staccato__d-mf__s-steps__w-wt10_wc10__n-120.wav,planned
leap_low_long-rep07__t-staccato__d-mf__s-steps__w-wt10_wc10__n-120,model,VIOLET,sweep_steps,steps,leap_low_long,leap,low,long,staccato,real_counterfactual_primary,40,mf,64,64,,2171866782255133930,20260826,leap_low_long-rep07,7,1.0,1.0,120,,False,0.75,data/midi/sweep/steps/n120/leap_low_long-rep07__t-staccato__d-mf__s-steps__w-wt10_wc10__n-120.mid,data/model_audio/sweep/leap_low_long-rep07__t-staccato__d-mf__s-steps__w-wt10_wc10__n-120.wav,planned
leap_low_long-rep08__t-staccato__d-mf__s-steps__w-wt10_wc10__n-120,model,VIOLET,sweep_steps,steps,leap_low_long,leap,low,long,staccato,real_counterfactual_primary,40,mf,64,64,,1576251685065818742,20260826,leap_low_long-rep08,8,1.0,1.0,120,,False,0.75,data/midi/sweep/steps/n120/leap_low_long-rep08__t-staccato__d-mf__s-steps__w-wt10_wc10__n-120.mid,data/model_audio/sweep/leap_low_long-rep08__t-staccato__d-mf__s-steps__w-wt10_wc10__n-120.wav,planned
leap_low_long-rep01__t-staccato__d-f__s-steps__w-wt10_wc10__n-120,model,VIOLET,sweep_steps,steps,leap_low_long,leap,low,long,staccato,real_counterfactual_primary,40,f,96,96,,8581516642195686860,20260826,leap_low_long-rep01,1,1.0,1.0,120,,False,0.75,data/midi/sweep/steps/n120/leap_low_long-rep01__t-staccato__d-f__s-steps__w-wt10_wc10__n-120.mid,data/model_audio/sweep/leap_low_long-rep01__t-staccato__d-f__s-steps__w-wt10_wc10__n-120.wav,planned
leap_low_long-rep02__t-staccato__d-f__s-steps__w-wt10_wc10__n-120,model,VIOLET,sweep_steps,steps,leap_low_long,leap,low,long,staccato,real_counterfactual_primary,40,f,96,96,,6011668959522092922,20260826,leap_low_long-rep02,2,1.0,1.0,120,,False,0.75,data/midi/sweep/steps/n120/leap_low_long-rep02__t-staccato__d-f__s-steps__w-wt10_wc10__n-120.mid,data/model_audio/sweep/leap_low_long-rep02__t-staccato__d-f__s-steps__w-wt10_wc10__n-120.wav,planned
leap_low_long-rep03__t-staccato__d-f__s-steps__w-wt10_wc10__n-120,model,VIOLET,sweep_steps,steps,leap_low_long,leap,low,long,staccato,real_counterfactual_primary,40,f,96,96,,503933344573206125,20260826,leap_low_long-rep03,3,1.0,1.0,120,,False,0.75,data/midi/sweep/steps/n120/leap_low_long-rep03__t-staccato__d-f__s-steps__w-wt10_wc10__n-120.mid,data/model_audio/sweep/leap_low_long-rep03__t-staccato__d-f__s-steps__w-wt10_wc10__n-120.wav,planned
leap_low_long-rep04__t-staccato__d-f__s-steps__w-wt10_wc10__n-120,model,VIOLET,sweep_steps,steps,leap_low_long,leap,low,long,staccato,real_counterfactual_primary,40,f,96,96,,4901962455406651142,20260826,leap_low_long-rep04,4,1.0,1.0,120,,False,0.75,data/midi/sweep/steps/n120/leap_low_long-rep04__t-staccato__d-f__s-steps__w-wt10_wc10__n-120.mid,data/model_audio/sweep/leap_low_long-rep04__t-staccato__d-f__s-steps__w-wt10_wc10__n-120.wav,planned
leap_low_long-rep05__t-staccato__d-f__s-steps__w-wt10_wc10__n-120,model,VIOLET,sweep_steps,steps,leap_low_long,leap,low,long,staccato,real_counterfactual_primary,40,f,96,96,,7934467439844592817,20260826,leap_low_long-rep05,5,1.0,1.0,120,,False,0.75,data/midi/sweep/steps/n120/leap_low_long-rep05__t-staccato__d-f__s-steps__w-wt10_wc10__n-120.mid,data/model_audio/sweep/leap_low_long-rep05__t-staccato__d-f__s-steps__w-wt10_wc10__n-120.wav,planned
leap_low_long-rep06__t-staccato__d-f__s-steps__w-wt10_wc10__n-120,model,VIOLET,sweep_steps,steps,leap_low_long,leap,low,long,staccato,real_counterfactual_primary,40,f,96,96,,4524160982168613405,20260826,leap_low_long-rep06,6,1.0,1.0,120,,False,0.75,data/midi/sweep/steps/n120/leap_low_long-rep06__t-staccato__d-f__s-steps__w-wt10_wc10__n-120.mid,data/model_audio/sweep/leap_low_long-rep06__t-staccato__d-f__s-steps__w-wt10_wc10__n-120.wav,planned
leap_low_long-rep07__t-staccato__d-f__s-steps__w-wt10_wc10__n-120,model,VIOLET,sweep_steps,steps,leap_low_long,leap,low,long,staccato,real_counterfactual_primary,40,f,96,96,,2171866782255133930,20260826,leap_low_long-rep07,7,1.0,1.0,120,,False,0.75,data/midi/sweep/steps/n120/leap_low_long-rep07__t-staccato__d-f__s-steps__w-wt10_wc10__n-120.mid,data/model_audio/sweep/leap_low_long-rep07__t-staccato__d-f__s-steps__w-wt10_wc10__n-120.wav,planned
leap_low_long-rep08__t-staccato__d-f__s-steps__w-wt10_wc10__n-120,model,VIOLET,sweep_steps,steps,leap_low_long,leap,low,long,staccato,real_counterfactual_primary,40,f,96,96,,1576251685065818742,20260826,leap_low_long-rep08,8,1.0,1.0,120,,False,0.75,data/midi/sweep/steps/n120/leap_low_long-rep08__t-staccato__d-f__s-steps__w-wt10_wc10__n-120.mid,data/model_audio/sweep/leap_low_long-rep08__t-staccato__d-f__s-steps__w-wt10_wc10__n-120.wav,planned
leap_low_long-rep01__t-pizzicato__d-p__s-steps__w-wt10_wc10__n-120,model,VIOLET,sweep_steps,steps,leap_low_long,leap,low,long,pizzicato,real_counterfactual_primary,43,p,32,32,,8581516642195686860,20260826,leap_low_long-rep01,1,1.0,1.0,120,,False,0.75,data/midi/sweep/steps/n120/leap_low_long-rep01__t-pizzicato__d-p__s-steps__w-wt10_wc10__n-120.mid,data/model_audio/sweep/leap_low_long-rep01__t-pizzicato__d-p__s-steps__w-wt10_wc10__n-120.wav,planned
leap_low_long-rep02__t-pizzicato__d-p__s-steps__w-wt10_wc10__n-120,model,VIOLET,sweep_steps,steps,leap_low_long,leap,low,long,pizzicato,real_counterfactual_primary,43,p,32,32,,6011668959522092922,20260826,leap_low_long-rep02,2,1.0,1.0,120,,False,0.75,data/midi/sweep/steps/n120/leap_low_long-rep02__t-pizzicato__d-p__s-steps__w-wt10_wc10__n-120.mid,data/model_audio/sweep/leap_low_long-rep02__t-pizzicato__d-p__s-steps__w-wt10_wc10__n-120.wav,planned
leap_low_long-rep03__t-pizzicato__d-p__s-steps__w-wt10_wc10__n-120,model,VIOLET,sweep_steps,steps,leap_low_long,leap,low,long,pizzicato,real_counterfactual_primary,43,p,32,32,,503933344573206125,20260826,leap_low_long-rep03,3,1.0,1.0,120,,False,0.75,data/midi/sweep/steps/n120/leap_low_long-rep03__t-pizzicato__d-p__s-steps__w-wt10_wc10__n-120.mid,data/model_audio/sweep/leap_low_long-rep03__t-pizzicato__d-p__s-steps__w-wt10_wc10__n-120.wav,planned
leap_low_long-rep04__t-pizzicato__d-p__s-steps__w-wt10_wc10__n-120,model,VIOLET,sweep_steps,steps,leap_low_long,leap,low,long,pizzicato,real_counterfactual_primary,43,p,32,32,,4901962455406651142,20260826,leap_low_long-rep04,4,1.0,1.0,120,,False,0.75,data/midi/sweep/steps/n120/leap_low_long-rep04__t-pizzicato__d-p__s-steps__w-wt10_wc10__n-120.mid,data/model_audio/sweep/leap_low_long-rep04__t-pizzicato__d-p__s-steps__w-wt10_wc10__n-120.wav,planned
leap_low_long-rep05__t-pizzicato__d-p__s-steps__w-wt10_wc10__n-120,model,VIOLET,sweep_steps,steps,leap_low_long,leap,low,long,pizzicato,real_counterfactual_primary,43,p,32,32,,7934467439844592817,20260826,leap_low_long-rep05,5,1.0,1.0,120,,False,0.75,data/midi/sweep/steps/n120/leap_low_long-rep05__t-pizzicato__d-p__s-steps__w-wt10_wc10__n-120.mid,data/model_audio/sweep/leap_low_long-rep05__t-pizzicato__d-p__s-steps__w-wt10_wc10__n-120.wav,planned
leap_low_long-rep06__t-pizzicato__d-p__s-steps__w-wt10_wc10__n-120,model,VIOLET,sweep_steps,steps,leap_low_long,leap,low,long,pizzicato,real_counterfactual_primary,43,p,32,32,,4524160982168613405,20260826,leap_low_long-rep06,6,1.0,1.0,120,,False,0.75,data/midi/sweep/steps/n120/leap_low_long-rep06__t-pizzicato__d-p__s-steps__w-wt10_wc10__n-120.mid,data/model_audio/sweep/leap_low_long-rep06__t-pizzicato__d-p__s-steps__w-wt10_wc10__n-120.wav,planned
leap_low_long-rep07__t-pizzicato__d-p__s-steps__w-wt10_wc10__n-120,model,VIOLET,sweep_steps,steps,leap_low_long,leap,low,long,pizzicato,real_counterfactual_primary,43,p,32,32,,2171866782255133930,20260826,leap_low_long-rep07,7,1.0,1.0,120,,False,0.75,data/midi/sweep/steps/n120/leap_low_long-rep07__t-pizzicato__d-p__s-steps__w-wt10_wc10__n-120.mid,data/model_audio/sweep/leap_low_long-rep07__t-pizzicato__d-p__s-steps__w-wt10_wc10__n-120.wav,planned
leap_low_long-rep08__t-pizzicato__d-p__s-steps__w-wt10_wc10__n-120,model,VIOLET,sweep_steps,steps,leap_low_long,leap,low,long,pizzicato,real_counterfactual_primary,43,p,32,32,,1576251685065818742,20260826,leap_low_long-rep08,8,1.0,1.0,120,,False,0.75,data/midi/sweep/steps/n120/leap_low_long-rep08__t-pizzicato__d-p__s-steps__w-wt10_wc10__n-120.mid,data/model_audio/sweep/leap_low_long-rep08__t-pizzicato__d-p__s-steps__w-wt10_wc10__n-120.wav,planned
leap_low_long-rep01__t-pizzicato__d-mf__s-steps__w-wt10_wc10__n-120,model,VIOLET,sweep_steps,steps,leap_low_long,leap,low,long,pizzicato,real_counterfactual_primary,43,mf,64,64,,8581516642195686860,20260826,leap_low_long-rep01,1,1.0,1.0,120,,False,0.75,data/midi/sweep/steps/n120/leap_low_long-rep01__t-pizzicato__d-mf__s-steps__w-wt10_wc10__n-120.mid,data/model_audio/sweep/leap_low_long-rep01__t-pizzicato__d-mf__s-steps__w-wt10_wc10__n-120.wav,planned
leap_low_long-rep02__t-pizzicato__d-mf__s-steps__w-wt10_wc10__n-120,model,VIOLET,sweep_steps,steps,leap_low_long,leap,low,long,pizzicato,real_counterfactual_primary,43,mf,64,64,,6011668959522092922,20260826,leap_low_long-rep02,2,1.0,1.0,120,,False,0.75,data/midi/sweep/steps/n120/leap_low_long-rep02__t-pizzicato__d-mf__s-steps__w-wt10_wc10__n-120.mid,data/model_audio/sweep/leap_low_long-rep02__t-pizzicato__d-mf__s-steps__w-wt10_wc10__n-120.wav,planned
leap_low_long-rep03__t-pizzicato__d-mf__s-steps__w-wt10_wc10__n-120,model,VIOLET,sweep_steps,steps,leap_low_long,leap,low,long,pizzicato,real_counterfactual_primary,43,mf,64,64,,503933344573206125,20260826,leap_low_long-rep03,3,1.0,1.0,120,,False,0.75,data/midi/sweep/steps/n120/leap_low_long-rep03__t-pizzicato__d-mf__s-steps__w-wt10_wc10__n-120.mid,data/model_audio/sweep/leap_low_long-rep03__t-pizzicato__d-mf__s-steps__w-wt10_wc10__n-120.wav,planned
leap_low_long-rep04__t-pizzicato__d-mf__s-steps__w-wt10_wc10__n-120,model,VIOLET,sweep_steps,steps,leap_low_long,leap,low,long,pizzicato,real_counterfactual_primary,43,mf,64,64,,4901962455406651142,20260826,leap_low_long-rep04,4,1.0,1.0,120,,False,0.75,data/midi/sweep/steps/n120/leap_low_long-rep04__t-pizzicato__d-mf__s-steps__w-wt10_wc10__n-120.mid,data/model_audio/sweep/leap_low_long-rep04__t-pizzicato__d-mf__s-steps__w-wt10_wc10__n-120.wav,planned
leap_low_long-rep05__t-pizzicato__d-mf__s-steps__w-wt10_wc10__n-120,model,VIOLET,sweep_steps,steps,leap_low_long,leap,low,long,pizzicato,real_counterfactual_primary,43,mf,64,64,,7934467439844592817,20260826,leap_low_long-rep05,5,1.0,1.0,120,,False,0.75,data/midi/sweep/steps/n120/leap_low_long-rep05__t-pizzicato__d-mf__s-steps__w-wt10_wc10__n-120.mid,data/model_audio/sweep/leap_low_long-rep05__t-pizzicato__d-mf__s-steps__w-wt10_wc10__n-120.wav,planned
leap_low_long-rep06__t-pizzicato__d-mf__s-steps__w-wt10_wc10__n-120,model,VIOLET,sweep_steps,steps,leap_low_long,leap,low,long,pizzicato,real_counterfactual_primary,43,mf,64,64,,4524160982168613405,20260826,leap_low_long-rep06,6,1.0,1.0,120,,False,0.75,data/midi/sweep/steps/n120/leap_low_long-rep06__t-pizzicato__d-mf__s-steps__w-wt10_wc10__n-120.mid,data/model_audio/sweep/leap_low_long-rep06__t-pizzicato__d-mf__s-steps__w-wt10_wc10__n-120.wav,planned
leap_low_long-rep07__t-pizzicato__d-mf__s-steps__w-wt10_wc10__n-120,model,VIOLET,sweep_steps,steps,leap_low_long,leap,low,long,pizzicato,real_counterfactual_primary,43,mf,64,64,,2171866782255133930,20260826,leap_low_long-rep07,7,1.0,1.0,120,,False,0.75,data/midi/sweep/steps/n120/leap_low_long-rep07__t-pizzicato__d-mf__s-steps__w-wt10_wc10__n-120.mid,data/model_audio/sweep/leap_low_long-rep07__t-pizzicato__d-mf__s-steps__w-wt10_wc10__n-120.wav,planned
leap_low_long-rep08__t-pizzicato__d-mf__s-steps__w-wt10_wc10__n-120,model,VIOLET,sweep_steps,steps,leap_low_long,leap,low,long,pizzicato,real_counterfactual_primary,43,mf,64,64,,1576251685065818742,20260826,leap_low_long-rep08,8,1.0,1.0,120,,False,0.75,data/midi/sweep/steps/n120/leap_low_long-rep08__t-pizzicato__d-mf__s-steps__w-wt10_wc10__n-120.mid,data/model_audio/sweep/leap_low_long-rep08__t-pizzicato__d-mf__s-steps__w-wt10_wc10__n-120.wav,planned
leap_low_long-rep01__t-pizzicato__d-f__s-steps__w-wt10_wc10__n-120,model,VIOLET,sweep_steps,steps,leap_low_long,leap,low,long,pizzicato,real_counterfactual_primary,43,f,96,96,,8581516642195686860,20260826,leap_low_long-rep01,1,1.0,1.0,120,,False,0.75,data/midi/sweep/steps/n120/leap_low_long-rep01__t-pizzicato__d-f__s-steps__w-wt10_wc10__n-120.mid,data/model_audio/sweep/leap_low_long-rep01__t-pizzicato__d-f__s-steps__w-wt10_wc10__n-120.wav,planned
leap_low_long-rep02__t-pizzicato__d-f__s-steps__w-wt10_wc10__n-120,model,VIOLET,sweep_steps,steps,leap_low_long,leap,low,long,pizzicato,real_counterfactual_primary,43,f,96,96,,6011668959522092922,20260826,leap_low_long-rep02,2,1.0,1.0,120,,False,0.75,data/midi/sweep/steps/n120/leap_low_long-rep02__t-pizzicato__d-f__s-steps__w-wt10_wc10__n-120.mid,data/model_audio/sweep/leap_low_long-rep02__t-pizzicato__d-f__s-steps__w-wt10_wc10__n-120.wav,planned
leap_low_long-rep03__t-pizzicato__d-f__s-steps__w-wt10_wc10__n-120,model,VIOLET,sweep_steps,steps,leap_low_long,leap,low,long,pizzicato,real_counterfactual_primary,43,f,96,96,,503933344573206125,20260826,leap_low_long-rep03,3,1.0,1.0,120,,False,0.75,data/midi/sweep/steps/n120/leap_low_long-rep03__t-pizzicato__d-f__s-steps__w-wt10_wc10__n-120.mid,data/model_audio/sweep/leap_low_long-rep03__t-pizzicato__d-f__s-steps__w-wt10_wc10__n-120.wav,planned
leap_low_long-rep04__t-pizzicato__d-f__s-steps__w-wt10_wc10__n-120,model,VIOLET,sweep_steps,steps,leap_low_long,leap,low,long,pizzicato,real_counterfactual_primary,43,f,96,96,,4901962455406651142,20260826,leap_low_long-rep04,4,1.0,1.0,120,,False,0.75,data/midi/sweep/steps/n120/leap_low_long-rep04__t-pizzicato__d-f__s-steps__w-wt10_wc10__n-120.mid,data/model_audio/sweep/leap_low_long-rep04__t-pizzicato__d-f__s-steps__w-wt10_wc10__n-120.wav,planned
leap_low_long-rep05__t-pizzicato__d-f__s-steps__w-wt10_wc10__n-120,model,VIOLET,sweep_steps,steps,leap_low_long,leap,low,long,pizzicato,real_counterfactual_primary,43,f,96,96,,7934467439844592817,20260826,leap_low_long-rep05,5,1.0,1.0,120,,False,0.75,data/midi/sweep/steps/n120/leap_low_long-rep05__t-pizzicato__d-f__s-steps__w-wt10_wc10__n-120.mid,data/model_audio/sweep/leap_low_long-rep05__t-pizzicato__d-f__s-steps__w-wt10_wc10__n-120.wav,planned
leap_low_long-rep06__t-pizzicato__d-f__s-steps__w-wt10_wc10__n-120,model,VIOLET,sweep_steps,steps,leap_low_long,leap,low,long,pizzicato,real_counterfactual_primary,43,f,96,96,,4524160982168613405,20260826,leap_low_long-rep06,6,1.0,1.0,120,,False,0.75,data/midi/sweep/steps/n120/leap_low_long-rep06__t-pizzicato__d-f__s-steps__w-wt10_wc10__n-120.mid,data/model_audio/sweep/leap_low_long-rep06__t-pizzicato__d-f__s-steps__w-wt10_wc10__n-120.wav,planned
leap_low_long-rep07__t-pizzicato__d-f__s-steps__w-wt10_wc10__n-120,model,VIOLET,sweep_steps,steps,leap_low_long,leap,low,long,pizzicato,real_counterfactual_primary,43,f,96,96,,2171866782255133930,20260826,leap_low_long-rep07,7,1.0,1.0,120,,False,0.75,data/midi/sweep/steps/n120/leap_low_long-rep07__t-pizzicato__d-f__s-steps__w-wt10_wc10__n-120.mid,data/model_audio/sweep/leap_low_long-rep07__t-pizzicato__d-f__s-steps__w-wt10_wc10__n-120.wav,planned
leap_low_long-rep08__t-pizzicato__d-f__s-steps__w-wt10_wc10__n-120,model,VIOLET,sweep_steps,steps,leap_low_long,leap,low,long,pizzicato,real_counterfactual_primary,43,f,96,96,,1576251685065818742,20260826,leap_low_long-rep08,8,1.0,1.0,120,,False,0.75,data/midi/sweep/steps/n120/leap_low_long-rep08__t-pizzicato__d-f__s-steps__w-wt10_wc10__n-120.mid,data/model_audio/sweep/leap_low_long-rep08__t-pizzicato__d-f__s-steps__w-wt10_wc10__n-120.wav,planned
leap_low_long-rep01__t-legato_slur__d-p__s-steps__w-wt10_wc10__n-120,model,VIOLET,sweep_steps,steps,leap_low_long,leap,low,long,legato_slur,real_counterfactual_primary,49,p,32,32,,8581516642195686860,20260826,leap_low_long-rep01,1,1.0,1.0,120,,False,0.75,data/midi/sweep/steps/n120/leap_low_long-rep01__t-legato_slur__d-p__s-steps__w-wt10_wc10__n-120.mid,data/model_audio/sweep/leap_low_long-rep01__t-legato_slur__d-p__s-steps__w-wt10_wc10__n-120.wav,planned
leap_low_long-rep02__t-legato_slur__d-p__s-steps__w-wt10_wc10__n-120,model,VIOLET,sweep_steps,steps,leap_low_long,leap,low,long,legato_slur,real_counterfactual_primary,49,p,32,32,,6011668959522092922,20260826,leap_low_long-rep02,2,1.0,1.0,120,,False,0.75,data/midi/sweep/steps/n120/leap_low_long-rep02__t-legato_slur__d-p__s-steps__w-wt10_wc10__n-120.mid,data/model_audio/sweep/leap_low_long-rep02__t-legato_slur__d-p__s-steps__w-wt10_wc10__n-120.wav,planned
leap_low_long-rep03__t-legato_slur__d-p__s-steps__w-wt10_wc10__n-120,model,VIOLET,sweep_steps,steps,leap_low_long,leap,low,long,legato_slur,real_counterfactual_primary,49,p,32,32,,503933344573206125,20260826,leap_low_long-rep03,3,1.0,1.0,120,,False,0.75,data/midi/sweep/steps/n120/leap_low_long-rep03__t-legato_slur__d-p__s-steps__w-wt10_wc10__n-120.mid,data/model_audio/sweep/leap_low_long-rep03__t-legato_slur__d-p__s-steps__w-wt10_wc10__n-120.wav,planned
leap_low_long-rep04__t-legato_slur__d-p__s-steps__w-wt10_wc10__n-120,model,VIOLET,sweep_steps,steps,leap_low_long,leap,low,long,legato_slur,real_counterfactual_primary,49,p,32,32,,4901962455406651142,20260826,leap_low_long-rep04,4,1.0,1.0,120,,False,0.75,data/midi/sweep/steps/n120/leap_low_long-rep04__t-legato_slur__d-p__s-steps__w-wt10_wc10__n-120.mid,data/model_audio/sweep/leap_low_long-rep04__t-legato_slur__d-p__s-steps__w-wt10_wc10__n-120.wav,planned
leap_low_long-rep05__t-legato_slur__d-p__s-steps__w-wt10_wc10__n-120,model,VIOLET,sweep_steps,steps,leap_low_long,leap,low,long,legato_slur,real_counterfactual_primary,49,p,32,32,,7934467439844592817,20260826,leap_low_long-rep05,5,1.0,1.0,120,,False,0.75,data/midi/sweep/steps/n120/leap_low_long-rep05__t-legato_slur__d-p__s-steps__w-wt10_wc10__n-120.mid,data/model_audio/sweep/leap_low_long-rep05__t-legato_slur__d-p__s-steps__w-wt10_wc10__n-120.wav,planned
leap_low_long-rep06__t-legato_slur__d-p__s-steps__w-wt10_wc10__n-120,model,VIOLET,sweep_steps,steps,leap_low_long,leap,low,long,legato_slur,real_counterfactual_primary,49,p,32,32,,4524160982168613405,20260826,leap_low_long-rep06,6,1.0,1.0,120,,False,0.75,data/midi/sweep/steps/n120/leap_low_long-rep06__t-legato_slur__d-p__s-steps__w-wt10_wc10__n-120.mid,data/model_audio/sweep/leap_low_long-rep06__t-legato_slur__d-p__s-steps__w-wt10_wc10__n-120.wav,planned
leap_low_long-rep07__t-legato_slur__d-p__s-steps__w-wt10_wc10__n-120,model,VIOLET,sweep_steps,steps,leap_low_long,leap,low,long,legato_slur,real_counterfactual_primary,49,p,32,32,,2171866782255133930,20260826,leap_low_long-rep07,7,1.0,1.0,120,,False,0.75,data/midi/sweep/steps/n120/leap_low_long-rep07__t-legato_slur__d-p__s-steps__w-wt10_wc10__n-120.mid,data/model_audio/sweep/leap_low_long-rep07__t-legato_slur__d-p__s-steps__w-wt10_wc10__n-120.wav,planned
leap_low_long-rep08__t-legato_slur__d-p__s-steps__w-wt10_wc10__n-120,model,VIOLET,sweep_steps,steps,leap_low_long,leap,low,long,legato_slur,real_counterfactual_primary,49,p,32,32,,1576251685065818742,20260826,leap_low_long-rep08,8,1.0,1.0,120,,False,0.75,data/midi/sweep/steps/n120/leap_low_long-rep08__t-legato_slur__d-p__s-steps__w-wt10_wc10__n-120.mid,data/model_audio/sweep/leap_low_long-rep08__t-legato_slur__d-p__s-steps__w-wt10_wc10__n-120.wav,planned
leap_low_long-rep01__t-legato_slur__d-mf__s-steps__w-wt10_wc10__n-120,model,VIOLET,sweep_steps,steps,leap_low_long,leap,low,long,legato_slur,real_counterfactual_primary,49,mf,64,64,,8581516642195686860,20260826,leap_low_long-rep01,1,1.0,1.0,120,,False,0.75,data/midi/sweep/steps/n120/leap_low_long-rep01__t-legato_slur__d-mf__s-steps__w-wt10_wc10__n-120.mid,data/model_audio/sweep/leap_low_long-rep01__t-legato_slur__d-mf__s-steps__w-wt10_wc10__n-120.wav,planned
leap_low_long-rep02__t-legato_slur__d-mf__s-steps__w-wt10_wc10__n-120,model,VIOLET,sweep_steps,steps,leap_low_long,leap,low,long,legato_slur,real_counterfactual_primary,49,mf,64,64,,6011668959522092922,20260826,leap_low_long-rep02,2,1.0,1.0,120,,False,0.75,data/midi/sweep/steps/n120/leap_low_long-rep02__t-legato_slur__d-mf__s-steps__w-wt10_wc10__n-120.mid,data/model_audio/sweep/leap_low_long-rep02__t-legato_slur__d-mf__s-steps__w-wt10_wc10__n-120.wav,planned
leap_low_long-rep03__t-legato_slur__d-mf__s-steps__w-wt10_wc10__n-120,model,VIOLET,sweep_steps,steps,leap_low_long,leap,low,long,legato_slur,real_counterfactual_primary,49,mf,64,64,,503933344573206125,20260826,leap_low_long-rep03,3,1.0,1.0,120,,False,0.75,data/midi/sweep/steps/n120/leap_low_long-rep03__t-legato_slur__d-mf__s-steps__w-wt10_wc10__n-120.mid,data/model_audio/sweep/leap_low_long-rep03__t-legato_slur__d-mf__s-steps__w-wt10_wc10__n-120.wav,planned
leap_low_long-rep04__t-legato_slur__d-mf__s-steps__w-wt10_wc10__n-120,model,VIOLET,sweep_steps,steps,leap_low_long,leap,low,long,legato_slur,real_counterfactual_primary,49,mf,64,64,,4901962455406651142,20260826,leap_low_long-rep04,4,1.0,1.0,120,,False,0.75,data/midi/sweep/steps/n120/leap_low_long-rep04__t-legato_slur__d-mf__s-steps__w-wt10_wc10__n-120.mid,data/model_audio/sweep/leap_low_long-rep04__t-legato_slur__d-mf__s-steps__w-wt10_wc10__n-120.wav,planned
leap_low_long-rep05__t-legato_slur__d-mf__s-steps__w-wt10_wc10__n-120,model,VIOLET,sweep_steps,steps,leap_low_long,leap,low,long,legato_slur,real_counterfactual_primary,49,mf,64,64,,7934467439844592817,20260826,leap_low_long-rep05,5,1.0,1.0,120,,False,0.75,data/midi/sweep/steps/n120/leap_low_long-rep05__t-legato_slur__d-mf__s-steps__w-wt10_wc10__n-120.mid,data/model_audio/sweep/leap_low_long-rep05__t-legato_slur__d-mf__s-steps__w-wt10_wc10__n-120.wav,planned
leap_low_long-rep06__t-legato_slur__d-mf__s-steps__w-wt10_wc10__n-120,model,VIOLET,sweep_steps,steps,leap_low_long,leap,low,long,legato_slur,real_counterfactual_primary,49,mf,64,64,,4524160982168613405,20260826,leap_low_long-rep06,6,1.0,1.0,120,,False,0.75,data/midi/sweep/steps/n120/leap_low_long-rep06__t-legato_slur__d-mf__s-steps__w-wt10_wc10__n-120.mid,data/model_audio/sweep/leap_low_long-rep06__t-legato_slur__d-mf__s-steps__w-wt10_wc10__n-120.wav,planned
leap_low_long-rep07__t-legato_slur__d-mf__s-steps__w-wt10_wc10__n-120,model,VIOLET,sweep_steps,steps,leap_low_long,leap,low,long,legato_slur,real_counterfactual_primary,49,mf,64,64,,2171866782255133930,20260826,leap_low_long-rep07,7,1.0,1.0,120,,False,0.75,data/midi/sweep/steps/n120/leap_low_long-rep07__t-legato_slur__d-mf__s-steps__w-wt10_wc10__n-120.mid,data/model_audio/sweep/leap_low_long-rep07__t-legato_slur__d-mf__s-steps__w-wt10_wc10__n-120.wav,planned
leap_low_long-rep08__t-legato_slur__d-mf__s-steps__w-wt10_wc10__n-120,model,VIOLET,sweep_steps,steps,leap_low_long,leap,low,long,legato_slur,real_counterfactual_primary,49,mf,64,64,,1576251685065818742,20260826,leap_low_long-rep08,8,1.0,1.0,120,,False,0.75,data/midi/sweep/steps/n120/leap_low_long-rep08__t-legato_slur__d-mf__s-steps__w-wt10_wc10__n-120.mid,data/model_audio/sweep/leap_low_long-rep08__t-legato_slur__d-mf__s-steps__w-wt10_wc10__n-120.wav,planned
leap_low_long-rep01__t-legato_slur__d-f__s-steps__w-wt10_wc10__n-120,model,VIOLET,sweep_steps,steps,leap_low_long,leap,low,long,legato_slur,real_counterfactual_primary,49,f,96,96,,8581516642195686860,20260826,leap_low_long-rep01,1,1.0,1.0,120,,False,0.75,data/midi/sweep/steps/n120/leap_low_long-rep01__t-legato_slur__d-f__s-steps__w-wt10_wc10__n-120.mid,data/model_audio/sweep/leap_low_long-rep01__t-legato_slur__d-f__s-steps__w-wt10_wc10__n-120.wav,planned
leap_low_long-rep02__t-legato_slur__d-f__s-steps__w-wt10_wc10__n-120,model,VIOLET,sweep_steps,steps,leap_low_long,leap,low,long,legato_slur,real_counterfactual_primary,49,f,96,96,,6011668959522092922,20260826,leap_low_long-rep02,2,1.0,1.0,120,,False,0.75,data/midi/sweep/steps/n120/leap_low_long-rep02__t-legato_slur__d-f__s-steps__w-wt10_wc10__n-120.mid,data/model_audio/sweep/leap_low_long-rep02__t-legato_slur__d-f__s-steps__w-wt10_wc10__n-120.wav,planned
leap_low_long-rep03__t-legato_slur__d-f__s-steps__w-wt10_wc10__n-120,model,VIOLET,sweep_steps,steps,leap_low_long,leap,low,long,legato_slur,real_counterfactual_primary,49,f,96,96,,503933344573206125,20260826,leap_low_long-rep03,3,1.0,1.0,120,,False,0.75,data/midi/sweep/steps/n120/leap_low_long-rep03__t-legato_slur__d-f__s-steps__w-wt10_wc10__n-120.mid,data/model_audio/sweep/leap_low_long-rep03__t-legato_slur__d-f__s-steps__w-wt10_wc10__n-120.wav,planned
leap_low_long-rep04__t-legato_slur__d-f__s-steps__w-wt10_wc10__n-120,model,VIOLET,sweep_steps,steps,leap_low_long,leap,low,long,legato_slur,real_counterfactual_primary,49,f,96,96,,4901962455406651142,20260826,leap_low_long-rep04,4,1.0,1.0,120,,False,0.75,data/midi/sweep/steps/n120/leap_low_long-rep04__t-legato_slur__d-f__s-steps__w-wt10_wc10__n-120.mid,data/model_audio/sweep/leap_low_long-rep04__t-legato_slur__d-f__s-steps__w-wt10_wc10__n-120.wav,planned
leap_low_long-rep05__t-legato_slur__d-f__s-steps__w-wt10_wc10__n-120,model,VIOLET,sweep_steps,steps,leap_low_long,leap,low,long,legato_slur,real_counterfactual_primary,49,f,96,96,,7934467439844592817,20260826,leap_low_long-rep05,5,1.0,1.0,120,,False,0.75,data/midi/sweep/steps/n120/leap_low_long-rep05__t-legato_slur__d-f__s-steps__w-wt10_wc10__n-120.mid,data/model_audio/sweep/leap_low_long-rep05__t-legato_slur__d-f__s-steps__w-wt10_wc10__n-120.wav,planned
leap_low_long-rep06__t-legato_slur__d-f__s-steps__w-wt10_wc10__n-120,model,VIOLET,sweep_steps,steps,leap_low_long,leap,low,long,legato_slur,real_counterfactual_primary,49,f,96,96,,4524160982168613405,20260826,leap_low_long-rep06,6,1.0,1.0,120,,False,0.75,data/midi/sweep/steps/n120/leap_low_long-rep06__t-legato_slur__d-f__s-steps__w-wt10_wc10__n-120.mid,data/model_audio/sweep/leap_low_long-rep06__t-legato_slur__d-f__s-steps__w-wt10_wc10__n-120.wav,planned
leap_low_long-rep07__t-legato_slur__d-f__s-steps__w-wt10_wc10__n-120,model,VIOLET,sweep_steps,steps,leap_low_long,leap,low,long,legato_slur,real_counterfactual_primary,49,f,96,96,,2171866782255133930,20260826,leap_low_long-rep07,7,1.0,1.0,120,,False,0.75,data/midi/sweep/steps/n120/leap_low_long-rep07__t-legato_slur__d-f__s-steps__w-wt10_wc10__n-120.mid,data/model_audio/sweep/leap_low_long-rep07__t-legato_slur__d-f__s-steps__w-wt10_wc10__n-120.wav,planned
leap_low_long-rep08__t-legato_slur__d-f__s-steps__w-wt10_wc10__n-120,model,VIOLET,sweep_steps,steps,leap_low_long,leap,low,long,legato_slur,real_counterfactual_primary,49,f,96,96,,1576251685065818742,20260826,leap_low_long-rep08,8,1.0,1.0,120,,False,0.75,data/midi/sweep/steps/n120/leap_low_long-rep08__t-legato_slur__d-f__s-steps__w-wt10_wc10__n-120.mid,data/model_audio/sweep/leap_low_long-rep08__t-legato_slur__d-f__s-steps__w-wt10_wc10__n-120.wav,planned
leap_mid_short-rep01__t-sustain__d-p__s-steps__w-wt10_wc10__n-120,model,VIOLET,sweep_steps,steps,leap_mid_short,leap,mid,short,sustain,real_counterfactual_primary,36,p,32,32,,4683260332127149966,20260826,leap_mid_short-rep01,1,1.0,1.0,120,,False,0.75,data/midi/sweep/steps/n120/leap_mid_short-rep01__t-sustain__d-p__s-steps__w-wt10_wc10__n-120.mid,data/model_audio/sweep/leap_mid_short-rep01__t-sustain__d-p__s-steps__w-wt10_wc10__n-120.wav,planned
leap_mid_short-rep02__t-sustain__d-p__s-steps__w-wt10_wc10__n-120,model,VIOLET,sweep_steps,steps,leap_mid_short,leap,mid,short,sustain,real_counterfactual_primary,36,p,32,32,,2408855762630770811,20260826,leap_mid_short-rep02,2,1.0,1.0,120,,False,0.75,data/midi/sweep/steps/n120/leap_mid_short-rep02__t-sustain__d-p__s-steps__w-wt10_wc10__n-120.mid,data/model_audio/sweep/leap_mid_short-rep02__t-sustain__d-p__s-steps__w-wt10_wc10__n-120.wav,planned
leap_mid_short-rep03__t-sustain__d-p__s-steps__w-wt10_wc10__n-120,model,VIOLET,sweep_steps,steps,leap_mid_short,leap,mid,short,sustain,real_counterfactual_primary,36,p,32,32,,2925560563385310664,20260826,leap_mid_short-rep03,3,1.0,1.0,120,,False,0.75,data/midi/sweep/steps/n120/leap_mid_short-rep03__t-sustain__d-p__s-steps__w-wt10_wc10__n-120.mid,data/model_audio/sweep/leap_mid_short-rep03__t-sustain__d-p__s-steps__w-wt10_wc10__n-120.wav,planned
leap_mid_short-rep04__t-sustain__d-p__s-steps__w-wt10_wc10__n-120,model,VIOLET,sweep_steps,steps,leap_mid_short,leap,mid,short,sustain,real_counterfactual_primary,36,p,32,32,,1112767966883838800,20260826,leap_mid_short-rep04,4,1.0,1.0,120,,False,0.75,data/midi/sweep/steps/n120/leap_mid_short-rep04__t-sustain__d-p__s-steps__w-wt10_wc10__n-120.mid,data/model_audio/sweep/leap_mid_short-rep04__t-sustain__d-p__s-steps__w-wt10_wc10__n-120.wav,planned
leap_mid_short-rep05__t-sustain__d-p__s-steps__w-wt10_wc10__n-120,model,VIOLET,sweep_steps,steps,leap_mid_short,leap,mid,short,sustain,real_counterfactual_primary,36,p,32,32,,3639701948350799059,20260826,leap_mid_short-rep05,5,1.0,1.0,120,,False,0.75,data/midi/sweep/steps/n120/leap_mid_short-rep05__t-sustain__d-p__s-steps__w-wt10_wc10__n-120.mid,data/model_audio/sweep/leap_mid_short-rep05__t-sustain__d-p__s-steps__w-wt10_wc10__n-120.wav,planned
leap_mid_short-rep06__t-sustain__d-p__s-steps__w-wt10_wc10__n-120,model,VIOLET,sweep_steps,steps,leap_mid_short,leap,mid,short,sustain,real_counterfactual_primary,36,p,32,32,,7464322956482187485,20260826,leap_mid_short-rep06,6,1.0,1.0,120,,False,0.75,data/midi/sweep/steps/n120/leap_mid_short-rep06__t-sustain__d-p__s-steps__w-wt10_wc10__n-120.mid,data/model_audio/sweep/leap_mid_short-rep06__t-sustain__d-p__s-steps__w-wt10_wc10__n-120.wav,planned
leap_mid_short-rep07__t-sustain__d-p__s-steps__w-wt10_wc10__n-120,model,VIOLET,sweep_steps,steps,leap_mid_short,leap,mid,short,sustain,real_counterfactual_primary,36,p,32,32,,2350982861565962733,20260826,leap_mid_short-rep07,7,1.0,1.0,120,,False,0.75,data/midi/sweep/steps/n120/leap_mid_short-rep07__t-sustain__d-p__s-steps__w-wt10_wc10__n-120.mid,data/model_audio/sweep/leap_mid_short-rep07__t-sustain__d-p__s-steps__w-wt10_wc10__n-120.wav,planned
leap_mid_short-rep08__t-sustain__d-p__s-steps__w-wt10_wc10__n-120,model,VIOLET,sweep_steps,steps,leap_mid_short,leap,mid,short,sustain,real_counterfactual_primary,36,p,32,32,,8196000948298052098,20260826,leap_mid_short-rep08,8,1.0,1.0,120,,False,0.75,data/midi/sweep/steps/n120/leap_mid_short-rep08__t-sustain__d-p__s-steps__w-wt10_wc10__n-120.mid,data/model_audio/sweep/leap_mid_short-rep08__t-sustain__d-p__s-steps__w-wt10_wc10__n-120.wav,planned
leap_mid_short-rep01__t-sustain__d-mf__s-steps__w-wt10_wc10__n-120,model,VIOLET,sweep_steps,steps,leap_mid_short,leap,mid,short,sustain,real_counterfactual_primary,36,mf,64,64,,4683260332127149966,20260826,leap_mid_short-rep01,1,1.0,1.0,120,,False,0.75,data/midi/sweep/steps/n120/leap_mid_short-rep01__t-sustain__d-mf__s-steps__w-wt10_wc10__n-120.mid,data/model_audio/sweep/leap_mid_short-rep01__t-sustain__d-mf__s-steps__w-wt10_wc10__n-120.wav,planned
leap_mid_short-rep02__t-sustain__d-mf__s-steps__w-wt10_wc10__n-120,model,VIOLET,sweep_steps,steps,leap_mid_short,leap,mid,short,sustain,real_counterfactual_primary,36,mf,64,64,,2408855762630770811,20260826,leap_mid_short-rep02,2,1.0,1.0,120,,False,0.75,data/midi/sweep/steps/n120/leap_mid_short-rep02__t-sustain__d-mf__s-steps__w-wt10_wc10__n-120.mid,data/model_audio/sweep/leap_mid_short-rep02__t-sustain__d-mf__s-steps__w-wt10_wc10__n-120.wav,planned
leap_mid_short-rep03__t-sustain__d-mf__s-steps__w-wt10_wc10__n-120,model,VIOLET,sweep_steps,steps,leap_mid_short,leap,mid,short,sustain,real_counterfactual_primary,36,mf,64,64,,2925560563385310664,20260826,leap_mid_short-rep03,3,1.0,1.0,120,,False,0.75,data/midi/sweep/steps/n120/leap_mid_short-rep03__t-sustain__d-mf__s-steps__w-wt10_wc10__n-120.mid,data/model_audio/sweep/leap_mid_short-rep03__t-sustain__d-mf__s-steps__w-wt10_wc10__n-120.wav,planned
leap_mid_short-rep04__t-sustain__d-mf__s-steps__w-wt10_wc10__n-120,model,VIOLET,sweep_steps,steps,leap_mid_short,leap,mid,short,sustain,real_counterfactual_primary,36,mf,64,64,,1112767966883838800,20260826,leap_mid_short-rep04,4,1.0,1.0,120,,False,0.75,data/midi/sweep/steps/n120/leap_mid_short-rep04__t-sustain__d-mf__s-steps__w-wt10_wc10__n-120.mid,data/model_audio/sweep/leap_mid_short-rep04__t-sustain__d-mf__s-steps__w-wt10_wc10__n-120.wav,planned
leap_mid_short-rep05__t-sustain__d-mf__s-steps__w-wt10_wc10__n-120,model,VIOLET,sweep_steps,steps,leap_mid_short,leap,mid,short,sustain,real_counterfactual_primary,36,mf,64,64,,3639701948350799059,20260826,leap_mid_short-rep05,5,1.0,1.0,120,,False,0.75,data/midi/sweep/steps/n120/leap_mid_short-rep05__t-sustain__d-mf__s-steps__w-wt10_wc10__n-120.mid,data/model_audio/sweep/leap_mid_short-rep05__t-sustain__d-mf__s-steps__w-wt10_wc10__n-120.wav,planned
leap_mid_short-rep06__t-sustain__d-mf__s-steps__w-wt10_wc10__n-120,model,VIOLET,sweep_steps,steps,leap_mid_short,leap,mid,short,sustain,real_counterfactual_primary,36,mf,64,64,,7464322956482187485,20260826,leap_mid_short-rep06,6,1.0,1.0,120,,False,0.75,data/midi/sweep/steps/n120/leap_mid_short-rep06__t-sustain__d-mf__s-steps__w-wt10_wc10__n-120.mid,data/model_audio/sweep/leap_mid_short-rep06__t-sustain__d-mf__s-steps__w-wt10_wc10__n-120.wav,planned
leap_mid_short-rep07__t-sustain__d-mf__s-steps__w-wt10_wc10__n-120,model,VIOLET,sweep_steps,steps,leap_mid_short,leap,mid,short,sustain,real_counterfactual_primary,36,mf,64,64,,2350982861565962733,20260826,leap_mid_short-rep07,7,1.0,1.0,120,,False,0.75,data/midi/sweep/steps/n120/leap_mid_short-rep07__t-sustain__d-mf__s-steps__w-wt10_wc10__n-120.mid,data/model_audio/sweep/leap_mid_short-rep07__t-sustain__d-mf__s-steps__w-wt10_wc10__n-120.wav,planned
leap_mid_short-rep08__t-sustain__d-mf__s-steps__w-wt10_wc10__n-120,model,VIOLET,sweep_steps,steps,leap_mid_short,leap,mid,short,sustain,real_counterfactual_primary,36,mf,64,64,,8196000948298052098,20260826,leap_mid_short-rep08,8,1.0,1.0,120,,False,0.75,data/midi/sweep/steps/n120/leap_mid_short-rep08__t-sustain__d-mf__s-steps__w-wt10_wc10__n-120.mid,data/model_audio/sweep/leap_mid_short-rep08__t-sustain__d-mf__s-steps__w-wt10_wc10__n-120.wav,planned
leap_mid_short-rep01__t-sustain__d-f__s-steps__w-wt10_wc10__n-120,model,VIOLET,sweep_steps,steps,leap_mid_short,leap,mid,short,sustain,real_counterfactual_primary,36,f,96,96,,4683260332127149966,20260826,leap_mid_short-rep01,1,1.0,1.0,120,,False,0.75,data/midi/sweep/steps/n120/leap_mid_short-rep01__t-sustain__d-f__s-steps__w-wt10_wc10__n-120.mid,data/model_audio/sweep/leap_mid_short-rep01__t-sustain__d-f__s-steps__w-wt10_wc10__n-120.wav,planned
leap_mid_short-rep02__t-sustain__d-f__s-steps__w-wt10_wc10__n-120,model,VIOLET,sweep_steps,steps,leap_mid_short,leap,mid,short,sustain,real_counterfactual_primary,36,f,96,96,,2408855762630770811,20260826,leap_mid_short-rep02,2,1.0,1.0,120,,False,0.75,data/midi/sweep/steps/n120/leap_mid_short-rep02__t-sustain__d-f__s-steps__w-wt10_wc10__n-120.mid,data/model_audio/sweep/leap_mid_short-rep02__t-sustain__d-f__s-steps__w-wt10_wc10__n-120.wav,planned
leap_mid_short-rep03__t-sustain__d-f__s-steps__w-wt10_wc10__n-120,model,VIOLET,sweep_steps,steps,leap_mid_short,leap,mid,short,sustain,real_counterfactual_primary,36,f,96,96,,2925560563385310664,20260826,leap_mid_short-rep03,3,1.0,1.0,120,,False,0.75,data/midi/sweep/steps/n120/leap_mid_short-rep03__t-sustain__d-f__s-steps__w-wt10_wc10__n-120.mid,data/model_audio/sweep/leap_mid_short-rep03__t-sustain__d-f__s-steps__w-wt10_wc10__n-120.wav,planned
leap_mid_short-rep04__t-sustain__d-f__s-steps__w-wt10_wc10__n-120,model,VIOLET,sweep_steps,steps,leap_mid_short,leap,mid,short,sustain,real_counterfactual_primary,36,f,96,96,,1112767966883838800,20260826,leap_mid_short-rep04,4,1.0,1.0,120,,False,0.75,data/midi/sweep/steps/n120/leap_mid_short-rep04__t-sustain__d-f__s-steps__w-wt10_wc10__n-120.mid,data/model_audio/sweep/leap_mid_short-rep04__t-sustain__d-f__s-steps__w-wt10_wc10__n-120.wav,planned
leap_mid_short-rep05__t-sustain__d-f__s-steps__w-wt10_wc10__n-120,model,VIOLET,sweep_steps,steps,leap_mid_short,leap,mid,short,sustain,real_counterfactual_primary,36,f,96,96,,3639701948350799059,20260826,leap_mid_short-rep05,5,1.0,1.0,120,,False,0.75,data/midi/sweep/steps/n120/leap_mid_short-rep05__t-sustain__d-f__s-steps__w-wt10_wc10__n-120.mid,data/model_audio/sweep/leap_mid_short-rep05__t-sustain__d-f__s-steps__w-wt10_wc10__n-120.wav,planned
leap_mid_short-rep06__t-sustain__d-f__s-steps__w-wt10_wc10__n-120,model,VIOLET,sweep_steps,steps,leap_mid_short,leap,mid,short,sustain,real_counterfactual_primary,36,f,96,96,,7464322956482187485,20260826,leap_mid_short-rep06,6,1.0,1.0,120,,False,0.75,data/midi/sweep/steps/n120/leap_mid_short-rep06__t-sustain__d-f__s-steps__w-wt10_wc10__n-120.mid,data/model_audio/sweep/leap_mid_short-rep06__t-sustain__d-f__s-steps__w-wt10_wc10__n-120.wav,planned
leap_mid_short-rep07__t-sustain__d-f__s-steps__w-wt10_wc10__n-120,model,VIOLET,sweep_steps,steps,leap_mid_short,leap,mid,short,sustain,real_counterfactual_primary,36,f,96,96,,2350982861565962733,20260826,leap_mid_short-rep07,7,1.0,1.0,120,,False,0.75,data/midi/sweep/steps/n120/leap_mid_short-rep07__t-sustain__d-f__s-steps__w-wt10_wc10__n-120.mid,data/model_audio/sweep/leap_mid_short-rep07__t-sustain__d-f__s-steps__w-wt10_wc10__n-120.wav,planned
leap_mid_short-rep08__t-sustain__d-f__s-steps__w-wt10_wc10__n-120,model,VIOLET,sweep_steps,steps,leap_mid_short,leap,mid,short,sustain,real_counterfactual_primary,36,f,96,96,,8196000948298052098,20260826,leap_mid_short-rep08,8,1.0,1.0,120,,False,0.75,data/midi/sweep/steps/n120/leap_mid_short-rep08__t-sustain__d-f__s-steps__w-wt10_wc10__n-120.mid,data/model_audio/sweep/leap_mid_short-rep08__t-sustain__d-f__s-steps__w-wt10_wc10__n-120.wav,planned
leap_mid_short-rep01__t-staccato__d-p__s-steps__w-wt10_wc10__n-120,model,VIOLET,sweep_steps,steps,leap_mid_short,leap,mid,short,staccato,real_counterfactual_primary,40,p,32,32,,4683260332127149966,20260826,leap_mid_short-rep01,1,1.0,1.0,120,,False,0.75,data/midi/sweep/steps/n120/leap_mid_short-rep01__t-staccato__d-p__s-steps__w-wt10_wc10__n-120.mid,data/model_audio/sweep/leap_mid_short-rep01__t-staccato__d-p__s-steps__w-wt10_wc10__n-120.wav,planned
leap_mid_short-rep02__t-staccato__d-p__s-steps__w-wt10_wc10__n-120,model,VIOLET,sweep_steps,steps,leap_mid_short,leap,mid,short,staccato,real_counterfactual_primary,40,p,32,32,,2408855762630770811,20260826,leap_mid_short-rep02,2,1.0,1.0,120,,False,0.75,data/midi/sweep/steps/n120/leap_mid_short-rep02__t-staccato__d-p__s-steps__w-wt10_wc10__n-120.mid,data/model_audio/sweep/leap_mid_short-rep02__t-staccato__d-p__s-steps__w-wt10_wc10__n-120.wav,planned
leap_mid_short-rep03__t-staccato__d-p__s-steps__w-wt10_wc10__n-120,model,VIOLET,sweep_steps,steps,leap_mid_short,leap,mid,short,staccato,real_counterfactual_primary,40,p,32,32,,2925560563385310664,20260826,leap_mid_short-rep03,3,1.0,1.0,120,,False,0.75,data/midi/sweep/steps/n120/leap_mid_short-rep03__t-staccato__d-p__s-steps__w-wt10_wc10__n-120.mid,data/model_audio/sweep/leap_mid_short-rep03__t-staccato__d-p__s-steps__w-wt10_wc10__n-120.wav,planned
leap_mid_short-rep04__t-staccato__d-p__s-steps__w-wt10_wc10__n-120,model,VIOLET,sweep_steps,steps,leap_mid_short,leap,mid,short,staccato,real_counterfactual_primary,40,p,32,32,,1112767966883838800,20260826,leap_mid_short-rep04,4,1.0,1.0,120,,False,0.75,data/midi/sweep/steps/n120/leap_mid_short-rep04__t-staccato__d-p__s-steps__w-wt10_wc10__n-120.mid,data/model_audio/sweep/leap_mid_short-rep04__t-staccato__d-p__s-steps__w-wt10_wc10__n-120.wav,planned
leap_mid_short-rep05__t-staccato__d-p__s-steps__w-wt10_wc10__n-120,model,VIOLET,sweep_steps,steps,leap_mid_short,leap,mid,short,staccato,real_counterfactual_primary,40,p,32,32,,3639701948350799059,20260826,leap_mid_short-rep05,5,1.0,1.0,120,,False,0.75,data/midi/sweep/steps/n120/leap_mid_short-rep05__t-staccato__d-p__s-steps__w-wt10_wc10__n-120.mid,data/model_audio/sweep/leap_mid_short-rep05__t-staccato__d-p__s-steps__w-wt10_wc10__n-120.wav,planned
leap_mid_short-rep06__t-staccato__d-p__s-steps__w-wt10_wc10__n-120,model,VIOLET,sweep_steps,steps,leap_mid_short,leap,mid,short,staccato,real_counterfactual_primary,40,p,32,32,,7464322956482187485,20260826,leap_mid_short-rep06,6,1.0,1.0,120,,False,0.75,data/midi/sweep/steps/n120/leap_mid_short-rep06__t-staccato__d-p__s-steps__w-wt10_wc10__n-120.mid,data/model_audio/sweep/leap_mid_short-rep06__t-staccato__d-p__s-steps__w-wt10_wc10__n-120.wav,planned
leap_mid_short-rep07__t-staccato__d-p__s-steps__w-wt10_wc10__n-120,model,VIOLET,sweep_steps,steps,leap_mid_short,leap,mid,short,staccato,real_counterfactual_primary,40,p,32,32,,2350982861565962733,20260826,leap_mid_short-rep07,7,1.0,1.0,120,,False,0.75,data/midi/sweep/steps/n120/leap_mid_short-rep07__t-staccato__d-p__s-steps__w-wt10_wc10__n-120.mid,data/model_audio/sweep/leap_mid_short-rep07__t-staccato__d-p__s-steps__w-wt10_wc10__n-120.wav,planned
leap_mid_short-rep08__t-staccato__d-p__s-steps__w-wt10_wc10__n-120,model,VIOLET,sweep_steps,steps,leap_mid_short,leap,mid,short,staccato,real_counterfactual_primary,40,p,32,32,,8196000948298052098,20260826,leap_mid_short-rep08,8,1.0,1.0,120,,False,0.75,data/midi/sweep/steps/n120/leap_mid_short-rep08__t-staccato__d-p__s-steps__w-wt10_wc10__n-120.mid,data/model_audio/sweep/leap_mid_short-rep08__t-staccato__d-p__s-steps__w-wt10_wc10__n-120.wav,planned
leap_mid_short-rep01__t-staccato__d-mf__s-steps__w-wt10_wc10__n-120,model,VIOLET,sweep_steps,steps,leap_mid_short,leap,mid,short,staccato,real_counterfactual_primary,40,mf,64,64,,4683260332127149966,20260826,leap_mid_short-rep01,1,1.0,1.0,120,,False,0.75,data/midi/sweep/steps/n120/leap_mid_short-rep01__t-staccato__d-mf__s-steps__w-wt10_wc10__n-120.mid,data/model_audio/sweep/leap_mid_short-rep01__t-staccato__d-mf__s-steps__w-wt10_wc10__n-120.wav,planned
leap_mid_short-rep02__t-staccato__d-mf__s-steps__w-wt10_wc10__n-120,model,VIOLET,sweep_steps,steps,leap_mid_short,leap,mid,short,staccato,real_counterfactual_primary,40,mf,64,64,,2408855762630770811,20260826,leap_mid_short-rep02,2,1.0,1.0,120,,False,0.75,data/midi/sweep/steps/n120/leap_mid_short-rep02__t-staccato__d-mf__s-steps__w-wt10_wc10__n-120.mid,data/model_audio/sweep/leap_mid_short-rep02__t-staccato__d-mf__s-steps__w-wt10_wc10__n-120.wav,planned
leap_mid_short-rep03__t-staccato__d-mf__s-steps__w-wt10_wc10__n-120,model,VIOLET,sweep_steps,steps,leap_mid_short,leap,mid,short,staccato,real_counterfactual_primary,40,mf,64,64,,2925560563385310664,20260826,leap_mid_short-rep03,3,1.0,1.0,120,,False,0.75,data/midi/sweep/steps/n120/leap_mid_short-rep03__t-staccato__d-mf__s-steps__w-wt10_wc10__n-120.mid,data/model_audio/sweep/leap_mid_short-rep03__t-staccato__d-mf__s-steps__w-wt10_wc10__n-120.wav,planned
leap_mid_short-rep04__t-staccato__d-mf__s-steps__w-wt10_wc10__n-120,model,VIOLET,sweep_steps,steps,leap_mid_short,leap,mid,short,staccato,real_counterfactual_primary,40,mf,64,64,,1112767966883838800,20260826,leap_mid_short-rep04,4,1.0,1.0,120,,False,0.75,data/midi/sweep/steps/n120/leap_mid_short-rep04__t-staccato__d-mf__s-steps__w-wt10_wc10__n-120.mid,data/model_audio/sweep/leap_mid_short-rep04__t-staccato__d-mf__s-steps__w-wt10_wc10__n-120.wav,planned
leap_mid_short-rep05__t-staccato__d-mf__s-steps__w-wt10_wc10__n-120,model,VIOLET,sweep_steps,steps,leap_mid_short,leap,mid,short,staccato,real_counterfactual_primary,40,mf,64,64,,3639701948350799059,20260826,leap_mid_short-rep05,5,1.0,1.0,120,,False,0.75,data/midi/sweep/steps/n120/leap_mid_short-rep05__t-staccato__d-mf__s-steps__w-wt10_wc10__n-120.mid,data/model_audio/sweep/leap_mid_short-rep05__t-staccato__d-mf__s-steps__w-wt10_wc10__n-120.wav,planned
leap_mid_short-rep06__t-staccato__d-mf__s-steps__w-wt10_wc10__n-120,model,VIOLET,sweep_steps,steps,leap_mid_short,leap,mid,short,staccato,real_counterfactual_primary,40,mf,64,64,,7464322956482187485,20260826,leap_mid_short-rep06,6,1.0,1.0,120,,False,0.75,data/midi/sweep/steps/n120/leap_mid_short-rep06__t-staccato__d-mf__s-steps__w-wt10_wc10__n-120.mid,data/model_audio/sweep/leap_mid_short-rep06__t-staccato__d-mf__s-steps__w-wt10_wc10__n-120.wav,planned
leap_mid_short-rep07__t-staccato__d-mf__s-steps__w-wt10_wc10__n-120,model,VIOLET,sweep_steps,steps,leap_mid_short,leap,mid,short,staccato,real_counterfactual_primary,40,mf,64,64,,2350982861565962733,20260826,leap_mid_short-rep07,7,1.0,1.0,120,,False,0.75,data/midi/sweep/steps/n120/leap_mid_short-rep07__t-staccato__d-mf__s-steps__w-wt10_wc10__n-120.mid,data/model_audio/sweep/leap_mid_short-rep07__t-staccato__d-mf__s-steps__w-wt10_wc10__n-120.wav,planned
leap_mid_short-rep08__t-staccato__d-mf__s-steps__w-wt10_wc10__n-120,model,VIOLET,sweep_steps,steps,leap_mid_short,leap,mid,short,staccato,real_counterfactual_primary,40,mf,64,64,,8196000948298052098,20260826,leap_mid_short-rep08,8,1.0,1.0,120,,False,0.75,data/midi/sweep/steps/n120/leap_mid_short-rep08__t-staccato__d-mf__s-steps__w-wt10_wc10__n-120.mid,data/model_audio/sweep/leap_mid_short-rep08__t-staccato__d-mf__s-steps__w-wt10_wc10__n-120.wav,planned
leap_mid_short-rep01__t-staccato__d-f__s-steps__w-wt10_wc10__n-120,model,VIOLET,sweep_steps,steps,leap_mid_short,leap,mid,short,staccato,real_counterfactual_primary,40,f,96,96,,4683260332127149966,20260826,leap_mid_short-rep01,1,1.0,1.0,120,,False,0.75,data/midi/sweep/steps/n120/leap_mid_short-rep01__t-staccato__d-f__s-steps__w-wt10_wc10__n-120.mid,data/model_audio/sweep/leap_mid_short-rep01__t-staccato__d-f__s-steps__w-wt10_wc10__n-120.wav,planned
leap_mid_short-rep02__t-staccato__d-f__s-steps__w-wt10_wc10__n-120,model,VIOLET,sweep_steps,steps,leap_mid_short,leap,mid,short,staccato,real_counterfactual_primary,40,f,96,96,,2408855762630770811,20260826,leap_mid_short-rep02,2,1.0,1.0,120,,False,0.75,data/midi/sweep/steps/n120/leap_mid_short-rep02__t-staccato__d-f__s-steps__w-wt10_wc10__n-120.mid,data/model_audio/sweep/leap_mid_short-rep02__t-staccato__d-f__s-steps__w-wt10_wc10__n-120.wav,planned
leap_mid_short-rep03__t-staccato__d-f__s-steps__w-wt10_wc10__n-120,model,VIOLET,sweep_steps,steps,leap_mid_short,leap,mid,short,staccato,real_counterfactual_primary,40,f,96,96,,2925560563385310664,20260826,leap_mid_short-rep03,3,1.0,1.0,120,,False,0.75,data/midi/sweep/steps/n120/leap_mid_short-rep03__t-staccato__d-f__s-steps__w-wt10_wc10__n-120.mid,data/model_audio/sweep/leap_mid_short-rep03__t-staccato__d-f__s-steps__w-wt10_wc10__n-120.wav,planned
leap_mid_short-rep04__t-staccato__d-f__s-steps__w-wt10_wc10__n-120,model,VIOLET,sweep_steps,steps,leap_mid_short,leap,mid,short,staccato,real_counterfactual_primary,40,f,96,96,,1112767966883838800,20260826,leap_mid_short-rep04,4,1.0,1.0,120,,False,0.75,data/midi/sweep/steps/n120/leap_mid_short-rep04__t-staccato__d-f__s-steps__w-wt10_wc10__n-120.mid,data/model_audio/sweep/leap_mid_short-rep04__t-staccato__d-f__s-steps__w-wt10_wc10__n-120.wav,planned
leap_mid_short-rep05__t-staccato__d-f__s-steps__w-wt10_wc10__n-120,model,VIOLET,sweep_steps,steps,leap_mid_short,leap,mid,short,staccato,real_counterfactual_primary,40,f,96,96,,3639701948350799059,20260826,leap_mid_short-rep05,5,1.0,1.0,120,,False,0.75,data/midi/sweep/steps/n120/leap_mid_short-rep05__t-staccato__d-f__s-steps__w-wt10_wc10__n-120.mid,data/model_audio/sweep/leap_mid_short-rep05__t-staccato__d-f__s-steps__w-wt10_wc10__n-120.wav,planned
leap_mid_short-rep06__t-staccato__d-f__s-steps__w-wt10_wc10__n-120,model,VIOLET,sweep_steps,steps,leap_mid_short,leap,mid,short,staccato,real_counterfactual_primary,40,f,96,96,,7464322956482187485,20260826,leap_mid_short-rep06,6,1.0,1.0,120,,False,0.75,data/midi/sweep/steps/n120/leap_mid_short-rep06__t-staccato__d-f__s-steps__w-wt10_wc10__n-120.mid,data/model_audio/sweep/leap_mid_short-rep06__t-staccato__d-f__s-steps__w-wt10_wc10__n-120.wav,planned
leap_mid_short-rep07__t-staccato__d-f__s-steps__w-wt10_wc10__n-120,model,VIOLET,sweep_steps,steps,leap_mid_short,leap,mid,short,staccato,real_counterfactual_primary,40,f,96,96,,2350982861565962733,20260826,leap_mid_short-rep07,7,1.0,1.0,120,,False,0.75,data/midi/sweep/steps/n120/leap_mid_short-rep07__t-staccato__d-f__s-steps__w-wt10_wc10__n-120.mid,data/model_audio/sweep/leap_mid_short-rep07__t-staccato__d-f__s-steps__w-wt10_wc10__n-120.wav,planned
leap_mid_short-rep08__t-staccato__d-f__s-steps__w-wt10_wc10__n-120,model,VIOLET,sweep_steps,steps,leap_mid_short,leap,mid,short,staccato,real_counterfactual_primary,40,f,96,96,,8196000948298052098,20260826,leap_mid_short-rep08,8,1.0,1.0,120,,False,0.75,data/midi/sweep/steps/n120/leap_mid_short-rep08__t-staccato__d-f__s-steps__w-wt10_wc10__n-120.mid,data/model_audio/sweep/leap_mid_short-rep08__t-staccato__d-f__s-steps__w-wt10_wc10__n-120.wav,planned
leap_mid_short-rep01__t-pizzicato__d-p__s-steps__w-wt10_wc10__n-120,model,VIOLET,sweep_steps,steps,leap_mid_short,leap,mid,short,pizzicato,real_counterfactual_primary,43,p,32,32,,4683260332127149966,20260826,leap_mid_short-rep01,1,1.0,1.0,120,,False,0.75,data/midi/sweep/steps/n120/leap_mid_short-rep01__t-pizzicato__d-p__s-steps__w-wt10_wc10__n-120.mid,data/model_audio/sweep/leap_mid_short-rep01__t-pizzicato__d-p__s-steps__w-wt10_wc10__n-120.wav,planned
leap_mid_short-rep02__t-pizzicato__d-p__s-steps__w-wt10_wc10__n-120,model,VIOLET,sweep_steps,steps,leap_mid_short,leap,mid,short,pizzicato,real_counterfactual_primary,43,p,32,32,,2408855762630770811,20260826,leap_mid_short-rep02,2,1.0,1.0,120,,False,0.75,data/midi/sweep/steps/n120/leap_mid_short-rep02__t-pizzicato__d-p__s-steps__w-wt10_wc10__n-120.mid,data/model_audio/sweep/leap_mid_short-rep02__t-pizzicato__d-p__s-steps__w-wt10_wc10__n-120.wav,planned
leap_mid_short-rep03__t-pizzicato__d-p__s-steps__w-wt10_wc10__n-120,model,VIOLET,sweep_steps,steps,leap_mid_short,leap,mid,short,pizzicato,real_counterfactual_primary,43,p,32,32,,2925560563385310664,20260826,leap_mid_short-rep03,3,1.0,1.0,120,,False,0.75,data/midi/sweep/steps/n120/leap_mid_short-rep03__t-pizzicato__d-p__s-steps__w-wt10_wc10__n-120.mid,data/model_audio/sweep/leap_mid_short-rep03__t-pizzicato__d-p__s-steps__w-wt10_wc10__n-120.wav,planned
leap_mid_short-rep04__t-pizzicato__d-p__s-steps__w-wt10_wc10__n-120,model,VIOLET,sweep_steps,steps,leap_mid_short,leap,mid,short,pizzicato,real_counterfactual_primary,43,p,32,32,,1112767966883838800,20260826,leap_mid_short-rep04,4,1.0,1.0,120,,False,0.75,data/midi/sweep/steps/n120/leap_mid_short-rep04__t-pizzicato__d-p__s-steps__w-wt10_wc10__n-120.mid,data/model_audio/sweep/leap_mid_short-rep04__t-pizzicato__d-p__s-steps__w-wt10_wc10__n-120.wav,planned
leap_mid_short-rep05__t-pizzicato__d-p__s-steps__w-wt10_wc10__n-120,model,VIOLET,sweep_steps,steps,leap_mid_short,leap,mid,short,pizzicato,real_counterfactual_primary,43,p,32,32,,3639701948350799059,20260826,leap_mid_short-rep05,5,1.0,1.0,120,,False,0.75,data/midi/sweep/steps/n120/leap_mid_short-rep05__t-pizzicato__d-p__s-steps__w-wt10_wc10__n-120.mid,data/model_audio/sweep/leap_mid_short-rep05__t-pizzicato__d-p__s-steps__w-wt10_wc10__n-120.wav,planned
leap_mid_short-rep06__t-pizzicato__d-p__s-steps__w-wt10_wc10__n-120,model,VIOLET,sweep_steps,steps,leap_mid_short,leap,mid,short,pizzicato,real_counterfactual_primary,43,p,32,32,,7464322956482187485,20260826,leap_mid_short-rep06,6,1.0,1.0,120,,False,0.75,data/midi/sweep/steps/n120/leap_mid_short-rep06__t-pizzicato__d-p__s-steps__w-wt10_wc10__n-120.mid,data/model_audio/sweep/leap_mid_short-rep06__t-pizzicato__d-p__s-steps__w-wt10_wc10__n-120.wav,planned
leap_mid_short-rep07__t-pizzicato__d-p__s-steps__w-wt10_wc10__n-120,model,VIOLET,sweep_steps,steps,leap_mid_short,leap,mid,short,pizzicato,real_counterfactual_primary,43,p,32,32,,2350982861565962733,20260826,leap_mid_short-rep07,7,1.0,1.0,120,,False,0.75,data/midi/sweep/steps/n120/leap_mid_short-rep07__t-pizzicato__d-p__s-steps__w-wt10_wc10__n-120.mid,data/model_audio/sweep/leap_mid_short-rep07__t-pizzicato__d-p__s-steps__w-wt10_wc10__n-120.wav,planned
leap_mid_short-rep08__t-pizzicato__d-p__s-steps__w-wt10_wc10__n-120,model,VIOLET,sweep_steps,steps,leap_mid_short,leap,mid,short,pizzicato,real_counterfactual_primary,43,p,32,32,,8196000948298052098,20260826,leap_mid_short-rep08,8,1.0,1.0,120,,False,0.75,data/midi/sweep/steps/n120/leap_mid_short-rep08__t-pizzicato__d-p__s-steps__w-wt10_wc10__n-120.mid,data/model_audio/sweep/leap_mid_short-rep08__t-pizzicato__d-p__s-steps__w-wt10_wc10__n-120.wav,planned
leap_mid_short-rep01__t-pizzicato__d-mf__s-steps__w-wt10_wc10__n-120,model,VIOLET,sweep_steps,steps,leap_mid_short,leap,mid,short,pizzicato,real_counterfactual_primary,43,mf,64,64,,4683260332127149966,20260826,leap_mid_short-rep01,1,1.0,1.0,120,,False,0.75,data/midi/sweep/steps/n120/leap_mid_short-rep01__t-pizzicato__d-mf__s-steps__w-wt10_wc10__n-120.mid,data/model_audio/sweep/leap_mid_short-rep01__t-pizzicato__d-mf__s-steps__w-wt10_wc10__n-120.wav,planned
leap_mid_short-rep02__t-pizzicato__d-mf__s-steps__w-wt10_wc10__n-120,model,VIOLET,sweep_steps,steps,leap_mid_short,leap,mid,short,pizzicato,real_counterfactual_primary,43,mf,64,64,,2408855762630770811,20260826,leap_mid_short-rep02,2,1.0,1.0,120,,False,0.75,data/midi/sweep/steps/n120/leap_mid_short-rep02__t-pizzicato__d-mf__s-steps__w-wt10_wc10__n-120.mid,data/model_audio/sweep/leap_mid_short-rep02__t-pizzicato__d-mf__s-steps__w-wt10_wc10__n-120.wav,planned
leap_mid_short-rep03__t-pizzicato__d-mf__s-steps__w-wt10_wc10__n-120,model,VIOLET,sweep_steps,steps,leap_mid_short,leap,mid,short,pizzicato,real_counterfactual_primary,43,mf,64,64,,2925560563385310664,20260826,leap_mid_short-rep03,3,1.0,1.0,120,,False,0.75,data/midi/sweep/steps/n120/leap_mid_short-rep03__t-pizzicato__d-mf__s-steps__w-wt10_wc10__n-120.mid,data/model_audio/sweep/leap_mid_short-rep03__t-pizzicato__d-mf__s-steps__w-wt10_wc10__n-120.wav,planned
leap_mid_short-rep04__t-pizzicato__d-mf__s-steps__w-wt10_wc10__n-120,model,VIOLET,sweep_steps,steps,leap_mid_short,leap,mid,short,pizzicato,real_counterfactual_primary,43,mf,64,64,,1112767966883838800,20260826,leap_mid_short-rep04,4,1.0,1.0,120,,False,0.75,data/midi/sweep/steps/n120/leap_mid_short-rep04__t-pizzicato__d-mf__s-steps__w-wt10_wc10__n-120.mid,data/model_audio/sweep/leap_mid_short-rep04__t-pizzicato__d-mf__s-steps__w-wt10_wc10__n-120.wav,planned
leap_mid_short-rep05__t-pizzicato__d-mf__s-steps__w-wt10_wc10__n-120,model,VIOLET,sweep_steps,steps,leap_mid_short,leap,mid,short,pizzicato,real_counterfactual_primary,43,mf,64,64,,3639701948350799059,20260826,leap_mid_short-rep05,5,1.0,1.0,120,,False,0.75,data/midi/sweep/steps/n120/leap_mid_short-rep05__t-pizzicato__d-mf__s-steps__w-wt10_wc10__n-120.mid,data/model_audio/sweep/leap_mid_short-rep05__t-pizzicato__d-mf__s-steps__w-wt10_wc10__n-120.wav,planned
leap_mid_short-rep06__t-pizzicato__d-mf__s-steps__w-wt10_wc10__n-120,model,VIOLET,sweep_steps,steps,leap_mid_short,leap,mid,short,pizzicato,real_counterfactual_primary,43,mf,64,64,,7464322956482187485,20260826,leap_mid_short-rep06,6,1.0,1.0,120,,False,0.75,data/midi/sweep/steps/n120/leap_mid_short-rep06__t-pizzicato__d-mf__s-steps__w-wt10_wc10__n-120.mid,data/model_audio/sweep/leap_mid_short-rep06__t-pizzicato__d-mf__s-steps__w-wt10_wc10__n-120.wav,planned
leap_mid_short-rep07__t-pizzicato__d-mf__s-steps__w-wt10_wc10__n-120,model,VIOLET,sweep_steps,steps,leap_mid_short,leap,mid,short,pizzicato,real_counterfactual_primary,43,mf,64,64,,2350982861565962733,20260826,leap_mid_short-rep07,7,1.0,1.0,120,,False,0.75,data/midi/sweep/steps/n120/leap_mid_short-rep07__t-pizzicato__d-mf__s-steps__w-wt10_wc10__n-120.mid,data/model_audio/sweep/leap_mid_short-rep07__t-pizzicato__d-mf__s-steps__w-wt10_wc10__n-120.wav,planned
leap_mid_short-rep08__t-pizzicato__d-mf__s-steps__w-wt10_wc10__n-120,model,VIOLET,sweep_steps,steps,leap_mid_short,leap,mid,short,pizzicato,real_counterfactual_primary,43,mf,64,64,,8196000948298052098,20260826,leap_mid_short-rep08,8,1.0,1.0,120,,False,0.75,data/midi/sweep/steps/n120/leap_mid_short-rep08__t-pizzicato__d-mf__s-steps__w-wt10_wc10__n-120.mid,data/model_audio/sweep/leap_mid_short-rep08__t-pizzicato__d-mf__s-steps__w-wt10_wc10__n-120.wav,planned
leap_mid_short-rep01__t-pizzicato__d-f__s-steps__w-wt10_wc10__n-120,model,VIOLET,sweep_steps,steps,leap_mid_short,leap,mid,short,pizzicato,real_counterfactual_primary,43,f,96,96,,4683260332127149966,20260826,leap_mid_short-rep01,1,1.0,1.0,120,,False,0.75,data/midi/sweep/steps/n120/leap_mid_short-rep01__t-pizzicato__d-f__s-steps__w-wt10_wc10__n-120.mid,data/model_audio/sweep/leap_mid_short-rep01__t-pizzicato__d-f__s-steps__w-wt10_wc10__n-120.wav,planned
leap_mid_short-rep02__t-pizzicato__d-f__s-steps__w-wt10_wc10__n-120,model,VIOLET,sweep_steps,steps,leap_mid_short,leap,mid,short,pizzicato,real_counterfactual_primary,43,f,96,96,,2408855762630770811,20260826,leap_mid_short-rep02,2,1.0,1.0,120,,False,0.75,data/midi/sweep/steps/n120/leap_mid_short-rep02__t-pizzicato__d-f__s-steps__w-wt10_wc10__n-120.mid,data/model_audio/sweep/leap_mid_short-rep02__t-pizzicato__d-f__s-steps__w-wt10_wc10__n-120.wav,planned
leap_mid_short-rep03__t-pizzicato__d-f__s-steps__w-wt10_wc10__n-120,model,VIOLET,sweep_steps,steps,leap_mid_short,leap,mid,short,pizzicato,real_counterfactual_primary,43,f,96,96,,2925560563385310664,20260826,leap_mid_short-rep03,3,1.0,1.0,120,,False,0.75,data/midi/sweep/steps/n120/leap_mid_short-rep03__t-pizzicato__d-f__s-steps__w-wt10_wc10__n-120.mid,data/model_audio/sweep/leap_mid_short-rep03__t-pizzicato__d-f__s-steps__w-wt10_wc10__n-120.wav,planned
leap_mid_short-rep04__t-pizzicato__d-f__s-steps__w-wt10_wc10__n-120,model,VIOLET,sweep_steps,steps,leap_mid_short,leap,mid,short,pizzicato,real_counterfactual_primary,43,f,96,96,,1112767966883838800,20260826,leap_mid_short-rep04,4,1.0,1.0,120,,False,0.75,data/midi/sweep/steps/n120/leap_mid_short-rep04__t-pizzicato__d-f__s-steps__w-wt10_wc10__n-120.mid,data/model_audio/sweep/leap_mid_short-rep04__t-pizzicato__d-f__s-steps__w-wt10_wc10__n-120.wav,planned
leap_mid_short-rep05__t-pizzicato__d-f__s-steps__w-wt10_wc10__n-120,model,VIOLET,sweep_steps,steps,leap_mid_short,leap,mid,short,pizzicato,real_counterfactual_primary,43,f,96,96,,3639701948350799059,20260826,leap_mid_short-rep05,5,1.0,1.0,120,,False,0.75,data/midi/sweep/steps/n120/leap_mid_short-rep05__t-pizzicato__d-f__s-steps__w-wt10_wc10__n-120.mid,data/model_audio/sweep/leap_mid_short-rep05__t-pizzicato__d-f__s-steps__w-wt10_wc10__n-120.wav,planned
leap_mid_short-rep06__t-pizzicato__d-f__s-steps__w-wt10_wc10__n-120,model,VIOLET,sweep_steps,steps,leap_mid_short,leap,mid,short,pizzicato,real_counterfactual_primary,43,f,96,96,,7464322956482187485,20260826,leap_mid_short-rep06,6,1.0,1.0,120,,False,0.75,data/midi/sweep/steps/n120/leap_mid_short-rep06__t-pizzicato__d-f__s-steps__w-wt10_wc10__n-120.mid,data/model_audio/sweep/leap_mid_short-rep06__t-pizzicato__d-f__s-steps__w-wt10_wc10__n-120.wav,planned
leap_mid_short-rep07__t-pizzicato__d-f__s-steps__w-wt10_wc10__n-120,model,VIOLET,sweep_steps,steps,leap_mid_short,leap,mid,short,pizzicato,real_counterfactual_primary,43,f,96,96,,2350982861565962733,20260826,leap_mid_short-rep07,7,1.0,1.0,120,,False,0.75,data/midi/sweep/steps/n120/leap_mid_short-rep07__t-pizzicato__d-f__s-steps__w-wt10_wc10__n-120.mid,data/model_audio/sweep/leap_mid_short-rep07__t-pizzicato__d-f__s-steps__w-wt10_wc10__n-120.wav,planned
leap_mid_short-rep08__t-pizzicato__d-f__s-steps__w-wt10_wc10__n-120,model,VIOLET,sweep_steps,steps,leap_mid_short,leap,mid,short,pizzicato,real_counterfactual_primary,43,f,96,96,,8196000948298052098,20260826,leap_mid_short-rep08,8,1.0,1.0,120,,False,0.75,data/midi/sweep/steps/n120/leap_mid_short-rep08__t-pizzicato__d-f__s-steps__w-wt10_wc10__n-120.mid,data/model_audio/sweep/leap_mid_short-rep08__t-pizzicato__d-f__s-steps__w-wt10_wc10__n-120.wav,planned
leap_mid_short-rep01__t-legato_slur__d-p__s-steps__w-wt10_wc10__n-120,model,VIOLET,sweep_steps,steps,leap_mid_short,leap,mid,short,legato_slur,real_counterfactual_primary,49,p,32,32,,4683260332127149966,20260826,leap_mid_short-rep01,1,1.0,1.0,120,,False,0.75,data/midi/sweep/steps/n120/leap_mid_short-rep01__t-legato_slur__d-p__s-steps__w-wt10_wc10__n-120.mid,data/model_audio/sweep/leap_mid_short-rep01__t-legato_slur__d-p__s-steps__w-wt10_wc10__n-120.wav,planned
leap_mid_short-rep02__t-legato_slur__d-p__s-steps__w-wt10_wc10__n-120,model,VIOLET,sweep_steps,steps,leap_mid_short,leap,mid,short,legato_slur,real_counterfactual_primary,49,p,32,32,,2408855762630770811,20260826,leap_mid_short-rep02,2,1.0,1.0,120,,False,0.75,data/midi/sweep/steps/n120/leap_mid_short-rep02__t-legato_slur__d-p__s-steps__w-wt10_wc10__n-120.mid,data/model_audio/sweep/leap_mid_short-rep02__t-legato_slur__d-p__s-steps__w-wt10_wc10__n-120.wav,planned
leap_mid_short-rep03__t-legato_slur__d-p__s-steps__w-wt10_wc10__n-120,model,VIOLET,sweep_steps,steps,leap_mid_short,leap,mid,short,legato_slur,real_counterfactual_primary,49,p,32,32,,2925560563385310664,20260826,leap_mid_short-rep03,3,1.0,1.0,120,,False,0.75,data/midi/sweep/steps/n120/leap_mid_short-rep03__t-legato_slur__d-p__s-steps__w-wt10_wc10__n-120.mid,data/model_audio/sweep/leap_mid_short-rep03__t-legato_slur__d-p__s-steps__w-wt10_wc10__n-120.wav,planned
leap_mid_short-rep04__t-legato_slur__d-p__s-steps__w-wt10_wc10__n-120,model,VIOLET,sweep_steps,steps,leap_mid_short,leap,mid,short,legato_slur,real_counterfactual_primary,49,p,32,32,,1112767966883838800,20260826,leap_mid_short-rep04,4,1.0,1.0,120,,False,0.75,data/midi/sweep/steps/n120/leap_mid_short-rep04__t-legato_slur__d-p__s-steps__w-wt10_wc10__n-120.mid,data/model_audio/sweep/leap_mid_short-rep04__t-legato_slur__d-p__s-steps__w-wt10_wc10__n-120.wav,planned
leap_mid_short-rep05__t-legato_slur__d-p__s-steps__w-wt10_wc10__n-120,model,VIOLET,sweep_steps,steps,leap_mid_short,leap,mid,short,legato_slur,real_counterfactual_primary,49,p,32,32,,3639701948350799059,20260826,leap_mid_short-rep05,5,1.0,1.0,120,,False,0.75,data/midi/sweep/steps/n120/leap_mid_short-rep05__t-legato_slur__d-p__s-steps__w-wt10_wc10__n-120.mid,data/model_audio/sweep/leap_mid_short-rep05__t-legato_slur__d-p__s-steps__w-wt10_wc10__n-120.wav,planned
leap_mid_short-rep06__t-legato_slur__d-p__s-steps__w-wt10_wc10__n-120,model,VIOLET,sweep_steps,steps,leap_mid_short,leap,mid,short,legato_slur,real_counterfactual_primary,49,p,32,32,,7464322956482187485,20260826,leap_mid_short-rep06,6,1.0,1.0,120,,False,0.75,data/midi/sweep/steps/n120/leap_mid_short-rep06__t-legato_slur__d-p__s-steps__w-wt10_wc10__n-120.mid,data/model_audio/sweep/leap_mid_short-rep06__t-legato_slur__d-p__s-steps__w-wt10_wc10__n-120.wav,planned
leap_mid_short-rep07__t-legato_slur__d-p__s-steps__w-wt10_wc10__n-120,model,VIOLET,sweep_steps,steps,leap_mid_short,leap,mid,short,legato_slur,real_counterfactual_primary,49,p,32,32,,2350982861565962733,20260826,leap_mid_short-rep07,7,1.0,1.0,120,,False,0.75,data/midi/sweep/steps/n120/leap_mid_short-rep07__t-legato_slur__d-p__s-steps__w-wt10_wc10__n-120.mid,data/model_audio/sweep/leap_mid_short-rep07__t-legato_slur__d-p__s-steps__w-wt10_wc10__n-120.wav,planned
leap_mid_short-rep08__t-legato_slur__d-p__s-steps__w-wt10_wc10__n-120,model,VIOLET,sweep_steps,steps,leap_mid_short,leap,mid,short,legato_slur,real_counterfactual_primary,49,p,32,32,,8196000948298052098,20260826,leap_mid_short-rep08,8,1.0,1.0,120,,False,0.75,data/midi/sweep/steps/n120/leap_mid_short-rep08__t-legato_slur__d-p__s-steps__w-wt10_wc10__n-120.mid,data/model_audio/sweep/leap_mid_short-rep08__t-legato_slur__d-p__s-steps__w-wt10_wc10__n-120.wav,planned
leap_mid_short-rep01__t-legato_slur__d-mf__s-steps__w-wt10_wc10__n-120,model,VIOLET,sweep_steps,steps,leap_mid_short,leap,mid,short,legato_slur,real_counterfactual_primary,49,mf,64,64,,4683260332127149966,20260826,leap_mid_short-rep01,1,1.0,1.0,120,,False,0.75,data/midi/sweep/steps/n120/leap_mid_short-rep01__t-legato_slur__d-mf__s-steps__w-wt10_wc10__n-120.mid,data/model_audio/sweep/leap_mid_short-rep01__t-legato_slur__d-mf__s-steps__w-wt10_wc10__n-120.wav,planned
leap_mid_short-rep02__t-legato_slur__d-mf__s-steps__w-wt10_wc10__n-120,model,VIOLET,sweep_steps,steps,leap_mid_short,leap,mid,short,legato_slur,real_counterfactual_primary,49,mf,64,64,,2408855762630770811,20260826,leap_mid_short-rep02,2,1.0,1.0,120,,False,0.75,data/midi/sweep/steps/n120/leap_mid_short-rep02__t-legato_slur__d-mf__s-steps__w-wt10_wc10__n-120.mid,data/model_audio/sweep/leap_mid_short-rep02__t-legato_slur__d-mf__s-steps__w-wt10_wc10__n-120.wav,planned
leap_mid_short-rep03__t-legato_slur__d-mf__s-steps__w-wt10_wc10__n-120,model,VIOLET,sweep_steps,steps,leap_mid_short,leap,mid,short,legato_slur,real_counterfactual_primary,49,mf,64,64,,2925560563385310664,20260826,leap_mid_short-rep03,3,1.0,1.0,120,,False,0.75,data/midi/sweep/steps/n120/leap_mid_short-rep03__t-legato_slur__d-mf__s-steps__w-wt10_wc10__n-120.mid,data/model_audio/sweep/leap_mid_short-rep03__t-legato_slur__d-mf__s-steps__w-wt10_wc10__n-120.wav,planned
leap_mid_short-rep04__t-legato_slur__d-mf__s-steps__w-wt10_wc10__n-120,model,VIOLET,sweep_steps,steps,leap_mid_short,leap,mid,short,legato_slur,real_counterfactual_primary,49,mf,64,64,,1112767966883838800,20260826,leap_mid_short-rep04,4,1.0,1.0,120,,False,0.75,data/midi/sweep/steps/n120/leap_mid_short-rep04__t-legato_slur__d-mf__s-steps__w-wt10_wc10__n-120.mid,data/model_audio/sweep/leap_mid_short-rep04__t-legato_slur__d-mf__s-steps__w-wt10_wc10__n-120.wav,planned
leap_mid_short-rep05__t-legato_slur__d-mf__s-steps__w-wt10_wc10__n-120,model,VIOLET,sweep_steps,steps,leap_mid_short,leap,mid,short,legato_slur,real_counterfactual_primary,49,mf,64,64,,3639701948350799059,20260826,leap_mid_short-rep05,5,1.0,1.0,120,,False,0.75,data/midi/sweep/steps/n120/leap_mid_short-rep05__t-legato_slur__d-mf__s-steps__w-wt10_wc10__n-120.mid,data/model_audio/sweep/leap_mid_short-rep05__t-legato_slur__d-mf__s-steps__w-wt10_wc10__n-120.wav,planned
leap_mid_short-rep06__t-legato_slur__d-mf__s-steps__w-wt10_wc10__n-120,model,VIOLET,sweep_steps,steps,leap_mid_short,leap,mid,short,legato_slur,real_counterfactual_primary,49,mf,64,64,,7464322956482187485,20260826,leap_mid_short-rep06,6,1.0,1.0,120,,False,0.75,data/midi/sweep/steps/n120/leap_mid_short-rep06__t-legato_slur__d-mf__s-steps__w-wt10_wc10__n-120.mid,data/model_audio/sweep/leap_mid_short-rep06__t-legato_slur__d-mf__s-steps__w-wt10_wc10__n-120.wav,planned
leap_mid_short-rep07__t-legato_slur__d-mf__s-steps__w-wt10_wc10__n-120,model,VIOLET,sweep_steps,steps,leap_mid_short,leap,mid,short,legato_slur,real_counterfactual_primary,49,mf,64,64,,2350982861565962733,20260826,leap_mid_short-rep07,7,1.0,1.0,120,,False,0.75,data/midi/sweep/steps/n120/leap_mid_short-rep07__t-legato_slur__d-mf__s-steps__w-wt10_wc10__n-120.mid,data/model_audio/sweep/leap_mid_short-rep07__t-legato_slur__d-mf__s-steps__w-wt10_wc10__n-120.wav,planned
leap_mid_short-rep08__t-legato_slur__d-mf__s-steps__w-wt10_wc10__n-120,model,VIOLET,sweep_steps,steps,leap_mid_short,leap,mid,short,legato_slur,real_counterfactual_primary,49,mf,64,64,,8196000948298052098,20260826,leap_mid_short-rep08,8,1.0,1.0,120,,False,0.75,data/midi/sweep/steps/n120/leap_mid_short-rep08__t-legato_slur__d-mf__s-steps__w-wt10_wc10__n-120.mid,data/model_audio/sweep/leap_mid_short-rep08__t-legato_slur__d-mf__s-steps__w-wt10_wc10__n-120.wav,planned
leap_mid_short-rep01__t-legato_slur__d-f__s-steps__w-wt10_wc10__n-120,model,VIOLET,sweep_steps,steps,leap_mid_short,leap,mid,short,legato_slur,real_counterfactual_primary,49,f,96,96,,4683260332127149966,20260826,leap_mid_short-rep01,1,1.0,1.0,120,,False,0.75,data/midi/sweep/steps/n120/leap_mid_short-rep01__t-legato_slur__d-f__s-steps__w-wt10_wc10__n-120.mid,data/model_audio/sweep/leap_mid_short-rep01__t-legato_slur__d-f__s-steps__w-wt10_wc10__n-120.wav,planned
leap_mid_short-rep02__t-legato_slur__d-f__s-steps__w-wt10_wc10__n-120,model,VIOLET,sweep_steps,steps,leap_mid_short,leap,mid,short,legato_slur,real_counterfactual_primary,49,f,96,96,,2408855762630770811,20260826,leap_mid_short-rep02,2,1.0,1.0,120,,False,0.75,data/midi/sweep/steps/n120/leap_mid_short-rep02__t-legato_slur__d-f__s-steps__w-wt10_wc10__n-120.mid,data/model_audio/sweep/leap_mid_short-rep02__t-legato_slur__d-f__s-steps__w-wt10_wc10__n-120.wav,planned
leap_mid_short-rep03__t-legato_slur__d-f__s-steps__w-wt10_wc10__n-120,model,VIOLET,sweep_steps,steps,leap_mid_short,leap,mid,short,legato_slur,real_counterfactual_primary,49,f,96,96,,2925560563385310664,20260826,leap_mid_short-rep03,3,1.0,1.0,120,,False,0.75,data/midi/sweep/steps/n120/leap_mid_short-rep03__t-legato_slur__d-f__s-steps__w-wt10_wc10__n-120.mid,data/model_audio/sweep/leap_mid_short-rep03__t-legato_slur__d-f__s-steps__w-wt10_wc10__n-120.wav,planned
leap_mid_short-rep04__t-legato_slur__d-f__s-steps__w-wt10_wc10__n-120,model,VIOLET,sweep_steps,steps,leap_mid_short,leap,mid,short,legato_slur,real_counterfactual_primary,49,f,96,96,,1112767966883838800,20260826,leap_mid_short-rep04,4,1.0,1.0,120,,False,0.75,data/midi/sweep/steps/n120/leap_mid_short-rep04__t-legato_slur__d-f__s-steps__w-wt10_wc10__n-120.mid,data/model_audio/sweep/leap_mid_short-rep04__t-legato_slur__d-f__s-steps__w-wt10_wc10__n-120.wav,planned
leap_mid_short-rep05__t-legato_slur__d-f__s-steps__w-wt10_wc10__n-120,model,VIOLET,sweep_steps,steps,leap_mid_short,leap,mid,short,legato_slur,real_counterfactual_primary,49,f,96,96,,3639701948350799059,20260826,leap_mid_short-rep05,5,1.0,1.0,120,,False,0.75,data/midi/sweep/steps/n120/leap_mid_short-rep05__t-legato_slur__d-f__s-steps__w-wt10_wc10__n-120.mid,data/model_audio/sweep/leap_mid_short-rep05__t-legato_slur__d-f__s-steps__w-wt10_wc10__n-120.wav,planned
leap_mid_short-rep06__t-legato_slur__d-f__s-steps__w-wt10_wc10__n-120,model,VIOLET,sweep_steps,steps,leap_mid_short,leap,mid,short,legato_slur,real_counterfactual_primary,49,f,96,96,,7464322956482187485,20260826,leap_mid_short-rep06,6,1.0,1.0,120,,False,0.75,data/midi/sweep/steps/n120/leap_mid_short-rep06__t-legato_slur__d-f__s-steps__w-wt10_wc10__n-120.mid,data/model_audio/sweep/leap_mid_short-rep06__t-legato_slur__d-f__s-steps__w-wt10_wc10__n-120.wav,planned
leap_mid_short-rep07__t-legato_slur__d-f__s-steps__w-wt10_wc10__n-120,model,VIOLET,sweep_steps,steps,leap_mid_short,leap,mid,short,legato_slur,real_counterfactual_primary,49,f,96,96,,2350982861565962733,20260826,leap_mid_short-rep07,7,1.0,1.0,120,,False,0.75,data/midi/sweep/steps/n120/leap_mid_short-rep07__t-legato_slur__d-f__s-steps__w-wt10_wc10__n-120.mid,data/model_audio/sweep/leap_mid_short-rep07__t-legato_slur__d-f__s-steps__w-wt10_wc10__n-120.wav,planned
leap_mid_short-rep08__t-legato_slur__d-f__s-steps__w-wt10_wc10__n-120,model,VIOLET,sweep_steps,steps,leap_mid_short,leap,mid,short,legato_slur,real_counterfactual_primary,49,f,96,96,,8196000948298052098,20260826,leap_mid_short-rep08,8,1.0,1.0,120,,False,0.75,data/midi/sweep/steps/n120/leap_mid_short-rep08__t-legato_slur__d-f__s-steps__w-wt10_wc10__n-120.mid,data/model_audio/sweep/leap_mid_short-rep08__t-legato_slur__d-f__s-steps__w-wt10_wc10__n-120.wav,planned
